month,fy,product_id,product_name,category,warehouse,opening_stock,stock_received,stock_sold,damaged_in_transit,closing_stock,transit_damage_pct,stockout_days,reorder_triggered,supplier_lead_days,po_raised,cost_of_goods_inr,holding_cost_inr,is_peak_month
Apr-2022,FY23,PL001,Monstera Deliciosa,Live Plants,Mumbai Hub,938,573,747,66,698,8.84,0,No,13,No,104580,1465,No
Apr-2022,FY23,PL002,Peace Lily,Live Plants,Talegaon Main (Pune),1603,531,541,47,1546,8.69,0,No,8,No,48690,2087,No
Apr-2022,FY23,PL003,Snake Plant (Sansevieria),Live Plants,Talegaon Main (Pune),2451,623,549,42,2483,7.65,0,No,10,No,54900,3724,No
Apr-2022,FY23,PL004,Fiddle Leaf Fig,Live Plants,Hyderabad Spoke,807,635,322,13,1107,4.04,0,No,4,No,96600,4981,No
Apr-2022,FY23,PL005,Golden Pothos,Live Plants,Hyderabad Spoke,2333,234,177,9,2381,5.08,0,No,9,No,10620,2142,No
Apr-2022,FY23,PL006,ZZ Plant,Live Plants,Bengaluru Hub,1714,182,528,30,1338,5.68,0,No,4,No,84480,3211,No
Apr-2022,FY23,PL007,Spider Plant,Live Plants,Hyderabad Spoke,723,122,808,47,0,5.82,5,Yes,8,Yes,60600,0,No
Apr-2022,FY23,PL008,Money Plant (Epipremnum),Live Plants,Talegaon Main (Pune),2466,277,888,32,1823,3.6,0,No,13,No,44400,1367,No
Apr-2022,FY23,PL009,Rubber Plant,Live Plants,Hyderabad Spoke,717,588,417,20,868,4.8,0,No,4,No,75060,2343,No
Apr-2022,FY23,PL010,Aglaonema Red,Live Plants,Delhi Hub,887,338,213,11,1001,5.16,0,No,11,No,44730,3153,No
Apr-2022,FY23,PL011,Rose – Red (Grafted),Live Plants,Delhi Hub,1594,703,167,13,2117,7.78,0,No,8,No,21710,4128,No
Apr-2022,FY23,PL012,Hibiscus – Pink,Live Plants,Bengaluru Hub,997,408,371,19,1015,5.12,0,No,6,No,40810,1674,No
Apr-2022,FY23,PL013,Bougainvillea,Live Plants,Hyderabad Spoke,2387,809,782,55,2359,7.03,0,No,6,No,89930,4069,No
Apr-2022,FY23,PL014,Ixora,Live Plants,Bengaluru Hub,1683,244,389,30,1508,7.71,0,No,9,No,33065,1922,No
Apr-2022,FY23,PL015,Marigold Seedling,Live Plants,Talegaon Main (Pune),1215,541,240,8,1508,3.33,0,No,3,No,9600,904,No
Apr-2022,FY23,PL016,Aloe Vera,Live Plants,Mumbai Hub,2294,211,652,48,1805,7.36,0,No,3,No,52160,2166,No
Apr-2022,FY23,PL017,Cactus Mix (3 pack),Live Plants,Mumbai Hub,1334,878,238,21,1953,8.82,0,No,4,No,15470,1904,No
Apr-2022,FY23,PL018,Echeveria Set of 3,Live Plants,Delhi Hub,2398,1137,737,43,2755,5.83,0,No,10,No,70015,3925,No
Apr-2022,FY23,PL019,Areca Palm,Live Plants,Bengaluru Hub,797,943,321,11,1408,3.43,0,No,8,No,80250,5280,No
Apr-2022,FY23,PL020,Bamboo Palm,Live Plants,Delhi Hub,2435,1087,417,20,3085,4.8,0,No,5,No,112590,12494,No
Apr-2022,FY23,SD001,Cherry Tomato Seeds,Seeds,Talegaon Main (Pune),2437,394,370,3,2458,0.81,0,No,11,No,6660,663,No
Apr-2022,FY23,SD002,Spinach Seeds (50g),Seeds,Delhi Hub,1966,282,585,1,1662,0.17,0,No,10,No,8190,349,No
Apr-2022,FY23,SD003,Coriander Seeds (50g),Seeds,Hyderabad Spoke,1269,1200,117,1,2351,0.85,0,No,3,No,1404,423,No
Apr-2022,FY23,SD004,Chilli Hybrid Seeds,Seeds,Mumbai Hub,354,750,805,5,294,0.62,0,No,8,No,17710,97,No
Apr-2022,FY23,SD005,Marigold Seeds,Seeds,Hyderabad Spoke,2185,731,520,3,2393,0.58,0,No,7,No,8320,574,No
Apr-2022,FY23,SD006,Sunflower Seeds,Seeds,Delhi Hub,225,803,558,3,467,0.54,0,No,4,No,11160,140,No
Apr-2022,FY23,SD007,Petunia Seeds,Seeds,Bengaluru Hub,1435,763,153,1,2044,0.65,0,No,10,No,4284,858,No
Apr-2022,FY23,SD008,Methi Seeds (100g),Seeds,Talegaon Main (Pune),1692,300,726,3,1263,0.41,0,No,10,No,7260,189,No
Apr-2022,FY23,SD009,Basil Seeds,Seeds,Bengaluru Hub,1362,1177,795,1,1743,0.13,0,No,3,No,11925,392,No
Apr-2022,FY23,PT001,Ceramic Pot 5 inch – White,Pots & Planters,Talegaon Main (Pune),2208,357,526,3,2036,0.57,0,No,12,No,55230,3206,No
Apr-2022,FY23,PT002,Ceramic Pot 6 inch – Terracotta look,Pots & Planters,Delhi Hub,1475,388,874,1,988,0.11,0,No,4,No,117990,2000,No
Apr-2022,FY23,PT003,Ceramic Pot 8 inch – Matte Black,Pots & Planters,Delhi Hub,1227,787,763,1,1250,0.13,0,No,9,No,160230,3937,No
Apr-2022,FY23,PT004,Classic Terracotta 6in,Pots & Planters,Hyderabad Spoke,1626,373,89,0,1910,0.0,0,No,8,No,6230,2005,No
Apr-2022,FY23,PT005,Self-Watering Pot 7in,Pots & Planters,Hyderabad Spoke,2488,822,342,3,2965,0.88,0,No,8,No,82080,10674,No
Apr-2022,FY23,PT006,Hanging Basket Planter,Pots & Planters,Hyderabad Spoke,1041,922,664,3,1296,0.45,0,No,4,No,109560,3207,No
Apr-2022,FY23,PT007,Vertical Wall Planter (5 pocket),Pots & Planters,Hyderabad Spoke,1853,277,190,2,1938,1.05,0,No,6,No,74100,11337,No
Apr-2022,FY23,PT008,Nursery Grow Bags (5 pack),Pots & Planters,Mumbai Hub,474,972,443,3,1000,0.68,0,No,9,No,35440,1200,No
Apr-2022,FY23,FR001,Ugaoo NPK 19-19-19 (500g),Fertilisers,Bengaluru Hub,1624,508,113,5,2014,4.42,0,No,14,No,10735,2869,No
Apr-2022,FY23,FR002,Organic Vermicompost (2kg),Fertilisers,Hyderabad Spoke,1331,368,402,1,1296,0.25,0,No,7,No,44220,2138,No
Apr-2022,FY23,FR003,Seaweed Liquid Fertiliser,Fertilisers,Bengaluru Hub,983,1176,882,2,1275,0.23,0,No,6,No,70560,1530,No
Apr-2022,FY23,FR004,Bone Meal Fertiliser (500g),Fertilisers,Bengaluru Hub,418,905,122,5,1196,4.1,0,No,11,No,12200,1794,No
Apr-2022,FY23,FR005,Plant Tonic – Rooting Hormone,Fertilisers,Delhi Hub,1692,982,235,2,2437,0.85,0,No,5,No,16450,2558,No
Apr-2022,FY23,TL001,Garden Pruner – Stainless,Tools,Bengaluru Hub,310,128,428,5,5,1.17,0,Yes,9,Yes,62060,10,No
Apr-2022,FY23,TL002,Watering Can 2L,Tools,Hyderabad Spoke,2424,463,508,1,2378,0.2,0,No,9,No,48260,3388,No
Apr-2022,FY23,TL003,Premium Potting Mix 5kg,Tools,Hyderabad Spoke,2212,141,801,3,1549,0.37,0,No,9,No,104130,3020,No
Apr-2022,FY23,TL004,Pebbles Decorative 500g,Tools,Mumbai Hub,1397,853,671,3,1576,0.45,0,No,10,No,36905,1300,No
Apr-2022,FY23,TL005,Moisture Meter,Tools,Bengaluru Hub,2136,424,127,1,2432,0.79,0,No,11,No,25400,7296,No
Apr-2022,FY23,GF001,Green Starter Kit,Gifting,Hyderabad Spoke,2061,312,411,3,1959,0.73,0,No,14,No,152070,10872,No
Apr-2022,FY23,GF002,Plant Parent Gift Box,Gifting,Mumbai Hub,1895,840,762,2,1971,0.26,0,No,14,No,502920,19512,No
Apr-2022,FY23,GF003,Festive Diwali Plant Hamper,Gifting,Hyderabad Spoke,1861,1109,618,2,2350,0.32,0,No,3,No,679800,38775,No
Apr-2022,FY23,GF004,Corporate Desk Plant Set,Gifting,Talegaon Main (Pune),1616,756,231,4,2137,1.73,0,No,10,No,124740,17309,No
Apr-2022,FY23,GF005,Anniversary Succulent Box,Gifting,Hyderabad Spoke,278,359,627,3,7,0.48,2,Yes,14,Yes,269610,45,No
May-2022,FY23,PL001,Monstera Deliciosa,Live Plants,Delhi Hub,2104,225,601,24,1704,3.99,0,No,7,No,84140,3578,No
May-2022,FY23,PL002,Peace Lily,Live Plants,Delhi Hub,2298,645,734,45,2164,6.13,0,No,5,No,66060,2921,No
May-2022,FY23,PL003,Snake Plant (Sansevieria),Live Plants,Bengaluru Hub,1838,637,744,62,1669,8.33,0,No,9,No,74400,2503,No
May-2022,FY23,PL004,Fiddle Leaf Fig,Live Plants,Bengaluru Hub,351,515,273,23,570,8.42,0,No,9,No,81900,2565,No
May-2022,FY23,PL005,Golden Pothos,Live Plants,Mumbai Hub,1745,666,530,48,1833,9.06,0,No,5,No,31800,1649,No
May-2022,FY23,PL006,ZZ Plant,Live Plants,Mumbai Hub,1986,1025,366,29,2616,7.92,0,No,6,No,58560,6278,No
May-2022,FY23,PL007,Spider Plant,Live Plants,Talegaon Main (Pune),2349,1051,230,19,3151,8.26,0,No,5,No,17250,3544,No
May-2022,FY23,PL008,Money Plant (Epipremnum),Live Plants,Talegaon Main (Pune),2382,183,611,45,1909,7.36,0,No,11,No,30550,1431,No
May-2022,FY23,PL009,Rubber Plant,Live Plants,Bengaluru Hub,1356,845,583,47,1571,8.06,0,No,11,No,104940,4241,No
May-2022,FY23,PL010,Aglaonema Red,Live Plants,Bengaluru Hub,705,1152,722,60,1075,8.31,0,No,5,No,151620,3386,No
May-2022,FY23,PL011,Rose – Red (Grafted),Live Plants,Hyderabad Spoke,1941,283,717,64,1443,8.93,0,No,14,No,93210,2813,No
May-2022,FY23,PL012,Hibiscus – Pink,Live Plants,Delhi Hub,372,152,218,9,297,4.13,0,No,12,No,23980,490,No
May-2022,FY23,PL013,Bougainvillea,Live Plants,Talegaon Main (Pune),1017,456,492,29,952,5.89,0,No,14,No,56580,1642,No
May-2022,FY23,PL014,Ixora,Live Plants,Mumbai Hub,2064,526,391,29,2170,7.42,0,No,6,No,33235,2766,No
May-2022,FY23,PL015,Marigold Seedling,Live Plants,Bengaluru Hub,1131,529,687,65,908,9.46,0,No,8,No,27480,544,No
May-2022,FY23,PL016,Aloe Vera,Live Plants,Talegaon Main (Pune),1206,1024,197,16,2017,8.12,0,No,6,No,15760,2420,No
May-2022,FY23,PL017,Cactus Mix (3 pack),Live Plants,Talegaon Main (Pune),1086,412,598,38,862,6.35,0,No,6,No,38870,840,No
May-2022,FY23,PL018,Echeveria Set of 3,Live Plants,Delhi Hub,2226,369,198,12,2385,6.06,0,No,14,No,18810,3398,No
May-2022,FY23,PL019,Areca Palm,Live Plants,Bengaluru Hub,653,274,884,75,0,8.48,2,Yes,7,Yes,221000,0,No
May-2022,FY23,PL020,Bamboo Palm,Live Plants,Bengaluru Hub,516,309,361,34,430,9.42,0,No,5,No,97470,1741,No
May-2022,FY23,SD001,Cherry Tomato Seeds,Seeds,Delhi Hub,1773,443,783,3,1430,0.38,0,No,12,No,14094,386,No
May-2022,FY23,SD002,Spinach Seeds (50g),Seeds,Hyderabad Spoke,1640,458,221,0,1877,0.0,0,No,11,No,3094,394,No
May-2022,FY23,SD003,Coriander Seeds (50g),Seeds,Hyderabad Spoke,984,851,319,1,1515,0.31,0,No,4,No,3828,272,No
May-2022,FY23,SD004,Chilli Hybrid Seeds,Seeds,Bengaluru Hub,1335,205,159,4,1377,2.52,0,No,3,No,3498,454,No
May-2022,FY23,SD005,Marigold Seeds,Seeds,Mumbai Hub,1876,999,522,5,2348,0.96,0,No,6,No,8352,563,No
May-2022,FY23,SD006,Sunflower Seeds,Seeds,Delhi Hub,2348,149,364,0,2133,0.0,0,No,4,No,7280,639,No
May-2022,FY23,SD007,Petunia Seeds,Seeds,Hyderabad Spoke,713,1162,720,1,1154,0.14,0,No,11,No,20160,484,No
May-2022,FY23,SD008,Methi Seeds (100g),Seeds,Mumbai Hub,1986,280,418,4,1844,0.96,0,No,12,No,4180,276,No
May-2022,FY23,SD009,Basil Seeds,Seeds,Mumbai Hub,891,878,717,3,1049,0.42,0,No,3,No,10755,236,No
May-2022,FY23,PT001,Ceramic Pot 5 inch – White,Pots & Planters,Talegaon Main (Pune),1868,1136,351,5,2648,1.42,0,No,8,No,36855,4170,No
May-2022,FY23,PT002,Ceramic Pot 6 inch – Terracotta look,Pots & Planters,Hyderabad Spoke,1761,645,759,3,1644,0.4,0,No,5,No,102465,3329,No
May-2022,FY23,PT003,Ceramic Pot 8 inch – Matte Black,Pots & Planters,Bengaluru Hub,1684,290,740,2,1232,0.27,0,No,8,No,155400,3880,No
May-2022,FY23,PT004,Classic Terracotta 6in,Pots & Planters,Talegaon Main (Pune),1272,800,190,5,1877,2.63,0,No,6,No,13300,1970,No
May-2022,FY23,PT005,Self-Watering Pot 7in,Pots & Planters,Delhi Hub,2252,439,343,3,2345,0.87,0,No,6,No,82320,8442,No
May-2022,FY23,PT006,Hanging Basket Planter,Pots & Planters,Mumbai Hub,867,869,684,1,1051,0.15,0,No,13,No,112860,2601,No
May-2022,FY23,PT007,Vertical Wall Planter (5 pocket),Pots & Planters,Hyderabad Spoke,841,395,493,0,743,0.0,0,No,11,No,192270,4346,No
May-2022,FY23,PT008,Nursery Grow Bags (5 pack),Pots & Planters,Talegaon Main (Pune),258,774,203,0,829,0.0,0,No,12,No,16240,994,No
May-2022,FY23,FR001,Ugaoo NPK 19-19-19 (500g),Fertilisers,Talegaon Main (Pune),427,163,235,5,350,2.13,0,No,14,No,22325,498,No
May-2022,FY23,FR002,Organic Vermicompost (2kg),Fertilisers,Delhi Hub,1208,1114,611,2,1709,0.33,0,No,6,No,67210,2819,No
May-2022,FY23,FR003,Seaweed Liquid Fertiliser,Fertilisers,Hyderabad Spoke,2016,984,289,4,2707,1.38,0,No,6,No,23120,3248,No
May-2022,FY23,FR004,Bone Meal Fertiliser (500g),Fertilisers,Hyderabad Spoke,1691,444,398,2,1735,0.5,0,No,13,No,39800,2602,No
May-2022,FY23,FR005,Plant Tonic – Rooting Hormone,Fertilisers,Delhi Hub,1243,749,405,3,1584,0.74,0,No,4,No,28350,1663,No
May-2022,FY23,TL001,Garden Pruner – Stainless,Tools,Mumbai Hub,2071,830,674,4,2223,0.59,0,No,3,No,97730,4835,No
May-2022,FY23,TL002,Watering Can 2L,Tools,Delhi Hub,1006,785,300,5,1486,1.67,0,No,11,No,28500,2117,No
May-2022,FY23,TL003,Premium Potting Mix 5kg,Tools,Talegaon Main (Pune),1209,158,674,2,691,0.3,0,No,9,No,87620,1347,No
May-2022,FY23,TL004,Pebbles Decorative 500g,Tools,Hyderabad Spoke,816,595,200,0,1211,0.0,0,No,4,No,11000,999,No
May-2022,FY23,TL005,Moisture Meter,Tools,Talegaon Main (Pune),2006,939,797,3,2145,0.38,0,No,6,No,159400,6435,No
May-2022,FY23,GF001,Green Starter Kit,Gifting,Talegaon Main (Pune),1893,564,700,5,1752,0.71,0,No,10,No,259000,9723,No
May-2022,FY23,GF002,Plant Parent Gift Box,Gifting,Mumbai Hub,1337,208,686,3,856,0.44,0,No,9,No,452760,8474,No
May-2022,FY23,GF003,Festive Diwali Plant Hamper,Gifting,Mumbai Hub,1964,251,348,0,1867,0.0,0,No,9,No,382800,30805,No
May-2022,FY23,GF004,Corporate Desk Plant Set,Gifting,Talegaon Main (Pune),417,712,114,2,1013,1.75,0,No,6,No,61560,8205,No
May-2022,FY23,GF005,Anniversary Succulent Box,Gifting,Hyderabad Spoke,1659,506,429,4,1732,0.93,0,No,9,No,184470,11171,No
Jun-2022,FY23,PL001,Monstera Deliciosa,Live Plants,Talegaon Main (Pune),1601,169,702,49,1019,6.98,0,No,11,No,98280,2139,No
Jun-2022,FY23,PL002,Peace Lily,Live Plants,Hyderabad Spoke,2222,163,485,15,1885,3.09,0,No,3,No,43650,2544,No
Jun-2022,FY23,PL003,Snake Plant (Sansevieria),Live Plants,Mumbai Hub,439,613,626,26,400,4.15,0,No,10,No,62600,600,No
Jun-2022,FY23,PL004,Fiddle Leaf Fig,Live Plants,Talegaon Main (Pune),1550,641,477,44,1670,9.22,0,No,10,No,143100,7515,No
Jun-2022,FY23,PL005,Golden Pothos,Live Plants,Hyderabad Spoke,1204,628,728,42,1062,5.77,0,No,13,No,43680,955,No
Jun-2022,FY23,PL006,ZZ Plant,Live Plants,Talegaon Main (Pune),1782,434,465,41,1710,8.82,0,No,5,No,74400,4104,No
Jun-2022,FY23,PL007,Spider Plant,Live Plants,Talegaon Main (Pune),1181,738,707,29,1183,4.1,0,No,10,No,53025,1330,No
Jun-2022,FY23,PL008,Money Plant (Epipremnum),Live Plants,Hyderabad Spoke,986,842,707,40,1081,5.66,0,No,12,No,35350,810,No
Jun-2022,FY23,PL009,Rubber Plant,Live Plants,Talegaon Main (Pune),646,346,684,31,277,4.53,0,No,6,No,123120,747,No
Jun-2022,FY23,PL010,Aglaonema Red,Live Plants,Hyderabad Spoke,1771,173,148,4,1792,2.7,0,No,5,No,31080,5644,No
Jun-2022,FY23,PL011,Rose – Red (Grafted),Live Plants,Bengaluru Hub,1909,216,699,51,1375,7.3,0,No,7,No,90870,2681,No
Jun-2022,FY23,PL012,Hibiscus – Pink,Live Plants,Hyderabad Spoke,1728,897,251,16,2358,6.37,0,No,6,No,27610,3890,No
Jun-2022,FY23,PL013,Bougainvillea,Live Plants,Mumbai Hub,2019,921,779,72,2089,9.24,0,No,5,No,89585,3603,No
Jun-2022,FY23,PL014,Ixora,Live Plants,Mumbai Hub,1514,1041,545,30,1980,5.5,0,No,13,No,46325,2524,No
Jun-2022,FY23,PL015,Marigold Seedling,Live Plants,Talegaon Main (Pune),885,1064,840,45,1064,5.36,0,No,12,No,33600,638,No
Jun-2022,FY23,PL016,Aloe Vera,Live Plants,Mumbai Hub,2333,684,437,17,2563,3.89,0,No,6,No,34960,3075,No
Jun-2022,FY23,PL017,Cactus Mix (3 pack),Live Plants,Hyderabad Spoke,1680,1087,273,19,2475,6.96,0,No,5,No,17745,2413,No
Jun-2022,FY23,PL018,Echeveria Set of 3,Live Plants,Talegaon Main (Pune),866,720,720,53,813,7.36,0,No,5,No,68400,1158,No
Jun-2022,FY23,PL019,Areca Palm,Live Plants,Talegaon Main (Pune),478,1028,513,17,976,3.31,0,No,8,No,128250,3660,No
Jun-2022,FY23,PL020,Bamboo Palm,Live Plants,Talegaon Main (Pune),406,548,478,44,432,9.21,0,No,3,No,129060,1749,No
Jun-2022,FY23,SD001,Cherry Tomato Seeds,Seeds,Bengaluru Hub,1279,301,324,2,1254,0.62,0,No,10,No,5832,338,No
Jun-2022,FY23,SD002,Spinach Seeds (50g),Seeds,Bengaluru Hub,1565,1141,845,0,1861,0.0,0,No,4,No,11830,390,No
Jun-2022,FY23,SD003,Coriander Seeds (50g),Seeds,Delhi Hub,698,675,319,3,1051,0.94,0,No,4,No,3828,189,No
Jun-2022,FY23,SD004,Chilli Hybrid Seeds,Seeds,Bengaluru Hub,369,138,290,5,212,1.72,0,No,7,No,6380,69,No
Jun-2022,FY23,SD005,Marigold Seeds,Seeds,Delhi Hub,1858,462,273,3,2044,1.1,0,No,14,No,4368,490,No
Jun-2022,FY23,SD006,Sunflower Seeds,Seeds,Talegaon Main (Pune),998,237,406,0,829,0.0,0,No,13,No,8120,248,No
Jun-2022,FY23,SD007,Petunia Seeds,Seeds,Bengaluru Hub,1033,551,898,3,683,0.33,0,No,8,No,25144,286,No
Jun-2022,FY23,SD008,Methi Seeds (100g),Seeds,Hyderabad Spoke,1524,328,325,2,1525,0.62,0,No,14,No,3250,228,No
Jun-2022,FY23,SD009,Basil Seeds,Seeds,Mumbai Hub,1370,176,370,0,1176,0.0,0,No,3,No,5550,264,No
Jun-2022,FY23,PT001,Ceramic Pot 5 inch – White,Pots & Planters,Talegaon Main (Pune),480,474,476,4,474,0.84,0,No,10,No,49980,746,No
Jun-2022,FY23,PT002,Ceramic Pot 6 inch – Terracotta look,Pots & Planters,Talegaon Main (Pune),280,896,369,1,806,0.27,0,No,11,No,49815,1632,No
Jun-2022,FY23,PT003,Ceramic Pot 8 inch – Matte Black,Pots & Planters,Mumbai Hub,1070,920,284,5,1701,1.76,0,No,9,No,59640,5358,No
Jun-2022,FY23,PT004,Classic Terracotta 6in,Pots & Planters,Mumbai Hub,2221,335,491,1,2064,0.2,0,No,8,No,34370,2167,No
Jun-2022,FY23,PT005,Self-Watering Pot 7in,Pots & Planters,Delhi Hub,1016,945,761,3,1197,0.39,0,No,10,No,182640,4309,No
Jun-2022,FY23,PT006,Hanging Basket Planter,Pots & Planters,Delhi Hub,2318,838,783,3,2370,0.38,0,No,3,No,129195,5865,No
Jun-2022,FY23,PT007,Vertical Wall Planter (5 pocket),Pots & Planters,Delhi Hub,1967,298,769,1,1495,0.13,0,No,5,No,299910,8745,No
Jun-2022,FY23,PT008,Nursery Grow Bags (5 pack),Pots & Planters,Hyderabad Spoke,1110,1043,675,1,1477,0.15,0,No,5,No,54000,1772,No
Jun-2022,FY23,FR001,Ugaoo NPK 19-19-19 (500g),Fertilisers,Delhi Hub,1961,416,655,4,1718,0.61,0,No,14,No,62225,2448,No
Jun-2022,FY23,FR002,Organic Vermicompost (2kg),Fertilisers,Delhi Hub,885,225,596,2,512,0.34,0,No,8,No,65560,844,No
Jun-2022,FY23,FR003,Seaweed Liquid Fertiliser,Fertilisers,Bengaluru Hub,905,369,156,0,1118,0.0,0,No,10,No,12480,1341,No
Jun-2022,FY23,FR004,Bone Meal Fertiliser (500g),Fertilisers,Mumbai Hub,301,904,194,0,1011,0.0,0,No,14,No,19400,1516,No
Jun-2022,FY23,FR005,Plant Tonic – Rooting Hormone,Fertilisers,Delhi Hub,286,250,303,5,228,1.65,0,No,13,No,21210,239,No
Jun-2022,FY23,TL001,Garden Pruner – Stainless,Tools,Delhi Hub,661,349,504,2,504,0.4,0,No,8,No,73080,1096,No
Jun-2022,FY23,TL002,Watering Can 2L,Tools,Mumbai Hub,2364,264,855,0,1773,0.0,0,No,7,No,81225,2526,No
Jun-2022,FY23,TL003,Premium Potting Mix 5kg,Tools,Hyderabad Spoke,718,958,659,5,1012,0.76,0,No,4,No,85670,1973,No
Jun-2022,FY23,TL004,Pebbles Decorative 500g,Tools,Delhi Hub,2076,648,867,2,1855,0.23,0,No,9,No,47685,1530,No
Jun-2022,FY23,TL005,Moisture Meter,Tools,Delhi Hub,1584,839,542,4,1877,0.74,0,No,7,No,108400,5631,No
Jun-2022,FY23,GF001,Green Starter Kit,Gifting,Delhi Hub,2078,1081,125,4,3030,3.2,0,No,7,No,46250,16816,No
Jun-2022,FY23,GF002,Plant Parent Gift Box,Gifting,Delhi Hub,212,1032,778,4,462,0.51,0,No,14,No,513480,4573,No
Jun-2022,FY23,GF003,Festive Diwali Plant Hamper,Gifting,Delhi Hub,662,1014,283,2,1391,0.71,0,No,6,No,311300,22951,No
Jun-2022,FY23,GF004,Corporate Desk Plant Set,Gifting,Mumbai Hub,1940,1119,481,5,2573,1.04,0,No,10,No,259740,20841,No
Jun-2022,FY23,GF005,Anniversary Succulent Box,Gifting,Delhi Hub,1657,429,115,4,1967,3.48,0,No,5,No,49450,12687,No
Jul-2022,FY23,PL001,Monstera Deliciosa,Live Plants,Hyderabad Spoke,1891,863,406,35,2313,8.62,0,No,6,No,56840,4857,No
Jul-2022,FY23,PL002,Peace Lily,Live Plants,Talegaon Main (Pune),1493,1155,260,12,2376,4.62,0,No,7,No,23400,3207,No
Jul-2022,FY23,PL003,Snake Plant (Sansevieria),Live Plants,Delhi Hub,1057,621,525,43,1110,8.19,0,No,13,No,52500,1665,No
Jul-2022,FY23,PL004,Fiddle Leaf Fig,Live Plants,Bengaluru Hub,1273,341,462,25,1127,5.41,0,No,10,No,138600,5071,No
Jul-2022,FY23,PL005,Golden Pothos,Live Plants,Mumbai Hub,2183,584,453,18,2296,3.97,0,No,4,No,27180,2066,No
Jul-2022,FY23,PL006,ZZ Plant,Live Plants,Bengaluru Hub,211,1011,535,30,657,5.61,0,No,3,No,85600,1576,No
Jul-2022,FY23,PL007,Spider Plant,Live Plants,Hyderabad Spoke,809,1105,582,51,1281,8.76,0,No,14,No,43650,1441,No
Jul-2022,FY23,PL008,Money Plant (Epipremnum),Live Plants,Delhi Hub,1919,133,543,44,1465,8.1,0,No,14,No,27150,1098,No
Jul-2022,FY23,PL009,Rubber Plant,Live Plants,Talegaon Main (Pune),1241,856,632,21,1444,3.32,0,No,12,No,113760,3898,No
Jul-2022,FY23,PL010,Aglaonema Red,Live Plants,Mumbai Hub,2482,955,320,17,3100,5.31,0,No,10,No,67200,9765,No
Jul-2022,FY23,PL011,Rose – Red (Grafted),Live Plants,Talegaon Main (Pune),690,703,465,22,906,4.73,0,No,7,No,60450,1766,No
Jul-2022,FY23,PL012,Hibiscus – Pink,Live Plants,Mumbai Hub,1086,323,376,19,1014,5.05,0,No,12,No,41360,1673,No
Jul-2022,FY23,PL013,Bougainvillea,Live Plants,Mumbai Hub,653,499,453,27,672,5.96,0,No,3,No,52095,1159,No
Jul-2022,FY23,PL014,Ixora,Live Plants,Talegaon Main (Pune),1239,866,698,24,1383,3.44,0,No,11,No,59330,1763,No
Jul-2022,FY23,PL015,Marigold Seedling,Live Plants,Hyderabad Spoke,988,453,181,11,1249,6.08,0,No,4,No,7240,749,No
Jul-2022,FY23,PL016,Aloe Vera,Live Plants,Talegaon Main (Pune),2111,428,518,49,1972,9.46,0,No,3,No,41440,2366,No
Jul-2022,FY23,PL017,Cactus Mix (3 pack),Live Plants,Delhi Hub,1689,488,894,77,1206,8.61,0,No,10,No,58110,1175,No
Jul-2022,FY23,PL018,Echeveria Set of 3,Live Plants,Delhi Hub,2051,184,626,53,1556,8.47,0,No,6,No,59470,2217,No
Jul-2022,FY23,PL019,Areca Palm,Live Plants,Hyderabad Spoke,725,502,785,42,400,5.35,0,No,10,No,196250,1500,No
Jul-2022,FY23,PL020,Bamboo Palm,Live Plants,Bengaluru Hub,642,290,834,48,50,5.76,0,Yes,8,Yes,225180,202,No
Jul-2022,FY23,SD001,Cherry Tomato Seeds,Seeds,Mumbai Hub,2437,708,342,0,2803,0.0,0,No,9,No,6156,756,No
Jul-2022,FY23,SD002,Spinach Seeds (50g),Seeds,Talegaon Main (Pune),1945,507,862,3,1587,0.35,0,No,3,No,12068,333,No
Jul-2022,FY23,SD003,Coriander Seeds (50g),Seeds,Bengaluru Hub,1597,266,808,1,1054,0.12,0,No,4,No,9696,189,No
Jul-2022,FY23,SD004,Chilli Hybrid Seeds,Seeds,Talegaon Main (Pune),906,715,439,2,1180,0.46,0,No,8,No,9658,389,No
Jul-2022,FY23,SD005,Marigold Seeds,Seeds,Delhi Hub,369,656,673,0,352,0.0,0,No,10,No,10768,84,No
Jul-2022,FY23,SD006,Sunflower Seeds,Seeds,Mumbai Hub,1300,1189,457,5,2027,1.09,0,No,4,No,9140,608,No
Jul-2022,FY23,SD007,Petunia Seeds,Seeds,Mumbai Hub,1103,458,536,0,1025,0.0,0,No,13,No,15008,430,No
Jul-2022,FY23,SD008,Methi Seeds (100g),Seeds,Delhi Hub,917,1011,685,4,1239,0.58,0,No,9,No,6850,185,No
Jul-2022,FY23,SD009,Basil Seeds,Seeds,Mumbai Hub,823,337,197,4,959,2.03,0,No,13,No,2955,215,No
Jul-2022,FY23,PT001,Ceramic Pot 5 inch – White,Pots & Planters,Talegaon Main (Pune),1479,1077,701,0,1855,0.0,0,No,7,No,73605,2921,No
Jul-2022,FY23,PT002,Ceramic Pot 6 inch – Terracotta look,Pots & Planters,Hyderabad Spoke,455,320,456,2,317,0.44,0,No,7,No,61560,641,No
Jul-2022,FY23,PT003,Ceramic Pot 8 inch – Matte Black,Pots & Planters,Talegaon Main (Pune),2173,856,856,0,2173,0.0,0,No,7,No,179760,6844,No
Jul-2022,FY23,PT004,Classic Terracotta 6in,Pots & Planters,Delhi Hub,1007,212,177,5,1037,2.82,0,No,6,No,12390,1088,No
Jul-2022,FY23,PT005,Self-Watering Pot 7in,Pots & Planters,Delhi Hub,2066,706,452,3,2317,0.66,0,No,5,No,108480,8341,No
Jul-2022,FY23,PT006,Hanging Basket Planter,Pots & Planters,Delhi Hub,494,1062,674,5,877,0.74,0,No,8,No,111210,2170,No
Jul-2022,FY23,PT007,Vertical Wall Planter (5 pocket),Pots & Planters,Hyderabad Spoke,1520,109,410,4,1215,0.98,0,No,12,No,159900,7107,No
Jul-2022,FY23,PT008,Nursery Grow Bags (5 pack),Pots & Planters,Talegaon Main (Pune),1180,358,744,1,793,0.13,0,No,12,No,59520,951,No
Jul-2022,FY23,FR001,Ugaoo NPK 19-19-19 (500g),Fertilisers,Bengaluru Hub,2056,1196,457,4,2791,0.88,0,No,11,No,43415,3977,No
Jul-2022,FY23,FR002,Organic Vermicompost (2kg),Fertilisers,Mumbai Hub,1584,303,214,3,1670,1.4,0,No,12,No,23540,2755,No
Jul-2022,FY23,FR003,Seaweed Liquid Fertiliser,Fertilisers,Delhi Hub,1409,1134,230,4,2309,1.74,0,No,12,No,18400,2770,No
Jul-2022,FY23,FR004,Bone Meal Fertiliser (500g),Fertilisers,Delhi Hub,2085,557,114,1,2527,0.88,0,No,10,No,11400,3790,No
Jul-2022,FY23,FR005,Plant Tonic – Rooting Hormone,Fertilisers,Hyderabad Spoke,578,647,601,3,621,0.5,0,No,9,No,42070,652,No
Jul-2022,FY23,TL001,Garden Pruner – Stainless,Tools,Talegaon Main (Pune),1136,1198,493,5,1836,1.01,0,No,13,No,71485,3993,No
Jul-2022,FY23,TL002,Watering Can 2L,Tools,Talegaon Main (Pune),1524,502,315,4,1707,1.27,0,No,4,No,29925,2432,No
Jul-2022,FY23,TL003,Premium Potting Mix 5kg,Tools,Talegaon Main (Pune),1792,205,399,5,1593,1.25,0,No,10,No,51870,3106,No
Jul-2022,FY23,TL004,Pebbles Decorative 500g,Tools,Mumbai Hub,491,180,110,1,560,0.91,0,No,5,No,6050,462,No
Jul-2022,FY23,TL005,Moisture Meter,Tools,Mumbai Hub,1966,1148,258,3,2853,1.16,0,No,14,No,51600,8559,No
Jul-2022,FY23,GF001,Green Starter Kit,Gifting,Hyderabad Spoke,2296,144,881,2,1557,0.23,0,No,6,No,325970,8641,No
Jul-2022,FY23,GF002,Plant Parent Gift Box,Gifting,Hyderabad Spoke,1848,136,891,1,1092,0.11,0,No,7,No,588060,10810,No
Jul-2022,FY23,GF003,Festive Diwali Plant Hamper,Gifting,Bengaluru Hub,1068,1073,152,5,1984,3.29,0,No,6,No,167200,32736,No
Jul-2022,FY23,GF004,Corporate Desk Plant Set,Gifting,Mumbai Hub,1784,780,640,3,1921,0.47,0,No,4,No,345600,15560,No
Jul-2022,FY23,GF005,Anniversary Succulent Box,Gifting,Hyderabad Spoke,731,311,539,3,500,0.56,0,No,5,No,231770,3225,No
Aug-2022,FY23,PL001,Monstera Deliciosa,Live Plants,Mumbai Hub,608,611,568,28,623,4.93,0,No,5,No,79520,1308,No
Aug-2022,FY23,PL002,Peace Lily,Live Plants,Delhi Hub,2077,106,464,40,1679,8.62,0,No,10,No,41760,2266,No
Aug-2022,FY23,PL003,Snake Plant (Sansevieria),Live Plants,Hyderabad Spoke,818,763,427,23,1131,5.39,0,No,8,No,42700,1696,No
Aug-2022,FY23,PL004,Fiddle Leaf Fig,Live Plants,Hyderabad Spoke,406,390,786,75,0,9.54,3,Yes,12,Yes,235800,0,No
Aug-2022,FY23,PL005,Golden Pothos,Live Plants,Hyderabad Spoke,754,591,678,46,621,6.78,0,No,12,No,40680,558,No
Aug-2022,FY23,PL006,ZZ Plant,Live Plants,Talegaon Main (Pune),721,486,819,50,338,6.11,0,No,8,No,131040,811,No
Aug-2022,FY23,PL007,Spider Plant,Live Plants,Talegaon Main (Pune),2292,1019,157,10,3144,6.37,0,No,5,No,11775,3537,No
Aug-2022,FY23,PL008,Money Plant (Epipremnum),Live Plants,Delhi Hub,876,818,450,30,1214,6.67,0,No,10,No,22500,910,No
Aug-2022,FY23,PL009,Rubber Plant,Live Plants,Mumbai Hub,1139,287,329,10,1087,3.04,0,No,6,No,59220,2934,No
Aug-2022,FY23,PL010,Aglaonema Red,Live Plants,Delhi Hub,1882,852,826,37,1871,4.48,0,No,11,No,173460,5893,No
Aug-2022,FY23,PL011,Rose – Red (Grafted),Live Plants,Mumbai Hub,773,457,139,7,1084,5.04,0,No,8,No,18070,2113,No
Aug-2022,FY23,PL012,Hibiscus – Pink,Live Plants,Bengaluru Hub,610,829,433,33,973,7.62,0,No,14,No,47630,1605,No
Aug-2022,FY23,PL013,Bougainvillea,Live Plants,Mumbai Hub,977,689,728,42,896,5.77,0,No,14,No,83720,1545,No
Aug-2022,FY23,PL014,Ixora,Live Plants,Mumbai Hub,1323,184,209,13,1285,6.22,0,No,4,No,17765,1638,No
Aug-2022,FY23,PL015,Marigold Seedling,Live Plants,Mumbai Hub,1202,1148,206,16,2128,7.77,0,No,3,No,8240,1276,No
Aug-2022,FY23,PL016,Aloe Vera,Live Plants,Mumbai Hub,1488,466,476,32,1446,6.72,0,No,10,No,38080,1735,No
Aug-2022,FY23,PL017,Cactus Mix (3 pack),Live Plants,Bengaluru Hub,1704,219,175,9,1739,5.14,0,No,7,No,11375,1695,No
Aug-2022,FY23,PL018,Echeveria Set of 3,Live Plants,Mumbai Hub,1913,1068,255,22,2704,8.63,0,No,3,No,24225,3853,No
Aug-2022,FY23,PL019,Areca Palm,Live Plants,Hyderabad Spoke,499,641,117,3,1020,2.56,0,No,14,No,29250,3825,No
Aug-2022,FY23,PL020,Bamboo Palm,Live Plants,Delhi Hub,340,228,558,26,0,4.66,2,Yes,5,Yes,150660,0,No
Aug-2022,FY23,SD001,Cherry Tomato Seeds,Seeds,Mumbai Hub,1387,974,107,2,2252,1.87,0,No,10,No,1926,608,No
Aug-2022,FY23,SD002,Spinach Seeds (50g),Seeds,Mumbai Hub,2229,323,637,5,1910,0.78,0,No,5,No,8918,401,No
Aug-2022,FY23,SD003,Coriander Seeds (50g),Seeds,Bengaluru Hub,663,713,704,3,669,0.43,0,No,6,No,8448,120,No
Aug-2022,FY23,SD004,Chilli Hybrid Seeds,Seeds,Hyderabad Spoke,1533,543,110,4,1962,3.64,0,No,13,No,2420,647,No
Aug-2022,FY23,SD005,Marigold Seeds,Seeds,Mumbai Hub,1086,512,581,0,1017,0.0,0,No,13,No,9296,244,No
Aug-2022,FY23,SD006,Sunflower Seeds,Seeds,Talegaon Main (Pune),1232,235,151,0,1316,0.0,0,No,4,No,3020,394,No
Aug-2022,FY23,SD007,Petunia Seeds,Seeds,Mumbai Hub,221,1179,158,3,1239,1.9,0,No,8,No,4424,520,No
Aug-2022,FY23,SD008,Methi Seeds (100g),Seeds,Talegaon Main (Pune),1676,648,131,1,2192,0.76,0,No,13,No,1310,328,No
Aug-2022,FY23,SD009,Basil Seeds,Seeds,Delhi Hub,2379,542,121,3,2797,2.48,0,No,8,No,1815,629,No
Aug-2022,FY23,PT001,Ceramic Pot 5 inch – White,Pots & Planters,Talegaon Main (Pune),401,431,822,1,9,0.12,2,Yes,14,Yes,86310,14,No
Aug-2022,FY23,PT002,Ceramic Pot 6 inch – Terracotta look,Pots & Planters,Hyderabad Spoke,1515,542,612,2,1443,0.33,0,No,3,No,82620,2922,No
Aug-2022,FY23,PT003,Ceramic Pot 8 inch – Matte Black,Pots & Planters,Hyderabad Spoke,1768,159,660,4,1263,0.61,0,No,9,No,138600,3978,No
Aug-2022,FY23,PT004,Classic Terracotta 6in,Pots & Planters,Talegaon Main (Pune),2364,590,575,0,2379,0.0,0,No,11,No,40250,2497,No
Aug-2022,FY23,PT005,Self-Watering Pot 7in,Pots & Planters,Talegaon Main (Pune),359,830,197,5,987,2.54,0,No,13,No,47280,3553,No
Aug-2022,FY23,PT006,Hanging Basket Planter,Pots & Planters,Bengaluru Hub,1492,998,655,0,1835,0.0,0,No,8,No,108075,4541,No
Aug-2022,FY23,PT007,Vertical Wall Planter (5 pocket),Pots & Planters,Mumbai Hub,1911,868,661,4,2114,0.61,0,No,14,No,257790,12366,No
Aug-2022,FY23,PT008,Nursery Grow Bags (5 pack),Pots & Planters,Hyderabad Spoke,1880,567,133,2,2312,1.5,0,No,10,No,10640,2774,No
Aug-2022,FY23,FR001,Ugaoo NPK 19-19-19 (500g),Fertilisers,Bengaluru Hub,1496,786,705,1,1576,0.14,0,No,7,No,66975,2245,No
Aug-2022,FY23,FR002,Organic Vermicompost (2kg),Fertilisers,Bengaluru Hub,655,104,180,1,578,0.56,0,No,4,No,19800,953,No
Aug-2022,FY23,FR003,Seaweed Liquid Fertiliser,Fertilisers,Delhi Hub,2057,377,447,5,1982,1.12,0,No,13,No,35760,2378,No
Aug-2022,FY23,FR004,Bone Meal Fertiliser (500g),Fertilisers,Mumbai Hub,1756,204,610,4,1346,0.66,0,No,14,No,61000,2019,No
Aug-2022,FY23,FR005,Plant Tonic – Rooting Hormone,Fertilisers,Delhi Hub,1918,325,368,5,1870,1.36,0,No,11,No,25760,1963,No
Aug-2022,FY23,TL001,Garden Pruner – Stainless,Tools,Delhi Hub,976,456,706,5,721,0.71,0,No,9,No,102370,1568,No
Aug-2022,FY23,TL002,Watering Can 2L,Tools,Hyderabad Spoke,657,605,765,4,493,0.52,0,No,11,No,72675,702,No
Aug-2022,FY23,TL003,Premium Potting Mix 5kg,Tools,Delhi Hub,2498,1069,480,1,3086,0.21,0,No,3,No,62400,6017,No
Aug-2022,FY23,TL004,Pebbles Decorative 500g,Tools,Delhi Hub,919,598,504,1,1012,0.2,0,No,13,No,27720,834,No
Aug-2022,FY23,TL005,Moisture Meter,Tools,Bengaluru Hub,945,694,532,3,1104,0.56,0,No,14,No,106400,3312,No
Aug-2022,FY23,GF001,Green Starter Kit,Gifting,Delhi Hub,278,1104,813,3,566,0.37,0,No,14,No,300810,3141,No
Aug-2022,FY23,GF002,Plant Parent Gift Box,Gifting,Mumbai Hub,898,1175,258,2,1813,0.78,0,No,3,No,170280,17948,No
Aug-2022,FY23,GF003,Festive Diwali Plant Hamper,Gifting,Talegaon Main (Pune),2245,1093,631,2,2705,0.32,0,No,13,No,694100,44632,No
Aug-2022,FY23,GF004,Corporate Desk Plant Set,Gifting,Talegaon Main (Pune),850,657,601,0,906,0.0,0,No,12,No,324540,7338,No
Aug-2022,FY23,GF005,Anniversary Succulent Box,Gifting,Delhi Hub,2146,278,783,3,1638,0.38,0,No,8,No,336690,10565,No
Sep-2022,FY23,PL001,Monstera Deliciosa,Live Plants,Mumbai Hub,502,953,194,12,1249,6.19,0,No,13,No,27160,2622,No
Sep-2022,FY23,PL002,Peace Lily,Live Plants,Hyderabad Spoke,2182,1062,364,14,2866,3.85,0,No,11,No,32760,3869,No
Sep-2022,FY23,PL003,Snake Plant (Sansevieria),Live Plants,Bengaluru Hub,1270,964,762,29,1443,3.81,0,No,5,No,76200,2164,No
Sep-2022,FY23,PL004,Fiddle Leaf Fig,Live Plants,Talegaon Main (Pune),1040,1189,518,24,1687,4.63,0,No,5,No,155400,7591,No
Sep-2022,FY23,PL005,Golden Pothos,Live Plants,Mumbai Hub,877,417,875,83,336,9.49,0,No,9,No,52500,302,No
Sep-2022,FY23,PL006,ZZ Plant,Live Plants,Talegaon Main (Pune),1315,392,219,18,1470,8.22,0,No,7,No,35040,3528,No
Sep-2022,FY23,PL007,Spider Plant,Live Plants,Talegaon Main (Pune),1078,188,757,45,464,5.94,0,No,3,No,56775,522,No
Sep-2022,FY23,PL008,Money Plant (Epipremnum),Live Plants,Mumbai Hub,1159,588,202,13,1532,6.44,0,No,11,No,10100,1149,No
Sep-2022,FY23,PL009,Rubber Plant,Live Plants,Bengaluru Hub,2386,532,438,22,2458,5.02,0,No,9,No,78840,6636,No
Sep-2022,FY23,PL010,Aglaonema Red,Live Plants,Hyderabad Spoke,1266,600,663,62,1141,9.35,0,No,12,No,139230,3594,No
Sep-2022,FY23,PL011,Rose – Red (Grafted),Live Plants,Bengaluru Hub,1040,1105,96,9,2040,9.38,0,No,12,No,12480,3978,No
Sep-2022,FY23,PL012,Hibiscus – Pink,Live Plants,Talegaon Main (Pune),1188,1115,876,50,1377,5.71,0,No,6,No,96360,2272,No
Sep-2022,FY23,PL013,Bougainvillea,Live Plants,Mumbai Hub,1951,885,459,27,2350,5.88,0,No,14,No,52785,4053,No
Sep-2022,FY23,PL014,Ixora,Live Plants,Talegaon Main (Pune),1067,218,224,14,1047,6.25,0,No,13,No,19040,1334,No
Sep-2022,FY23,PL015,Marigold Seedling,Live Plants,Talegaon Main (Pune),2256,899,199,8,2948,4.02,0,No,8,No,7960,1768,No
Sep-2022,FY23,PL016,Aloe Vera,Live Plants,Bengaluru Hub,1966,733,405,13,2281,3.21,0,No,10,No,32400,2737,No
Sep-2022,FY23,PL017,Cactus Mix (3 pack),Live Plants,Delhi Hub,2195,178,191,15,2167,7.85,0,No,10,No,12415,2112,No
Sep-2022,FY23,PL018,Echeveria Set of 3,Live Plants,Talegaon Main (Pune),346,844,470,18,702,3.83,0,No,6,No,44650,1000,No
Sep-2022,FY23,PL019,Areca Palm,Live Plants,Talegaon Main (Pune),1874,1025,292,24,2583,8.22,0,No,8,No,73000,9686,No
Sep-2022,FY23,PL020,Bamboo Palm,Live Plants,Bengaluru Hub,1570,150,163,5,1552,3.07,0,No,12,No,44010,6285,No
Sep-2022,FY23,SD001,Cherry Tomato Seeds,Seeds,Delhi Hub,753,246,815,0,184,0.0,0,No,4,No,14670,49,No
Sep-2022,FY23,SD002,Spinach Seeds (50g),Seeds,Delhi Hub,875,188,715,2,346,0.28,0,No,12,No,10010,72,No
Sep-2022,FY23,SD003,Coriander Seeds (50g),Seeds,Bengaluru Hub,821,301,445,0,677,0.0,0,No,11,No,5340,121,No
Sep-2022,FY23,SD004,Chilli Hybrid Seeds,Seeds,Delhi Hub,1411,767,212,0,1966,0.0,0,No,14,No,4664,648,No
Sep-2022,FY23,SD005,Marigold Seeds,Seeds,Hyderabad Spoke,461,138,589,2,8,0.34,0,Yes,3,Yes,9424,1,No
Sep-2022,FY23,SD006,Sunflower Seeds,Seeds,Talegaon Main (Pune),237,249,129,2,355,1.55,0,No,4,No,2580,106,No
Sep-2022,FY23,SD007,Petunia Seeds,Seeds,Bengaluru Hub,2132,504,288,3,2345,1.04,0,No,14,No,8064,984,No
Sep-2022,FY23,SD008,Methi Seeds (100g),Seeds,Bengaluru Hub,1950,276,168,2,2056,1.19,0,No,10,No,1680,308,No
Sep-2022,FY23,SD009,Basil Seeds,Seeds,Bengaluru Hub,2489,321,841,4,1965,0.48,0,No,7,No,12615,442,No
Sep-2022,FY23,PT001,Ceramic Pot 5 inch – White,Pots & Planters,Bengaluru Hub,1654,278,354,5,1573,1.41,0,No,13,No,37170,2477,No
Sep-2022,FY23,PT002,Ceramic Pot 6 inch – Terracotta look,Pots & Planters,Bengaluru Hub,1403,768,635,4,1532,0.63,0,No,13,No,85725,3102,No
Sep-2022,FY23,PT003,Ceramic Pot 8 inch – Matte Black,Pots & Planters,Delhi Hub,2081,943,426,3,2595,0.7,0,No,6,No,89460,8174,No
Sep-2022,FY23,PT004,Classic Terracotta 6in,Pots & Planters,Hyderabad Spoke,1169,176,320,0,1025,0.0,0,No,10,No,22400,1076,No
Sep-2022,FY23,PT005,Self-Watering Pot 7in,Pots & Planters,Talegaon Main (Pune),2139,410,186,0,2363,0.0,0,No,3,No,44640,8506,No
Sep-2022,FY23,PT006,Hanging Basket Planter,Pots & Planters,Delhi Hub,939,929,566,4,1298,0.71,0,No,14,No,93390,3212,No
Sep-2022,FY23,PT007,Vertical Wall Planter (5 pocket),Pots & Planters,Bengaluru Hub,1974,521,735,0,1760,0.0,0,No,10,No,286650,10296,No
Sep-2022,FY23,PT008,Nursery Grow Bags (5 pack),Pots & Planters,Delhi Hub,484,989,543,0,930,0.0,0,No,13,No,43440,1116,No
Sep-2022,FY23,FR001,Ugaoo NPK 19-19-19 (500g),Fertilisers,Hyderabad Spoke,881,115,469,0,527,0.0,0,No,4,No,44555,750,No
Sep-2022,FY23,FR002,Organic Vermicompost (2kg),Fertilisers,Hyderabad Spoke,359,1064,548,0,875,0.0,0,No,11,No,60280,1443,No
Sep-2022,FY23,FR003,Seaweed Liquid Fertiliser,Fertilisers,Bengaluru Hub,475,1101,342,4,1230,1.17,0,No,10,No,27360,1476,No
Sep-2022,FY23,FR004,Bone Meal Fertiliser (500g),Fertilisers,Mumbai Hub,1884,116,821,4,1175,0.49,0,No,5,No,82100,1762,No
Sep-2022,FY23,FR005,Plant Tonic – Rooting Hormone,Fertilisers,Delhi Hub,753,1143,887,3,1006,0.34,0,No,14,No,62090,1056,No
Sep-2022,FY23,TL001,Garden Pruner – Stainless,Tools,Delhi Hub,628,1039,244,4,1419,1.64,0,No,6,No,35380,3086,No
Sep-2022,FY23,TL002,Watering Can 2L,Tools,Mumbai Hub,2124,163,763,0,1524,0.0,0,No,3,No,72485,2171,No
Sep-2022,FY23,TL003,Premium Potting Mix 5kg,Tools,Bengaluru Hub,1671,1143,330,1,2483,0.3,0,No,10,No,42900,4841,No
Sep-2022,FY23,TL004,Pebbles Decorative 500g,Tools,Delhi Hub,1148,127,653,1,621,0.15,0,No,12,No,35915,512,No
Sep-2022,FY23,TL005,Moisture Meter,Tools,Talegaon Main (Pune),1318,389,839,3,865,0.36,0,No,12,No,167800,2595,No
Sep-2022,FY23,GF001,Green Starter Kit,Gifting,Talegaon Main (Pune),1515,1047,713,0,1849,0.0,0,No,3,No,263810,10261,No
Sep-2022,FY23,GF002,Plant Parent Gift Box,Gifting,Hyderabad Spoke,2019,340,541,2,1816,0.37,0,No,10,No,357060,17978,No
Sep-2022,FY23,GF003,Festive Diwali Plant Hamper,Gifting,Delhi Hub,2428,827,290,4,2961,1.38,0,No,14,No,319000,48856,No
Sep-2022,FY23,GF004,Corporate Desk Plant Set,Gifting,Delhi Hub,1501,1021,794,4,1724,0.5,0,No,14,No,428760,13964,No
Sep-2022,FY23,GF005,Anniversary Succulent Box,Gifting,Bengaluru Hub,1147,241,625,4,759,0.64,0,No,10,No,268750,4895,No
Oct-2022,FY23,PL001,Monstera Deliciosa,Live Plants,Hyderabad Spoke,468,556,1014,73,0,7.2,1,Yes,4,Yes,141960,0,Yes
Oct-2022,FY23,PL002,Peace Lily,Live Plants,Hyderabad Spoke,527,618,1135,98,0,8.63,4,Yes,8,Yes,102150,0,Yes
Oct-2022,FY23,PL003,Snake Plant (Sansevieria),Live Plants,Talegaon Main (Pune),1832,682,575,19,1920,3.3,0,No,8,No,57500,2880,Yes
Oct-2022,FY23,PL004,Fiddle Leaf Fig,Live Plants,Talegaon Main (Pune),931,719,702,68,880,9.69,0,No,6,No,210600,3960,Yes
Oct-2022,FY23,PL005,Golden Pothos,Live Plants,Mumbai Hub,1663,1314,975,37,1965,3.79,0,No,4,No,58500,1768,Yes
Oct-2022,FY23,PL006,ZZ Plant,Live Plants,Delhi Hub,1866,1805,1370,124,2177,9.05,0,No,7,No,219200,5224,Yes
Oct-2022,FY23,PL007,Spider Plant,Live Plants,Bengaluru Hub,742,1108,772,71,1007,9.2,0,No,6,No,57900,1132,Yes
Oct-2022,FY23,PL008,Money Plant (Epipremnum),Live Plants,Hyderabad Spoke,1149,788,427,38,1472,8.9,0,No,7,No,21350,1104,Yes
Oct-2022,FY23,PL009,Rubber Plant,Live Plants,Mumbai Hub,2427,1257,932,53,2699,5.69,0,No,12,No,167760,7287,Yes
Oct-2022,FY23,PL010,Aglaonema Red,Live Plants,Talegaon Main (Pune),484,1801,560,23,1702,4.11,0,No,7,No,117600,5361,Yes
Oct-2022,FY23,PL011,Rose – Red (Grafted),Live Plants,Talegaon Main (Pune),771,424,341,14,840,4.11,0,No,3,No,44330,1638,Yes
Oct-2022,FY23,PL012,Hibiscus – Pink,Live Plants,Bengaluru Hub,978,1070,909,48,1091,5.28,0,No,5,No,99990,1800,Yes
Oct-2022,FY23,PL013,Bougainvillea,Live Plants,Hyderabad Spoke,450,1800,949,29,1272,3.06,0,No,5,No,109135,2194,Yes
Oct-2022,FY23,PL014,Ixora,Live Plants,Bengaluru Hub,1617,1683,856,29,2415,3.39,0,No,7,No,72760,3079,Yes
Oct-2022,FY23,PL015,Marigold Seedling,Live Plants,Mumbai Hub,1551,1617,320,26,2822,8.12,0,No,9,No,12800,1693,Yes
Oct-2022,FY23,PL016,Aloe Vera,Live Plants,Hyderabad Spoke,2404,736,1038,32,2070,3.08,0,No,3,No,83040,2484,Yes
Oct-2022,FY23,PL017,Cactus Mix (3 pack),Live Plants,Talegaon Main (Pune),2467,1500,1315,81,2571,6.16,0,No,5,No,85475,2506,Yes
Oct-2022,FY23,PL018,Echeveria Set of 3,Live Plants,Talegaon Main (Pune),780,1831,1027,73,1511,7.11,0,No,6,No,97565,2153,Yes
Oct-2022,FY23,PL019,Areca Palm,Live Plants,Mumbai Hub,912,1234,1475,91,580,6.17,0,No,12,No,368750,2175,Yes
Oct-2022,FY23,PL020,Bamboo Palm,Live Plants,Mumbai Hub,1270,1032,1028,70,1204,6.81,0,No,12,No,277560,4876,Yes
Oct-2022,FY23,SD001,Cherry Tomato Seeds,Seeds,Hyderabad Spoke,1707,454,302,4,1855,1.32,0,No,8,No,5436,500,Yes
Oct-2022,FY23,SD002,Spinach Seeds (50g),Seeds,Mumbai Hub,480,1350,1389,0,441,0.0,0,No,14,No,19446,92,Yes
Oct-2022,FY23,SD003,Coriander Seeds (50g),Seeds,Hyderabad Spoke,1015,1636,1467,4,1180,0.27,0,No,5,No,17604,212,Yes
Oct-2022,FY23,SD004,Chilli Hybrid Seeds,Seeds,Talegaon Main (Pune),1992,1150,1399,4,1739,0.29,0,No,11,No,30778,573,Yes
Oct-2022,FY23,SD005,Marigold Seeds,Seeds,Hyderabad Spoke,866,1298,327,5,1832,1.53,0,No,5,No,5232,439,Yes
Oct-2022,FY23,SD006,Sunflower Seeds,Seeds,Delhi Hub,634,1899,586,2,1945,0.34,0,No,7,No,11720,583,Yes
Oct-2022,FY23,SD007,Petunia Seeds,Seeds,Bengaluru Hub,2488,975,478,4,2981,0.84,0,No,8,No,13384,1252,Yes
Oct-2022,FY23,SD008,Methi Seeds (100g),Seeds,Hyderabad Spoke,549,1849,787,2,1609,0.25,0,No,8,No,7870,241,Yes
Oct-2022,FY23,SD009,Basil Seeds,Seeds,Talegaon Main (Pune),782,1870,366,5,2281,1.37,0,No,10,No,5490,513,Yes
Oct-2022,FY23,PT001,Ceramic Pot 5 inch – White,Pots & Planters,Mumbai Hub,738,1087,670,5,1150,0.75,0,No,9,No,70350,1811,Yes
Oct-2022,FY23,PT002,Ceramic Pot 6 inch – Terracotta look,Pots & Planters,Bengaluru Hub,2039,1844,567,1,3315,0.18,0,No,11,No,76545,6712,Yes
Oct-2022,FY23,PT003,Ceramic Pot 8 inch – Matte Black,Pots & Planters,Bengaluru Hub,573,1947,1077,5,1438,0.46,0,No,13,No,226170,4529,Yes
Oct-2022,FY23,PT004,Classic Terracotta 6in,Pots & Planters,Mumbai Hub,2042,1594,524,2,3110,0.38,0,No,7,No,36680,3265,Yes
Oct-2022,FY23,PT005,Self-Watering Pot 7in,Pots & Planters,Mumbai Hub,976,1973,928,5,2016,0.54,0,No,4,No,222720,7257,Yes
Oct-2022,FY23,PT006,Hanging Basket Planter,Pots & Planters,Mumbai Hub,422,1881,869,2,1432,0.23,0,No,7,No,143385,3544,Yes
Oct-2022,FY23,PT007,Vertical Wall Planter (5 pocket),Pots & Planters,Mumbai Hub,2142,901,1560,5,1478,0.32,0,No,6,No,608400,8646,Yes
Oct-2022,FY23,PT008,Nursery Grow Bags (5 pack),Pots & Planters,Talegaon Main (Pune),580,730,764,1,545,0.13,0,No,3,No,61120,654,Yes
Oct-2022,FY23,FR001,Ugaoo NPK 19-19-19 (500g),Fertilisers,Bengaluru Hub,2210,1180,1532,5,1853,0.33,0,No,5,No,145540,2640,Yes
Oct-2022,FY23,FR002,Organic Vermicompost (2kg),Fertilisers,Bengaluru Hub,2235,1953,561,1,3626,0.18,0,No,7,No,61710,5982,Yes
Oct-2022,FY23,FR003,Seaweed Liquid Fertiliser,Fertilisers,Hyderabad Spoke,951,1117,1306,3,759,0.23,0,No,4,No,104480,910,Yes
Oct-2022,FY23,FR004,Bone Meal Fertiliser (500g),Fertilisers,Talegaon Main (Pune),1008,1424,1370,5,1057,0.36,0,No,7,No,137000,1585,Yes
Oct-2022,FY23,FR005,Plant Tonic – Rooting Hormone,Fertilisers,Talegaon Main (Pune),481,766,1083,5,159,0.46,0,No,11,No,75810,166,Yes
Oct-2022,FY23,TL001,Garden Pruner – Stainless,Tools,Bengaluru Hub,754,1009,688,3,1072,0.44,0,No,12,No,99760,2331,Yes
Oct-2022,FY23,TL002,Watering Can 2L,Tools,Talegaon Main (Pune),1680,1055,1522,4,1209,0.26,0,No,4,No,144590,1722,Yes
Oct-2022,FY23,TL003,Premium Potting Mix 5kg,Tools,Talegaon Main (Pune),1282,1981,509,4,2750,0.79,0,No,6,No,66170,5362,Yes
Oct-2022,FY23,TL004,Pebbles Decorative 500g,Tools,Mumbai Hub,1158,862,415,2,1603,0.48,0,No,7,No,22825,1322,Yes
Oct-2022,FY23,TL005,Moisture Meter,Tools,Bengaluru Hub,1530,1297,1386,3,1438,0.22,0,No,5,No,277200,4314,Yes
Oct-2022,FY23,GF001,Green Starter Kit,Gifting,Bengaluru Hub,1057,955,304,0,1708,0.0,0,No,9,No,112480,9479,Yes
Oct-2022,FY23,GF002,Plant Parent Gift Box,Gifting,Bengaluru Hub,1119,1246,361,0,2004,0.0,0,No,5,No,238260,19839,Yes
Oct-2022,FY23,GF003,Festive Diwali Plant Hamper,Gifting,Hyderabad Spoke,2020,1805,1562,0,2263,0.0,0,No,14,No,1718200,37339,Yes
Oct-2022,FY23,GF004,Corporate Desk Plant Set,Gifting,Talegaon Main (Pune),1195,1018,646,2,1565,0.31,0,No,10,No,348840,12676,Yes
Oct-2022,FY23,GF005,Anniversary Succulent Box,Gifting,Talegaon Main (Pune),969,1727,1378,4,1314,0.29,0,No,4,No,592540,8475,Yes
Nov-2022,FY23,PL001,Monstera Deliciosa,Live Plants,Mumbai Hub,1518,1904,1352,113,1957,8.36,0,No,3,No,189280,4109,Yes
Nov-2022,FY23,PL002,Peace Lily,Live Plants,Hyderabad Spoke,2028,1276,1354,124,1826,9.16,0,No,12,No,121860,2465,Yes
Nov-2022,FY23,PL003,Snake Plant (Sansevieria),Live Plants,Hyderabad Spoke,2114,817,799,45,2087,5.63,0,No,6,No,79900,3130,Yes
Nov-2022,FY23,PL004,Fiddle Leaf Fig,Live Plants,Talegaon Main (Pune),2031,1206,558,25,2654,4.48,0,No,6,No,167400,11943,Yes
Nov-2022,FY23,PL005,Golden Pothos,Live Plants,Mumbai Hub,283,1431,1065,102,547,9.58,0,No,3,No,63900,492,Yes
Nov-2022,FY23,PL006,ZZ Plant,Live Plants,Hyderabad Spoke,2400,1600,1301,94,2605,7.23,0,No,9,No,208160,6252,Yes
Nov-2022,FY23,PL007,Spider Plant,Live Plants,Mumbai Hub,1623,432,458,38,1559,8.3,0,No,4,No,34350,1753,Yes
Nov-2022,FY23,PL008,Money Plant (Epipremnum),Live Plants,Delhi Hub,1508,1073,1067,37,1477,3.47,0,No,12,No,53350,1107,Yes
Nov-2022,FY23,PL009,Rubber Plant,Live Plants,Mumbai Hub,2196,1402,633,26,2939,4.11,0,No,3,No,113940,7935,Yes
Nov-2022,FY23,PL010,Aglaonema Red,Live Plants,Talegaon Main (Pune),1819,926,517,29,2199,5.61,0,No,9,No,108570,6926,Yes
Nov-2022,FY23,PL011,Rose – Red (Grafted),Live Plants,Bengaluru Hub,2465,1573,1413,109,2516,7.71,0,No,11,No,183690,4906,Yes
Nov-2022,FY23,PL012,Hibiscus – Pink,Live Plants,Hyderabad Spoke,629,1199,435,29,1364,6.67,0,No,4,No,47850,2250,Yes
Nov-2022,FY23,PL013,Bougainvillea,Live Plants,Delhi Hub,555,1291,667,29,1150,4.35,0,No,5,No,76705,1983,Yes
Nov-2022,FY23,PL014,Ixora,Live Plants,Talegaon Main (Pune),1543,1733,768,65,2443,8.46,0,No,12,No,65280,3114,Yes
Nov-2022,FY23,PL015,Marigold Seedling,Live Plants,Mumbai Hub,320,1588,385,35,1488,9.09,0,No,14,No,15400,892,Yes
Nov-2022,FY23,PL016,Aloe Vera,Live Plants,Hyderabad Spoke,2196,1799,1547,95,2353,6.14,0,No,3,No,123760,2823,Yes
Nov-2022,FY23,PL017,Cactus Mix (3 pack),Live Plants,Talegaon Main (Pune),529,1325,730,58,1066,7.95,0,No,8,No,47450,1039,Yes
Nov-2022,FY23,PL018,Echeveria Set of 3,Live Plants,Talegaon Main (Pune),2152,1628,700,30,3050,4.29,0,No,3,No,66500,4346,Yes
Nov-2022,FY23,PL019,Areca Palm,Live Plants,Mumbai Hub,1676,521,1298,85,814,6.55,0,No,9,No,324500,3052,Yes
Nov-2022,FY23,PL020,Bamboo Palm,Live Plants,Talegaon Main (Pune),2070,1591,376,13,3272,3.46,0,No,5,No,101520,13251,Yes
Nov-2022,FY23,SD001,Cherry Tomato Seeds,Seeds,Delhi Hub,971,1475,623,1,1822,0.16,0,No,6,No,11214,491,Yes
Nov-2022,FY23,SD002,Spinach Seeds (50g),Seeds,Bengaluru Hub,275,943,734,2,482,0.27,0,No,10,No,10276,101,Yes
Nov-2022,FY23,SD003,Coriander Seeds (50g),Seeds,Delhi Hub,1927,1024,982,1,1968,0.1,0,No,14,No,11784,354,Yes
Nov-2022,FY23,SD004,Chilli Hybrid Seeds,Seeds,Mumbai Hub,1850,713,674,2,1887,0.3,0,No,10,No,14828,622,Yes
Nov-2022,FY23,SD005,Marigold Seeds,Seeds,Talegaon Main (Pune),2056,1324,675,1,2704,0.15,0,No,4,No,10800,648,Yes
Nov-2022,FY23,SD006,Sunflower Seeds,Seeds,Delhi Hub,2196,1212,1148,2,2258,0.17,0,No,11,No,22960,677,Yes
Nov-2022,FY23,SD007,Petunia Seeds,Seeds,Hyderabad Spoke,272,1529,1169,3,629,0.26,0,No,14,No,32732,264,Yes
Nov-2022,FY23,SD008,Methi Seeds (100g),Seeds,Delhi Hub,473,1396,862,2,1005,0.23,0,No,4,No,8620,150,Yes
Nov-2022,FY23,SD009,Basil Seeds,Seeds,Mumbai Hub,2423,904,1006,4,2317,0.4,0,No,11,No,15090,521,Yes
Nov-2022,FY23,PT001,Ceramic Pot 5 inch – White,Pots & Planters,Hyderabad Spoke,645,1480,575,1,1549,0.17,0,No,4,No,60375,2439,Yes
Nov-2022,FY23,PT002,Ceramic Pot 6 inch – Terracotta look,Pots & Planters,Talegaon Main (Pune),1453,1958,1315,5,2091,0.38,0,No,8,No,177525,4234,Yes
Nov-2022,FY23,PT003,Ceramic Pot 8 inch – Matte Black,Pots & Planters,Delhi Hub,250,1796,1297,2,747,0.15,0,No,8,No,272370,2353,Yes
Nov-2022,FY23,PT004,Classic Terracotta 6in,Pots & Planters,Talegaon Main (Pune),2319,1421,1081,5,2654,0.46,0,No,10,No,75670,2786,Yes
Nov-2022,FY23,PT005,Self-Watering Pot 7in,Pots & Planters,Talegaon Main (Pune),907,1614,477,5,2039,1.05,0,No,3,No,114480,7340,Yes
Nov-2022,FY23,PT006,Hanging Basket Planter,Pots & Planters,Delhi Hub,1197,855,1160,5,887,0.43,0,No,5,No,191400,2195,Yes
Nov-2022,FY23,PT007,Vertical Wall Planter (5 pocket),Pots & Planters,Talegaon Main (Pune),1978,639,567,1,2049,0.18,0,No,7,No,221130,11986,Yes
Nov-2022,FY23,PT008,Nursery Grow Bags (5 pack),Pots & Planters,Talegaon Main (Pune),1219,645,511,3,1350,0.59,0,No,13,No,40880,1620,Yes
Nov-2022,FY23,FR001,Ugaoo NPK 19-19-19 (500g),Fertilisers,Hyderabad Spoke,537,580,685,1,431,0.15,0,No,7,No,65075,614,Yes
Nov-2022,FY23,FR002,Organic Vermicompost (2kg),Fertilisers,Mumbai Hub,1427,1885,649,2,2661,0.31,0,No,5,No,71390,4390,Yes
Nov-2022,FY23,FR003,Seaweed Liquid Fertiliser,Fertilisers,Hyderabad Spoke,1506,699,937,4,1264,0.43,0,No,5,No,74960,1516,Yes
Nov-2022,FY23,FR004,Bone Meal Fertiliser (500g),Fertilisers,Delhi Hub,2235,553,1563,0,1225,0.0,0,No,14,No,156300,1837,Yes
Nov-2022,FY23,FR005,Plant Tonic – Rooting Hormone,Fertilisers,Delhi Hub,1433,867,1426,2,872,0.14,0,No,4,No,99820,915,Yes
Nov-2022,FY23,TL001,Garden Pruner – Stainless,Tools,Bengaluru Hub,798,608,1345,2,59,0.15,0,Yes,6,Yes,195025,128,Yes
Nov-2022,FY23,TL002,Watering Can 2L,Tools,Mumbai Hub,1607,1773,756,3,2621,0.4,0,No,13,No,71820,3734,Yes
Nov-2022,FY23,TL003,Premium Potting Mix 5kg,Tools,Hyderabad Spoke,1352,1092,1184,1,1259,0.08,0,No,5,No,153920,2455,Yes
Nov-2022,FY23,TL004,Pebbles Decorative 500g,Tools,Bengaluru Hub,923,782,1210,2,493,0.17,0,No,6,No,66550,406,Yes
Nov-2022,FY23,TL005,Moisture Meter,Tools,Talegaon Main (Pune),531,1242,1231,3,539,0.24,0,No,3,No,246200,1617,Yes
Nov-2022,FY23,GF001,Green Starter Kit,Gifting,Bengaluru Hub,200,1049,300,2,947,0.67,0,No,7,No,111000,5255,Yes
Nov-2022,FY23,GF002,Plant Parent Gift Box,Gifting,Mumbai Hub,1267,1238,459,4,2042,0.87,0,No,7,No,302940,20215,Yes
Nov-2022,FY23,GF003,Festive Diwali Plant Hamper,Gifting,Hyderabad Spoke,1174,1906,607,4,2469,0.66,0,No,10,No,667700,40738,Yes
Nov-2022,FY23,GF004,Corporate Desk Plant Set,Gifting,Bengaluru Hub,1965,632,996,2,1599,0.2,0,No,4,No,537840,12951,Yes
Nov-2022,FY23,GF005,Anniversary Succulent Box,Gifting,Talegaon Main (Pune),1165,1543,376,0,2332,0.0,0,No,6,No,161680,15041,Yes
Dec-2022,FY23,PL001,Monstera Deliciosa,Live Plants,Talegaon Main (Pune),1777,648,903,35,1487,3.88,0,No,3,No,126420,3122,Yes
Dec-2022,FY23,PL002,Peace Lily,Live Plants,Talegaon Main (Pune),1803,1988,554,49,3188,8.84,0,No,8,No,49860,4303,Yes
Dec-2022,FY23,PL003,Snake Plant (Sansevieria),Live Plants,Bengaluru Hub,1007,575,800,60,722,7.5,0,No,11,No,80000,1083,Yes
Dec-2022,FY23,PL004,Fiddle Leaf Fig,Live Plants,Mumbai Hub,447,429,424,22,430,5.19,0,No,3,No,127200,1935,Yes
Dec-2022,FY23,PL005,Golden Pothos,Live Plants,Delhi Hub,741,1653,1122,55,1217,4.9,0,No,14,No,67320,1095,Yes
Dec-2022,FY23,PL006,ZZ Plant,Live Plants,Delhi Hub,1459,823,1569,69,644,4.4,0,No,11,No,251040,1545,Yes
Dec-2022,FY23,PL007,Spider Plant,Live Plants,Hyderabad Spoke,2393,1873,852,50,3364,5.87,0,No,5,No,63900,3784,Yes
Dec-2022,FY23,PL008,Money Plant (Epipremnum),Live Plants,Delhi Hub,1702,1201,1273,38,1592,2.99,0,No,3,No,63650,1194,Yes
Dec-2022,FY23,PL009,Rubber Plant,Live Plants,Mumbai Hub,1538,851,809,32,1548,3.96,0,No,14,No,145620,4179,Yes
Dec-2022,FY23,PL010,Aglaonema Red,Live Plants,Delhi Hub,2046,1410,485,27,2944,5.57,0,No,8,No,101850,9273,Yes
Dec-2022,FY23,PL011,Rose – Red (Grafted),Live Plants,Bengaluru Hub,2476,1577,535,28,3490,5.23,0,No,13,No,69550,6805,Yes
Dec-2022,FY23,PL012,Hibiscus – Pink,Live Plants,Bengaluru Hub,2275,1845,1189,109,2822,9.17,0,No,14,No,130790,4656,Yes
Dec-2022,FY23,PL013,Bougainvillea,Live Plants,Bengaluru Hub,1189,1373,556,28,1978,5.04,0,No,4,No,63940,3412,Yes
Dec-2022,FY23,PL014,Ixora,Live Plants,Talegaon Main (Pune),579,1787,1359,101,906,7.43,0,No,7,No,115515,1155,Yes
Dec-2022,FY23,PL015,Marigold Seedling,Live Plants,Delhi Hub,879,630,1433,110,0,7.68,5,Yes,8,Yes,57320,0,Yes
Dec-2022,FY23,PL016,Aloe Vera,Live Plants,Delhi Hub,2345,590,1460,79,1396,5.41,0,No,8,No,116800,1675,Yes
Dec-2022,FY23,PL017,Cactus Mix (3 pack),Live Plants,Hyderabad Spoke,2132,1669,1092,104,2605,9.52,0,No,7,No,70980,2539,Yes
Dec-2022,FY23,PL018,Echeveria Set of 3,Live Plants,Hyderabad Spoke,1529,419,596,42,1310,7.05,0,No,14,No,56620,1866,Yes
Dec-2022,FY23,PL019,Areca Palm,Live Plants,Hyderabad Spoke,770,1347,777,24,1316,3.09,0,No,11,No,194250,4935,Yes
Dec-2022,FY23,PL020,Bamboo Palm,Live Plants,Mumbai Hub,2218,1611,568,28,3233,4.93,0,No,10,No,153360,13093,Yes
Dec-2022,FY23,SD001,Cherry Tomato Seeds,Seeds,Talegaon Main (Pune),1047,1693,1072,3,1665,0.28,0,No,13,No,19296,449,Yes
Dec-2022,FY23,SD002,Spinach Seeds (50g),Seeds,Delhi Hub,1123,407,560,1,969,0.18,0,No,4,No,7840,203,Yes
Dec-2022,FY23,SD003,Coriander Seeds (50g),Seeds,Bengaluru Hub,1176,1508,467,3,2214,0.64,0,No,4,No,5604,398,Yes
Dec-2022,FY23,SD004,Chilli Hybrid Seeds,Seeds,Hyderabad Spoke,444,1083,1357,3,167,0.22,0,No,10,No,29854,55,Yes
Dec-2022,FY23,SD005,Marigold Seeds,Seeds,Mumbai Hub,1137,935,634,2,1436,0.32,0,No,6,No,10144,344,Yes
Dec-2022,FY23,SD006,Sunflower Seeds,Seeds,Talegaon Main (Pune),634,1789,583,1,1839,0.17,0,No,10,No,11660,551,Yes
Dec-2022,FY23,SD007,Petunia Seeds,Seeds,Hyderabad Spoke,690,517,398,3,806,0.75,0,No,5,No,11144,338,Yes
Dec-2022,FY23,SD008,Methi Seeds (100g),Seeds,Hyderabad Spoke,932,615,812,3,732,0.37,0,No,7,No,8120,109,Yes
Dec-2022,FY23,SD009,Basil Seeds,Seeds,Hyderabad Spoke,2134,1228,605,3,2754,0.5,0,No,10,No,9075,619,Yes
Dec-2022,FY23,PT001,Ceramic Pot 5 inch – White,Pots & Planters,Delhi Hub,1595,1497,1557,3,1532,0.19,0,No,5,No,163485,2412,Yes
Dec-2022,FY23,PT002,Ceramic Pot 6 inch – Terracotta look,Pots & Planters,Talegaon Main (Pune),416,1878,458,0,1836,0.0,0,No,4,No,61830,3717,Yes
Dec-2022,FY23,PT003,Ceramic Pot 8 inch – Matte Black,Pots & Planters,Hyderabad Spoke,1582,1910,1307,5,2180,0.38,0,No,9,No,274470,6867,Yes
Dec-2022,FY23,PT004,Classic Terracotta 6in,Pots & Planters,Talegaon Main (Pune),1225,918,475,5,1663,1.05,0,No,11,No,33250,1746,Yes
Dec-2022,FY23,PT005,Self-Watering Pot 7in,Pots & Planters,Talegaon Main (Pune),1985,1208,1020,2,2171,0.2,0,No,9,No,244800,7815,Yes
Dec-2022,FY23,PT006,Hanging Basket Planter,Pots & Planters,Delhi Hub,844,856,1127,4,569,0.35,0,No,7,No,185955,1408,Yes
Dec-2022,FY23,PT007,Vertical Wall Planter (5 pocket),Pots & Planters,Bengaluru Hub,762,1387,1184,0,965,0.0,0,No,12,No,461760,5645,Yes
Dec-2022,FY23,PT008,Nursery Grow Bags (5 pack),Pots & Planters,Hyderabad Spoke,245,954,879,0,320,0.0,0,No,3,No,70320,384,Yes
Dec-2022,FY23,FR001,Ugaoo NPK 19-19-19 (500g),Fertilisers,Bengaluru Hub,1432,1119,964,2,1585,0.21,0,No,12,No,91580,2258,Yes
Dec-2022,FY23,FR002,Organic Vermicompost (2kg),Fertilisers,Talegaon Main (Pune),756,1860,488,5,2123,1.02,0,No,9,No,53680,3502,Yes
Dec-2022,FY23,FR003,Seaweed Liquid Fertiliser,Fertilisers,Talegaon Main (Pune),1525,1162,1130,5,1552,0.44,0,No,5,No,90400,1862,Yes
Dec-2022,FY23,FR004,Bone Meal Fertiliser (500g),Fertilisers,Hyderabad Spoke,1485,1014,944,5,1550,0.53,0,No,5,No,94400,2325,Yes
Dec-2022,FY23,FR005,Plant Tonic – Rooting Hormone,Fertilisers,Delhi Hub,2265,1335,606,2,2992,0.33,0,No,12,No,42420,3141,Yes
Dec-2022,FY23,TL001,Garden Pruner – Stainless,Tools,Bengaluru Hub,1246,1697,1494,3,1446,0.2,0,No,11,No,216630,3145,Yes
Dec-2022,FY23,TL002,Watering Can 2L,Tools,Bengaluru Hub,2055,795,438,2,2410,0.46,0,No,3,No,41610,3434,Yes
Dec-2022,FY23,TL003,Premium Potting Mix 5kg,Tools,Bengaluru Hub,382,1688,1273,3,794,0.24,0,No,14,No,165490,1548,Yes
Dec-2022,FY23,TL004,Pebbles Decorative 500g,Tools,Delhi Hub,1595,1427,1526,3,1493,0.2,0,No,5,No,83930,1231,Yes
Dec-2022,FY23,TL005,Moisture Meter,Tools,Hyderabad Spoke,750,1220,783,0,1187,0.0,0,No,8,No,156600,3561,Yes
Dec-2022,FY23,GF001,Green Starter Kit,Gifting,Hyderabad Spoke,1385,435,1233,1,586,0.08,0,No,3,No,456210,3252,Yes
Dec-2022,FY23,GF002,Plant Parent Gift Box,Gifting,Mumbai Hub,361,1284,1059,1,585,0.09,0,No,6,No,698940,5791,Yes
Dec-2022,FY23,GF003,Festive Diwali Plant Hamper,Gifting,Talegaon Main (Pune),1455,1408,492,2,2369,0.41,0,No,12,No,541200,39088,Yes
Dec-2022,FY23,GF004,Corporate Desk Plant Set,Gifting,Bengaluru Hub,830,1712,717,5,1820,0.7,0,No,11,No,387180,14742,Yes
Dec-2022,FY23,GF005,Anniversary Succulent Box,Gifting,Hyderabad Spoke,373,1484,1364,0,493,0.0,0,No,6,No,586520,3179,Yes
Jan-2023,FY23,PL001,Monstera Deliciosa,Live Plants,Hyderabad Spoke,1538,612,1142,37,971,3.24,0,No,4,No,159880,2039,Yes
Jan-2023,FY23,PL002,Peace Lily,Live Plants,Hyderabad Spoke,1679,1052,1272,110,1349,8.65,0,No,14,No,114480,1821,Yes
Jan-2023,FY23,PL003,Snake Plant (Sansevieria),Live Plants,Delhi Hub,1249,830,836,33,1210,3.95,0,No,14,No,83600,1815,Yes
Jan-2023,FY23,PL004,Fiddle Leaf Fig,Live Plants,Hyderabad Spoke,1095,1666,1306,70,1385,5.36,0,No,6,No,391800,6232,Yes
Jan-2023,FY23,PL005,Golden Pothos,Live Plants,Mumbai Hub,600,672,1262,49,0,3.88,0,Yes,3,Yes,75720,0,Yes
Jan-2023,FY23,PL006,ZZ Plant,Live Plants,Delhi Hub,216,937,623,53,477,8.51,0,No,8,No,99680,1144,Yes
Jan-2023,FY23,PL007,Spider Plant,Live Plants,Mumbai Hub,1453,695,637,31,1480,4.87,0,No,11,No,47775,1665,Yes
Jan-2023,FY23,PL008,Money Plant (Epipremnum),Live Plants,Delhi Hub,1476,1344,494,19,2307,3.85,0,No,5,No,24700,1730,Yes
Jan-2023,FY23,PL009,Rubber Plant,Live Plants,Delhi Hub,2459,1142,322,12,3267,3.73,0,No,10,No,57960,8820,Yes
Jan-2023,FY23,PL010,Aglaonema Red,Live Plants,Hyderabad Spoke,1902,1220,1118,53,1951,4.74,0,No,13,No,234780,6145,Yes
Jan-2023,FY23,PL011,Rose – Red (Grafted),Live Plants,Delhi Hub,2190,1730,1001,84,2835,8.39,0,No,4,No,130130,5528,Yes
Jan-2023,FY23,PL012,Hibiscus – Pink,Live Plants,Hyderabad Spoke,934,514,1166,93,189,7.98,0,No,6,No,128260,311,Yes
Jan-2023,FY23,PL013,Bougainvillea,Live Plants,Mumbai Hub,633,1271,1451,62,391,4.27,0,No,13,No,166865,674,Yes
Jan-2023,FY23,PL014,Ixora,Live Plants,Talegaon Main (Pune),1365,1481,1527,69,1250,4.52,0,No,3,No,129795,1593,Yes
Jan-2023,FY23,PL015,Marigold Seedling,Live Plants,Delhi Hub,719,1004,1089,86,548,7.9,0,No,3,No,43560,328,Yes
Jan-2023,FY23,PL016,Aloe Vera,Live Plants,Bengaluru Hub,665,1754,1356,52,1011,3.83,0,No,8,No,108480,1213,Yes
Jan-2023,FY23,PL017,Cactus Mix (3 pack),Live Plants,Delhi Hub,1002,1374,1181,74,1121,6.27,0,No,12,No,76765,1092,Yes
Jan-2023,FY23,PL018,Echeveria Set of 3,Live Plants,Mumbai Hub,1638,712,1150,74,1126,6.43,0,No,14,No,109250,1604,Yes
Jan-2023,FY23,PL019,Areca Palm,Live Plants,Mumbai Hub,2477,1991,1229,62,3177,5.04,0,No,13,No,307250,11913,Yes
Jan-2023,FY23,PL020,Bamboo Palm,Live Plants,Hyderabad Spoke,1051,693,526,34,1184,6.46,0,No,10,No,142020,4795,Yes
Jan-2023,FY23,SD001,Cherry Tomato Seeds,Seeds,Talegaon Main (Pune),453,969,1294,3,125,0.23,0,No,9,No,23292,33,Yes
Jan-2023,FY23,SD002,Spinach Seeds (50g),Seeds,Mumbai Hub,545,792,723,0,614,0.0,0,No,14,No,10122,128,Yes
Jan-2023,FY23,SD003,Coriander Seeds (50g),Seeds,Hyderabad Spoke,1208,413,468,2,1151,0.43,0,No,9,No,5616,207,Yes
Jan-2023,FY23,SD004,Chilli Hybrid Seeds,Seeds,Talegaon Main (Pune),1697,894,857,5,1729,0.58,0,No,9,No,18854,570,Yes
Jan-2023,FY23,SD005,Marigold Seeds,Seeds,Talegaon Main (Pune),2321,1974,301,2,3992,0.66,0,No,10,No,4816,958,Yes
Jan-2023,FY23,SD006,Sunflower Seeds,Seeds,Delhi Hub,479,836,1305,1,9,0.08,5,Yes,14,Yes,26100,2,Yes
Jan-2023,FY23,SD007,Petunia Seeds,Seeds,Bengaluru Hub,853,779,901,4,727,0.44,0,No,14,No,25228,305,Yes
Jan-2023,FY23,SD008,Methi Seeds (100g),Seeds,Hyderabad Spoke,2418,562,1599,2,1379,0.13,0,No,9,No,15990,206,Yes
Jan-2023,FY23,SD009,Basil Seeds,Seeds,Hyderabad Spoke,2461,901,588,5,2769,0.85,0,No,3,No,8820,623,Yes
Jan-2023,FY23,PT001,Ceramic Pot 5 inch – White,Pots & Planters,Delhi Hub,1336,660,966,5,1025,0.52,0,No,10,No,101430,1614,Yes
Jan-2023,FY23,PT002,Ceramic Pot 6 inch – Terracotta look,Pots & Planters,Hyderabad Spoke,1169,1456,1235,5,1385,0.4,0,No,9,No,166725,2804,Yes
Jan-2023,FY23,PT003,Ceramic Pot 8 inch – Matte Black,Pots & Planters,Delhi Hub,1566,1865,1574,3,1854,0.19,0,No,4,No,330540,5840,Yes
Jan-2023,FY23,PT004,Classic Terracotta 6in,Pots & Planters,Hyderabad Spoke,1301,1082,965,5,1413,0.52,0,No,14,No,67550,1483,Yes
Jan-2023,FY23,PT005,Self-Watering Pot 7in,Pots & Planters,Talegaon Main (Pune),1831,1126,1055,1,1901,0.09,0,No,5,No,253200,6843,Yes
Jan-2023,FY23,PT006,Hanging Basket Planter,Pots & Planters,Talegaon Main (Pune),527,866,904,0,489,0.0,0,No,6,No,149160,1210,Yes
Jan-2023,FY23,PT007,Vertical Wall Planter (5 pocket),Pots & Planters,Talegaon Main (Pune),537,1629,1216,3,947,0.25,0,No,6,No,474240,5539,Yes
Jan-2023,FY23,PT008,Nursery Grow Bags (5 pack),Pots & Planters,Talegaon Main (Pune),1725,1167,1258,5,1629,0.4,0,No,10,No,100640,1954,Yes
Jan-2023,FY23,FR001,Ugaoo NPK 19-19-19 (500g),Fertilisers,Talegaon Main (Pune),2288,535,370,4,2449,1.08,0,No,14,No,35150,3489,Yes
Jan-2023,FY23,FR002,Organic Vermicompost (2kg),Fertilisers,Mumbai Hub,391,1253,488,0,1156,0.0,0,No,4,No,53680,1907,Yes
Jan-2023,FY23,FR003,Seaweed Liquid Fertiliser,Fertilisers,Mumbai Hub,210,1718,420,1,1507,0.24,0,No,4,No,33600,1808,Yes
Jan-2023,FY23,FR004,Bone Meal Fertiliser (500g),Fertilisers,Bengaluru Hub,1075,961,813,2,1221,0.25,0,No,3,No,81300,1831,Yes
Jan-2023,FY23,FR005,Plant Tonic – Rooting Hormone,Fertilisers,Mumbai Hub,1968,1258,1165,4,2057,0.34,0,No,13,No,81550,2159,Yes
Jan-2023,FY23,TL001,Garden Pruner – Stainless,Tools,Delhi Hub,1063,1399,863,3,1596,0.35,0,No,6,No,125135,3471,Yes
Jan-2023,FY23,TL002,Watering Can 2L,Tools,Hyderabad Spoke,1096,1521,1210,4,1403,0.33,0,No,8,No,114950,1999,Yes
Jan-2023,FY23,TL003,Premium Potting Mix 5kg,Tools,Delhi Hub,533,927,400,4,1056,1.0,0,No,3,No,52000,2059,Yes
Jan-2023,FY23,TL004,Pebbles Decorative 500g,Tools,Delhi Hub,1826,1874,1165,4,2531,0.34,0,No,5,No,64075,2088,Yes
Jan-2023,FY23,TL005,Moisture Meter,Tools,Bengaluru Hub,2276,1299,834,1,2740,0.12,0,No,9,No,166800,8220,Yes
Jan-2023,FY23,GF001,Green Starter Kit,Gifting,Delhi Hub,1628,756,902,0,1482,0.0,0,No,7,No,333740,8225,Yes
Jan-2023,FY23,GF002,Plant Parent Gift Box,Gifting,Delhi Hub,1599,1118,860,5,1852,0.58,0,No,7,No,567600,18334,Yes
Jan-2023,FY23,GF003,Festive Diwali Plant Hamper,Gifting,Delhi Hub,1767,1711,695,0,2783,0.0,0,No,3,No,764500,45919,Yes
Jan-2023,FY23,GF004,Corporate Desk Plant Set,Gifting,Delhi Hub,2230,663,1060,5,1828,0.47,0,No,14,No,572400,14806,Yes
Jan-2023,FY23,GF005,Anniversary Succulent Box,Gifting,Mumbai Hub,1245,1051,378,3,1915,0.79,0,No,7,No,162540,12351,Yes
Feb-2023,FY23,PL001,Monstera Deliciosa,Live Plants,Mumbai Hub,2205,1606,1079,69,2663,6.39,0,No,5,No,151060,5592,Yes
Feb-2023,FY23,PL002,Peace Lily,Live Plants,Delhi Hub,1621,1766,1536,112,1739,7.29,0,No,4,No,138240,2347,Yes
Feb-2023,FY23,PL003,Snake Plant (Sansevieria),Live Plants,Hyderabad Spoke,1365,1017,1171,72,1139,6.15,0,No,14,No,117100,1708,Yes
Feb-2023,FY23,PL004,Fiddle Leaf Fig,Live Plants,Hyderabad Spoke,2415,713,580,32,2516,5.52,0,No,7,No,174000,11322,Yes
Feb-2023,FY23,PL005,Golden Pothos,Live Plants,Talegaon Main (Pune),1352,928,791,56,1433,7.08,0,No,3,No,47460,1289,Yes
Feb-2023,FY23,PL006,ZZ Plant,Live Plants,Hyderabad Spoke,716,664,371,22,987,5.93,0,No,10,No,59360,2368,Yes
Feb-2023,FY23,PL007,Spider Plant,Live Plants,Hyderabad Spoke,2490,1628,904,68,3146,7.52,0,No,13,No,67800,3539,Yes
Feb-2023,FY23,PL008,Money Plant (Epipremnum),Live Plants,Talegaon Main (Pune),1611,796,1186,45,1176,3.79,0,No,13,No,59300,882,Yes
Feb-2023,FY23,PL009,Rubber Plant,Live Plants,Delhi Hub,2431,1409,790,69,2981,8.73,0,No,8,No,142200,8048,Yes
Feb-2023,FY23,PL010,Aglaonema Red,Live Plants,Bengaluru Hub,1833,1153,1418,64,1504,4.51,0,No,7,No,297780,4737,Yes
Feb-2023,FY23,PL011,Rose – Red (Grafted),Live Plants,Hyderabad Spoke,2255,1044,1469,53,1777,3.61,0,No,12,No,190970,3465,Yes
Feb-2023,FY23,PL012,Hibiscus – Pink,Live Plants,Hyderabad Spoke,1499,1557,442,39,2575,8.82,0,No,3,No,48620,4248,Yes
Feb-2023,FY23,PL013,Bougainvillea,Live Plants,Bengaluru Hub,2212,1085,951,45,2301,4.73,0,No,10,No,109365,3969,Yes
Feb-2023,FY23,PL014,Ixora,Live Plants,Hyderabad Spoke,1955,1387,1522,46,1774,3.02,0,No,8,No,129370,2261,Yes
Feb-2023,FY23,PL015,Marigold Seedling,Live Plants,Talegaon Main (Pune),2100,1440,438,37,3065,8.45,0,No,10,No,17520,1839,Yes
Feb-2023,FY23,PL016,Aloe Vera,Live Plants,Bengaluru Hub,890,1934,1011,41,1772,4.06,0,No,10,No,80880,2126,Yes
Feb-2023,FY23,PL017,Cactus Mix (3 pack),Live Plants,Mumbai Hub,1536,417,1243,101,609,8.13,0,No,11,No,80795,593,Yes
Feb-2023,FY23,PL018,Echeveria Set of 3,Live Plants,Delhi Hub,1745,1196,485,25,2431,5.15,0,No,7,No,46075,3464,Yes
Feb-2023,FY23,PL019,Areca Palm,Live Plants,Mumbai Hub,2029,1423,579,25,2848,4.32,0,No,9,No,144750,10680,Yes
Feb-2023,FY23,PL020,Bamboo Palm,Live Plants,Bengaluru Hub,2180,576,1055,89,1612,8.44,0,No,5,No,284850,6528,Yes
Feb-2023,FY23,SD001,Cherry Tomato Seeds,Seeds,Mumbai Hub,1023,1072,895,3,1197,0.34,0,No,14,No,16110,323,Yes
Feb-2023,FY23,SD002,Spinach Seeds (50g),Seeds,Delhi Hub,1533,1169,443,0,2259,0.0,0,No,9,No,6202,474,Yes
Feb-2023,FY23,SD003,Coriander Seeds (50g),Seeds,Mumbai Hub,1559,1117,339,0,2337,0.0,0,No,9,No,4068,420,Yes
Feb-2023,FY23,SD004,Chilli Hybrid Seeds,Seeds,Talegaon Main (Pune),2228,1418,1463,1,2182,0.07,0,No,7,No,32186,720,Yes
Feb-2023,FY23,SD005,Marigold Seeds,Seeds,Delhi Hub,1596,1959,1311,4,2240,0.31,0,No,5,No,20976,537,Yes
Feb-2023,FY23,SD006,Sunflower Seeds,Seeds,Hyderabad Spoke,879,1770,538,1,2110,0.19,0,No,6,No,10760,633,Yes
Feb-2023,FY23,SD007,Petunia Seeds,Seeds,Hyderabad Spoke,1954,922,735,2,2139,0.27,0,No,9,No,20580,898,Yes
Feb-2023,FY23,SD008,Methi Seeds (100g),Seeds,Hyderabad Spoke,348,1498,372,5,1469,1.34,0,No,4,No,3720,220,Yes
Feb-2023,FY23,SD009,Basil Seeds,Seeds,Mumbai Hub,389,1937,1424,0,902,0.0,0,No,13,No,21360,202,Yes
Feb-2023,FY23,PT001,Ceramic Pot 5 inch – White,Pots & Planters,Hyderabad Spoke,965,1781,1531,0,1215,0.0,0,No,11,No,160755,1913,Yes
Feb-2023,FY23,PT002,Ceramic Pot 6 inch – Terracotta look,Pots & Planters,Delhi Hub,533,1757,1248,3,1039,0.24,0,No,6,No,168480,2103,Yes
Feb-2023,FY23,PT003,Ceramic Pot 8 inch – Matte Black,Pots & Planters,Hyderabad Spoke,1636,720,668,1,1687,0.15,0,No,11,No,140280,5314,Yes
Feb-2023,FY23,PT004,Classic Terracotta 6in,Pots & Planters,Mumbai Hub,1091,1841,796,0,2136,0.0,0,No,11,No,55720,2242,Yes
Feb-2023,FY23,PT005,Self-Watering Pot 7in,Pots & Planters,Bengaluru Hub,438,841,1152,1,126,0.09,0,No,14,No,276480,453,Yes
Feb-2023,FY23,PT006,Hanging Basket Planter,Pots & Planters,Hyderabad Spoke,1698,589,1041,2,1244,0.19,0,No,8,No,171765,3078,Yes
Feb-2023,FY23,PT007,Vertical Wall Planter (5 pocket),Pots & Planters,Talegaon Main (Pune),1045,959,733,3,1268,0.41,0,No,13,No,285870,7417,Yes
Feb-2023,FY23,PT008,Nursery Grow Bags (5 pack),Pots & Planters,Bengaluru Hub,265,1823,1016,5,1067,0.49,0,No,4,No,81280,1280,Yes
Feb-2023,FY23,FR001,Ugaoo NPK 19-19-19 (500g),Fertilisers,Bengaluru Hub,1741,1803,976,5,2563,0.51,0,No,3,No,92720,3652,Yes
Feb-2023,FY23,FR002,Organic Vermicompost (2kg),Fertilisers,Delhi Hub,287,1631,1286,5,627,0.39,0,No,9,No,141460,1034,Yes
Feb-2023,FY23,FR003,Seaweed Liquid Fertiliser,Fertilisers,Bengaluru Hub,1401,581,886,1,1095,0.11,0,No,9,No,70880,1314,Yes
Feb-2023,FY23,FR004,Bone Meal Fertiliser (500g),Fertilisers,Mumbai Hub,2443,917,1126,2,2232,0.18,0,No,13,No,112600,3348,Yes
Feb-2023,FY23,FR005,Plant Tonic – Rooting Hormone,Fertilisers,Talegaon Main (Pune),2312,1485,883,1,2913,0.11,0,No,10,No,61810,3058,Yes
Feb-2023,FY23,TL001,Garden Pruner – Stainless,Tools,Delhi Hub,322,703,903,5,117,0.55,0,No,3,No,130935,254,Yes
Feb-2023,FY23,TL002,Watering Can 2L,Tools,Mumbai Hub,1408,1500,744,3,2161,0.4,0,No,12,No,70680,3079,Yes
Feb-2023,FY23,TL003,Premium Potting Mix 5kg,Tools,Hyderabad Spoke,465,795,1250,4,6,0.32,2,Yes,8,Yes,162500,11,Yes
Feb-2023,FY23,TL004,Pebbles Decorative 500g,Tools,Talegaon Main (Pune),869,1072,1365,4,572,0.29,0,No,6,No,75075,471,Yes
Feb-2023,FY23,TL005,Moisture Meter,Tools,Bengaluru Hub,287,553,830,0,10,0.0,0,Yes,7,Yes,166000,30,Yes
Feb-2023,FY23,GF001,Green Starter Kit,Gifting,Bengaluru Hub,2092,862,1557,4,1393,0.26,0,No,11,No,576090,7731,Yes
Feb-2023,FY23,GF002,Plant Parent Gift Box,Gifting,Hyderabad Spoke,1091,1529,1056,3,1561,0.28,0,No,3,No,696960,15453,Yes
Feb-2023,FY23,GF003,Festive Diwali Plant Hamper,Gifting,Talegaon Main (Pune),1666,793,1061,2,1396,0.19,0,No,12,No,1167100,23034,Yes
Feb-2023,FY23,GF004,Corporate Desk Plant Set,Gifting,Hyderabad Spoke,882,1595,1463,1,1013,0.07,0,No,8,No,790020,8205,Yes
Feb-2023,FY23,GF005,Anniversary Succulent Box,Gifting,Bengaluru Hub,1622,1807,918,0,2511,0.0,0,No,13,No,394740,16195,Yes
Mar-2023,FY23,PL001,Monstera Deliciosa,Live Plants,Mumbai Hub,384,350,724,61,0,8.43,5,Yes,10,Yes,101360,0,No
Mar-2023,FY23,PL002,Peace Lily,Live Plants,Hyderabad Spoke,1165,732,532,24,1341,4.51,0,No,3,No,47880,1810,No
Mar-2023,FY23,PL003,Snake Plant (Sansevieria),Live Plants,Bengaluru Hub,1461,688,211,14,1924,6.64,0,No,6,No,21100,2886,No
Mar-2023,FY23,PL004,Fiddle Leaf Fig,Live Plants,Delhi Hub,706,528,197,18,1019,9.14,0,No,13,No,59100,4585,No
Mar-2023,FY23,PL005,Golden Pothos,Live Plants,Talegaon Main (Pune),1280,976,439,34,1783,7.74,0,No,10,No,26340,1604,No
Mar-2023,FY23,PL006,ZZ Plant,Live Plants,Hyderabad Spoke,617,375,813,42,137,5.17,0,No,13,No,130080,328,No
Mar-2023,FY23,PL007,Spider Plant,Live Plants,Hyderabad Spoke,2389,504,276,24,2593,8.7,0,No,8,No,20700,2917,No
Mar-2023,FY23,PL008,Money Plant (Epipremnum),Live Plants,Talegaon Main (Pune),1287,304,206,18,1367,8.74,0,No,13,No,10300,1025,No
Mar-2023,FY23,PL009,Rubber Plant,Live Plants,Bengaluru Hub,469,577,575,42,429,7.3,0,No,13,No,103500,1158,No
Mar-2023,FY23,PL010,Aglaonema Red,Live Plants,Bengaluru Hub,1037,791,816,49,963,6.0,0,No,4,No,171360,3033,No
Mar-2023,FY23,PL011,Rose – Red (Grafted),Live Plants,Bengaluru Hub,1381,257,280,18,1340,6.43,0,No,6,No,36400,2613,No
Mar-2023,FY23,PL012,Hibiscus – Pink,Live Plants,Delhi Hub,1566,863,628,61,1740,9.71,0,No,7,No,69080,2871,No
Mar-2023,FY23,PL013,Bougainvillea,Live Plants,Hyderabad Spoke,2039,475,226,21,2267,9.29,0,No,5,No,25990,3910,No
Mar-2023,FY23,PL014,Ixora,Live Plants,Talegaon Main (Pune),847,1084,458,21,1452,4.59,0,No,7,No,38930,1851,No
Mar-2023,FY23,PL015,Marigold Seedling,Live Plants,Talegaon Main (Pune),1557,466,703,55,1265,7.82,0,No,13,No,28120,759,No
Mar-2023,FY23,PL016,Aloe Vera,Live Plants,Mumbai Hub,554,848,639,54,709,8.45,0,No,7,No,51120,850,No
Mar-2023,FY23,PL017,Cactus Mix (3 pack),Live Plants,Talegaon Main (Pune),1730,173,588,51,1264,8.67,0,No,5,No,38220,1232,No
Mar-2023,FY23,PL018,Echeveria Set of 3,Live Plants,Talegaon Main (Pune),860,423,854,51,378,5.97,0,No,7,No,81130,538,No
Mar-2023,FY23,PL019,Areca Palm,Live Plants,Mumbai Hub,313,693,865,48,93,5.55,0,No,12,No,216250,348,No
Mar-2023,FY23,PL020,Bamboo Palm,Live Plants,Delhi Hub,1757,928,355,29,2301,8.17,0,No,11,No,95850,9319,No
Mar-2023,FY23,SD001,Cherry Tomato Seeds,Seeds,Hyderabad Spoke,239,905,834,0,310,0.0,0,No,14,No,15012,83,No
Mar-2023,FY23,SD002,Spinach Seeds (50g),Seeds,Bengaluru Hub,755,885,195,2,1443,1.03,0,No,5,No,2730,303,No
Mar-2023,FY23,SD003,Coriander Seeds (50g),Seeds,Delhi Hub,1979,108,508,4,1575,0.79,0,No,5,No,6096,283,No
Mar-2023,FY23,SD004,Chilli Hybrid Seeds,Seeds,Talegaon Main (Pune),2289,718,806,4,2197,0.5,0,No,3,No,17732,725,No
Mar-2023,FY23,SD005,Marigold Seeds,Seeds,Hyderabad Spoke,2084,510,152,3,2439,1.97,0,No,12,No,2432,585,No
Mar-2023,FY23,SD006,Sunflower Seeds,Seeds,Talegaon Main (Pune),2125,150,191,3,2081,1.57,0,No,3,No,3820,624,No
Mar-2023,FY23,SD007,Petunia Seeds,Seeds,Mumbai Hub,2048,696,584,3,2157,0.51,0,No,3,No,16352,905,No
Mar-2023,FY23,SD008,Methi Seeds (100g),Seeds,Bengaluru Hub,1967,220,399,3,1785,0.75,0,No,13,No,3990,267,No
Mar-2023,FY23,SD009,Basil Seeds,Seeds,Delhi Hub,1500,156,571,0,1085,0.0,0,No,13,No,8565,244,No
Mar-2023,FY23,PT001,Ceramic Pot 5 inch – White,Pots & Planters,Delhi Hub,881,728,635,2,972,0.31,0,No,9,No,66675,1530,No
Mar-2023,FY23,PT002,Ceramic Pot 6 inch – Terracotta look,Pots & Planters,Hyderabad Spoke,1795,921,645,2,2069,0.31,0,No,6,No,87075,4189,No
Mar-2023,FY23,PT003,Ceramic Pot 8 inch – Matte Black,Pots & Planters,Talegaon Main (Pune),411,340,741,4,6,0.54,5,Yes,13,Yes,155610,18,No
Mar-2023,FY23,PT004,Classic Terracotta 6in,Pots & Planters,Bengaluru Hub,1180,1096,416,2,1858,0.48,0,No,4,No,29120,1950,No
Mar-2023,FY23,PT005,Self-Watering Pot 7in,Pots & Planters,Mumbai Hub,970,733,811,1,891,0.12,0,No,11,No,194640,3207,No
Mar-2023,FY23,PT006,Hanging Basket Planter,Pots & Planters,Delhi Hub,2330,463,334,4,2455,1.2,0,No,14,No,55110,6076,No
Mar-2023,FY23,PT007,Vertical Wall Planter (5 pocket),Pots & Planters,Mumbai Hub,2073,1025,352,0,2746,0.0,0,No,13,No,137280,16064,No
Mar-2023,FY23,PT008,Nursery Grow Bags (5 pack),Pots & Planters,Hyderabad Spoke,2020,1019,521,2,2516,0.38,0,No,14,No,41680,3019,No
Mar-2023,FY23,FR001,Ugaoo NPK 19-19-19 (500g),Fertilisers,Mumbai Hub,2273,1160,779,2,2652,0.26,0,No,5,No,74005,3779,No
Mar-2023,FY23,FR002,Organic Vermicompost (2kg),Fertilisers,Bengaluru Hub,872,1000,199,0,1673,0.0,0,No,13,No,21890,2760,No
Mar-2023,FY23,FR003,Seaweed Liquid Fertiliser,Fertilisers,Mumbai Hub,2330,982,407,0,2905,0.0,0,No,12,No,32560,3486,No
Mar-2023,FY23,FR004,Bone Meal Fertiliser (500g),Fertilisers,Talegaon Main (Pune),2251,972,717,4,2502,0.56,0,No,4,No,71700,3753,No
Mar-2023,FY23,FR005,Plant Tonic – Rooting Hormone,Fertilisers,Mumbai Hub,1989,627,156,1,2459,0.64,0,No,3,No,10920,2581,No
Mar-2023,FY23,TL001,Garden Pruner – Stainless,Tools,Talegaon Main (Pune),1735,922,310,0,2347,0.0,0,No,13,No,44950,5104,No
Mar-2023,FY23,TL002,Watering Can 2L,Tools,Mumbai Hub,1975,569,212,3,2329,1.42,0,No,14,No,20140,3318,No
Mar-2023,FY23,TL003,Premium Potting Mix 5kg,Tools,Hyderabad Spoke,326,746,864,5,203,0.58,0,No,14,No,112320,395,No
Mar-2023,FY23,TL004,Pebbles Decorative 500g,Tools,Talegaon Main (Pune),227,1044,341,5,925,1.47,0,No,5,No,18755,763,No
Mar-2023,FY23,TL005,Moisture Meter,Tools,Mumbai Hub,2448,630,590,4,2484,0.68,0,No,10,No,118000,7452,No
Mar-2023,FY23,GF001,Green Starter Kit,Gifting,Bengaluru Hub,2357,1014,894,3,2474,0.34,0,No,10,No,330780,13730,No
Mar-2023,FY23,GF002,Plant Parent Gift Box,Gifting,Bengaluru Hub,1002,327,386,3,940,0.78,0,No,5,No,254760,9306,No
Mar-2023,FY23,GF003,Festive Diwali Plant Hamper,Gifting,Mumbai Hub,317,413,116,0,614,0.0,0,No,6,No,127600,10131,No
Mar-2023,FY23,GF004,Corporate Desk Plant Set,Gifting,Hyderabad Spoke,1178,703,560,1,1320,0.18,0,No,5,No,302400,10692,No
Mar-2023,FY23,GF005,Anniversary Succulent Box,Gifting,Talegaon Main (Pune),1494,1169,496,1,2166,0.2,0,No,13,No,213280,13970,No
Apr-2023,FY24,PL001,Monstera Deliciosa,Live Plants,Bengaluru Hub,206,216,412,28,0,6.8,4,Yes,10,Yes,57680,0,No
Apr-2023,FY24,PL002,Peace Lily,Live Plants,Bengaluru Hub,588,689,357,26,894,7.28,0,No,3,No,32130,1206,No
Apr-2023,FY24,PL003,Snake Plant (Sansevieria),Live Plants,Bengaluru Hub,1131,1082,580,34,1599,5.86,0,No,6,No,58000,2398,No
Apr-2023,FY24,PL004,Fiddle Leaf Fig,Live Plants,Hyderabad Spoke,1030,263,774,65,454,8.4,0,No,3,No,232200,2043,No
Apr-2023,FY24,PL005,Golden Pothos,Live Plants,Delhi Hub,1479,1100,501,18,2060,3.59,0,No,6,No,30060,1854,No
Apr-2023,FY24,PL006,ZZ Plant,Live Plants,Delhi Hub,2150,303,771,38,1644,4.93,0,No,9,No,123360,3945,No
Apr-2023,FY24,PL007,Spider Plant,Live Plants,Delhi Hub,831,118,604,31,314,5.13,0,No,5,No,45300,353,No
Apr-2023,FY24,PL008,Money Plant (Epipremnum),Live Plants,Hyderabad Spoke,1285,330,438,42,1135,9.59,0,No,8,No,21900,851,No
Apr-2023,FY24,PL009,Rubber Plant,Live Plants,Delhi Hub,2144,767,746,28,2137,3.75,0,No,5,No,134280,5769,No
Apr-2023,FY24,PL010,Aglaonema Red,Live Plants,Delhi Hub,2194,891,403,26,2656,6.45,0,No,4,No,84630,8366,No
Apr-2023,FY24,PL011,Rose – Red (Grafted),Live Plants,Hyderabad Spoke,1736,1070,522,31,2253,5.94,0,No,14,No,67860,4393,No
Apr-2023,FY24,PL012,Hibiscus – Pink,Live Plants,Hyderabad Spoke,1101,187,857,55,376,6.42,0,No,12,No,94270,620,No
Apr-2023,FY24,PL013,Bougainvillea,Live Plants,Hyderabad Spoke,2008,444,704,50,1698,7.1,0,No,9,No,80960,2929,No
Apr-2023,FY24,PL014,Ixora,Live Plants,Mumbai Hub,1540,244,267,16,1501,5.99,0,No,7,No,22695,1913,No
Apr-2023,FY24,PL015,Marigold Seedling,Live Plants,Delhi Hub,657,595,452,36,764,7.96,0,No,7,No,18080,458,No
Apr-2023,FY24,PL016,Aloe Vera,Live Plants,Talegaon Main (Pune),2350,1054,434,30,2940,6.91,0,No,13,No,34720,3528,No
Apr-2023,FY24,PL017,Cactus Mix (3 pack),Live Plants,Mumbai Hub,1323,463,80,3,1703,3.75,0,No,13,No,5200,1660,No
Apr-2023,FY24,PL018,Echeveria Set of 3,Live Plants,Mumbai Hub,2480,1112,313,17,3262,5.43,0,No,6,No,29735,4648,No
Apr-2023,FY24,PL019,Areca Palm,Live Plants,Hyderabad Spoke,2152,710,579,53,2230,9.15,0,No,10,No,144750,8362,No
Apr-2023,FY24,PL020,Bamboo Palm,Live Plants,Talegaon Main (Pune),992,1018,387,19,1604,4.91,0,No,5,No,104490,6496,No
Apr-2023,FY24,SD001,Cherry Tomato Seeds,Seeds,Mumbai Hub,1760,790,530,0,2020,0.0,0,No,3,No,9540,545,No
Apr-2023,FY24,SD002,Spinach Seeds (50g),Seeds,Delhi Hub,1583,1157,154,1,2585,0.65,0,No,9,No,2156,542,No
Apr-2023,FY24,SD003,Coriander Seeds (50g),Seeds,Delhi Hub,1492,683,167,4,2004,2.4,0,No,10,No,2004,360,No
Apr-2023,FY24,SD004,Chilli Hybrid Seeds,Seeds,Talegaon Main (Pune),1198,921,454,5,1660,1.1,0,No,11,No,9988,547,No
Apr-2023,FY24,SD005,Marigold Seeds,Seeds,Talegaon Main (Pune),2332,117,734,1,1714,0.14,0,No,5,No,11744,411,No
Apr-2023,FY24,SD006,Sunflower Seeds,Seeds,Delhi Hub,1825,1074,149,2,2748,1.34,0,No,10,No,2980,824,No
Apr-2023,FY24,SD007,Petunia Seeds,Seeds,Delhi Hub,1626,127,109,3,1641,2.75,0,No,14,No,3052,689,No
Apr-2023,FY24,SD008,Methi Seeds (100g),Seeds,Hyderabad Spoke,720,240,754,0,206,0.0,0,No,6,No,7540,30,No
Apr-2023,FY24,SD009,Basil Seeds,Seeds,Mumbai Hub,2066,623,878,3,1808,0.34,0,No,14,No,13170,406,No
Apr-2023,FY24,PT001,Ceramic Pot 5 inch – White,Pots & Planters,Mumbai Hub,1963,1172,594,4,2537,0.67,0,No,4,No,62370,3995,No
Apr-2023,FY24,PT002,Ceramic Pot 6 inch – Terracotta look,Pots & Planters,Bengaluru Hub,1529,605,688,0,1446,0.0,0,No,7,No,92880,2928,No
Apr-2023,FY24,PT003,Ceramic Pot 8 inch – Matte Black,Pots & Planters,Hyderabad Spoke,1859,927,755,5,2026,0.66,0,No,6,No,158550,6381,No
Apr-2023,FY24,PT004,Classic Terracotta 6in,Pots & Planters,Delhi Hub,1797,317,229,0,1885,0.0,0,No,13,No,16030,1979,No
Apr-2023,FY24,PT005,Self-Watering Pot 7in,Pots & Planters,Talegaon Main (Pune),2466,465,624,2,2305,0.32,0,No,4,No,149760,8298,No
Apr-2023,FY24,PT006,Hanging Basket Planter,Pots & Planters,Talegaon Main (Pune),726,1128,253,2,1599,0.79,0,No,3,No,41745,3957,No
Apr-2023,FY24,PT007,Vertical Wall Planter (5 pocket),Pots & Planters,Hyderabad Spoke,2179,471,381,3,2266,0.79,0,No,5,No,148590,13256,No
Apr-2023,FY24,PT008,Nursery Grow Bags (5 pack),Pots & Planters,Hyderabad Spoke,774,553,491,2,834,0.41,0,No,14,No,39280,1000,No
Apr-2023,FY24,FR001,Ugaoo NPK 19-19-19 (500g),Fertilisers,Talegaon Main (Pune),2498,450,717,0,2231,0.0,0,No,3,No,68115,3179,No
Apr-2023,FY24,FR002,Organic Vermicompost (2kg),Fertilisers,Delhi Hub,2022,961,467,4,2512,0.86,0,No,7,No,51370,4144,No
Apr-2023,FY24,FR003,Seaweed Liquid Fertiliser,Fertilisers,Talegaon Main (Pune),763,270,426,0,607,0.0,0,No,3,No,34080,728,No
Apr-2023,FY24,FR004,Bone Meal Fertiliser (500g),Fertilisers,Hyderabad Spoke,2205,895,524,3,2573,0.57,0,No,5,No,52400,3859,No
Apr-2023,FY24,FR005,Plant Tonic – Rooting Hormone,Fertilisers,Hyderabad Spoke,2460,888,891,3,2454,0.34,0,No,3,No,62370,2576,No
Apr-2023,FY24,TL001,Garden Pruner – Stainless,Tools,Talegaon Main (Pune),1240,1093,186,5,2142,2.69,0,No,8,No,26970,4658,No
Apr-2023,FY24,TL002,Watering Can 2L,Tools,Bengaluru Hub,1129,561,209,0,1481,0.0,0,No,11,No,19855,2110,No
Apr-2023,FY24,TL003,Premium Potting Mix 5kg,Tools,Hyderabad Spoke,1071,823,342,3,1549,0.88,0,No,14,No,44460,3020,No
Apr-2023,FY24,TL004,Pebbles Decorative 500g,Tools,Mumbai Hub,2345,222,802,0,1765,0.0,0,No,14,No,44110,1456,No
Apr-2023,FY24,TL005,Moisture Meter,Tools,Talegaon Main (Pune),1008,706,359,1,1354,0.28,0,No,5,No,71800,4062,No
Apr-2023,FY24,GF001,Green Starter Kit,Gifting,Mumbai Hub,1259,160,807,4,608,0.5,0,No,11,No,298590,3374,No
Apr-2023,FY24,GF002,Plant Parent Gift Box,Gifting,Bengaluru Hub,1942,279,846,3,1372,0.35,0,No,9,No,558360,13582,No
Apr-2023,FY24,GF003,Festive Diwali Plant Hamper,Gifting,Mumbai Hub,1514,351,97,2,1766,2.06,0,No,8,No,106700,29139,No
Apr-2023,FY24,GF004,Corporate Desk Plant Set,Gifting,Mumbai Hub,2051,472,385,4,2134,1.04,0,No,7,No,207900,17285,No
Apr-2023,FY24,GF005,Anniversary Succulent Box,Gifting,Hyderabad Spoke,614,1021,494,0,1141,0.0,0,No,14,No,212420,7359,No
May-2023,FY24,PL001,Monstera Deliciosa,Live Plants,Bengaluru Hub,1779,895,284,21,2369,7.39,0,No,9,No,39760,4974,No
May-2023,FY24,PL002,Peace Lily,Live Plants,Bengaluru Hub,1063,337,261,10,1129,3.83,0,No,9,No,23490,1524,No
May-2023,FY24,PL003,Snake Plant (Sansevieria),Live Plants,Delhi Hub,215,384,589,32,0,5.43,0,Yes,9,Yes,58900,0,No
May-2023,FY24,PL004,Fiddle Leaf Fig,Live Plants,Bengaluru Hub,2154,1183,846,53,2438,6.26,0,No,3,No,253800,10971,No
May-2023,FY24,PL005,Golden Pothos,Live Plants,Bengaluru Hub,989,746,727,54,954,7.43,0,No,12,No,43620,858,No
May-2023,FY24,PL006,ZZ Plant,Live Plants,Hyderabad Spoke,2466,616,125,3,2954,2.4,0,No,12,No,20000,7089,No
May-2023,FY24,PL007,Spider Plant,Live Plants,Delhi Hub,445,797,692,25,525,3.61,0,No,11,No,51900,590,No
May-2023,FY24,PL008,Money Plant (Epipremnum),Live Plants,Hyderabad Spoke,537,145,563,31,88,5.51,0,No,4,No,28150,66,No
May-2023,FY24,PL009,Rubber Plant,Live Plants,Hyderabad Spoke,1941,461,159,7,2236,4.4,0,No,14,No,28620,6037,No
May-2023,FY24,PL010,Aglaonema Red,Live Plants,Hyderabad Spoke,2437,382,765,29,2025,3.79,0,No,13,No,160650,6378,No
May-2023,FY24,PL011,Rose – Red (Grafted),Live Plants,Delhi Hub,333,715,583,57,408,9.78,0,No,4,No,75790,795,No
May-2023,FY24,PL012,Hibiscus – Pink,Live Plants,Delhi Hub,1500,495,264,9,1722,3.41,0,No,11,No,29040,2841,No
May-2023,FY24,PL013,Bougainvillea,Live Plants,Bengaluru Hub,2205,853,225,10,2823,4.44,0,No,11,No,25875,4869,No
May-2023,FY24,PL014,Ixora,Live Plants,Hyderabad Spoke,357,1062,360,11,1048,3.06,0,No,4,No,30600,1336,No
May-2023,FY24,PL015,Marigold Seedling,Live Plants,Mumbai Hub,2128,507,278,23,2334,8.27,0,No,10,No,11120,1400,No
May-2023,FY24,PL016,Aloe Vera,Live Plants,Talegaon Main (Pune),2175,320,313,30,2152,9.58,0,No,4,No,25040,2582,No
May-2023,FY24,PL017,Cactus Mix (3 pack),Live Plants,Talegaon Main (Pune),1728,585,182,16,2115,8.79,0,No,10,No,11830,2062,No
May-2023,FY24,PL018,Echeveria Set of 3,Live Plants,Hyderabad Spoke,996,479,380,16,1079,4.21,0,No,9,No,36100,1537,No
May-2023,FY24,PL019,Areca Palm,Live Plants,Mumbai Hub,1453,729,145,4,2033,2.76,0,No,12,No,36250,7623,No
May-2023,FY24,PL020,Bamboo Palm,Live Plants,Delhi Hub,1894,459,399,26,1928,6.52,0,No,3,No,107730,7808,No
May-2023,FY24,SD001,Cherry Tomato Seeds,Seeds,Bengaluru Hub,1126,811,558,2,1377,0.36,0,No,5,No,10044,371,No
May-2023,FY24,SD002,Spinach Seeds (50g),Seeds,Mumbai Hub,1900,197,444,1,1652,0.23,0,No,5,No,6216,346,No
May-2023,FY24,SD003,Coriander Seeds (50g),Seeds,Hyderabad Spoke,472,474,214,3,729,1.4,0,No,13,No,2568,131,No
May-2023,FY24,SD004,Chilli Hybrid Seeds,Seeds,Bengaluru Hub,2437,946,634,2,2747,0.32,0,No,5,No,13948,906,No
May-2023,FY24,SD005,Marigold Seeds,Seeds,Hyderabad Spoke,620,196,263,5,548,1.9,0,No,9,No,4208,131,No
May-2023,FY24,SD006,Sunflower Seeds,Seeds,Hyderabad Spoke,273,684,223,2,732,0.9,0,No,6,No,4460,219,No
May-2023,FY24,SD007,Petunia Seeds,Seeds,Mumbai Hub,2383,424,532,3,2272,0.56,0,No,4,No,14896,954,No
May-2023,FY24,SD008,Methi Seeds (100g),Seeds,Hyderabad Spoke,328,810,497,3,638,0.6,0,No,3,No,4970,95,No
May-2023,FY24,SD009,Basil Seeds,Seeds,Mumbai Hub,2049,1084,603,0,2530,0.0,0,No,14,No,9045,569,No
May-2023,FY24,PT001,Ceramic Pot 5 inch – White,Pots & Planters,Delhi Hub,779,284,216,5,842,2.31,0,No,7,No,22680,1326,No
May-2023,FY24,PT002,Ceramic Pot 6 inch – Terracotta look,Pots & Planters,Hyderabad Spoke,1995,1038,726,3,2304,0.41,0,No,12,No,98010,4665,No
May-2023,FY24,PT003,Ceramic Pot 8 inch – Matte Black,Pots & Planters,Bengaluru Hub,2088,463,598,1,1952,0.17,0,No,10,No,125580,6148,No
May-2023,FY24,PT004,Classic Terracotta 6in,Pots & Planters,Talegaon Main (Pune),2065,205,462,1,1807,0.22,0,No,9,No,32340,1897,No
May-2023,FY24,PT005,Self-Watering Pot 7in,Pots & Planters,Delhi Hub,2313,585,620,0,2278,0.0,0,No,14,No,148800,8200,No
May-2023,FY24,PT006,Hanging Basket Planter,Pots & Planters,Bengaluru Hub,1569,1112,394,5,2282,1.27,0,No,6,No,65010,5647,No
May-2023,FY24,PT007,Vertical Wall Planter (5 pocket),Pots & Planters,Bengaluru Hub,530,653,815,5,363,0.61,0,No,9,No,317850,2123,No
May-2023,FY24,PT008,Nursery Grow Bags (5 pack),Pots & Planters,Delhi Hub,2495,253,296,3,2449,1.01,0,No,4,No,23680,2938,No
May-2023,FY24,FR001,Ugaoo NPK 19-19-19 (500g),Fertilisers,Delhi Hub,2137,705,356,5,2481,1.4,0,No,6,No,33820,3535,No
May-2023,FY24,FR002,Organic Vermicompost (2kg),Fertilisers,Delhi Hub,1985,244,287,1,1941,0.35,0,No,13,No,31570,3202,No
May-2023,FY24,FR003,Seaweed Liquid Fertiliser,Fertilisers,Mumbai Hub,1111,840,666,0,1285,0.0,0,No,12,No,53280,1542,No
May-2023,FY24,FR004,Bone Meal Fertiliser (500g),Fertilisers,Talegaon Main (Pune),1197,728,236,1,1688,0.42,0,No,6,No,23600,2532,No
May-2023,FY24,FR005,Plant Tonic – Rooting Hormone,Fertilisers,Talegaon Main (Pune),487,279,571,5,190,0.88,0,No,12,No,39970,199,No
May-2023,FY24,TL001,Garden Pruner – Stainless,Tools,Bengaluru Hub,375,271,636,0,10,0.0,0,Yes,6,Yes,92220,21,No
May-2023,FY24,TL002,Watering Can 2L,Tools,Talegaon Main (Pune),2075,627,250,5,2447,2.0,0,No,8,No,23750,3486,No
May-2023,FY24,TL003,Premium Potting Mix 5kg,Tools,Bengaluru Hub,994,381,333,4,1038,1.2,0,No,14,No,43290,2024,No
May-2023,FY24,TL004,Pebbles Decorative 500g,Tools,Talegaon Main (Pune),1239,703,824,0,1118,0.0,0,No,5,No,45320,922,No
May-2023,FY24,TL005,Moisture Meter,Tools,Talegaon Main (Pune),1178,712,420,4,1466,0.95,0,No,12,No,84000,4398,No
May-2023,FY24,GF001,Green Starter Kit,Gifting,Delhi Hub,907,1155,723,3,1336,0.41,0,No,14,No,267510,7414,No
May-2023,FY24,GF002,Plant Parent Gift Box,Gifting,Delhi Hub,1451,449,723,5,1172,0.69,0,No,13,No,477180,11602,No
May-2023,FY24,GF003,Festive Diwali Plant Hamper,Gifting,Talegaon Main (Pune),2296,974,860,0,2410,0.0,0,No,12,No,946000,39765,No
May-2023,FY24,GF004,Corporate Desk Plant Set,Gifting,Talegaon Main (Pune),442,152,584,0,10,0.0,3,Yes,11,Yes,315360,81,No
May-2023,FY24,GF005,Anniversary Succulent Box,Gifting,Talegaon Main (Pune),1700,510,825,1,1384,0.12,0,No,8,No,354750,8926,No
Jun-2023,FY24,PL001,Monstera Deliciosa,Live Plants,Bengaluru Hub,557,844,373,31,997,8.31,0,No,9,No,52220,2093,No
Jun-2023,FY24,PL002,Peace Lily,Live Plants,Mumbai Hub,2189,1013,581,54,2567,9.29,0,No,12,No,52290,3465,No
Jun-2023,FY24,PL003,Snake Plant (Sansevieria),Live Plants,Hyderabad Spoke,1483,445,784,69,1075,8.8,0,No,14,No,78400,1612,No
Jun-2023,FY24,PL004,Fiddle Leaf Fig,Live Plants,Talegaon Main (Pune),2009,1183,711,46,2435,6.47,0,No,9,No,213300,10957,No
Jun-2023,FY24,PL005,Golden Pothos,Live Plants,Talegaon Main (Pune),1583,711,581,33,1680,5.68,0,No,8,No,34860,1512,No
Jun-2023,FY24,PL006,ZZ Plant,Live Plants,Mumbai Hub,487,594,690,21,370,3.04,0,No,14,No,110400,888,No
Jun-2023,FY24,PL007,Spider Plant,Live Plants,Delhi Hub,1682,1084,310,18,2438,5.81,0,No,12,No,23250,2742,No
Jun-2023,FY24,PL008,Money Plant (Epipremnum),Live Plants,Hyderabad Spoke,2494,220,237,10,2467,4.22,0,No,13,No,11850,1850,No
Jun-2023,FY24,PL009,Rubber Plant,Live Plants,Mumbai Hub,325,827,417,17,718,4.08,0,No,14,No,75060,1938,No
Jun-2023,FY24,PL010,Aglaonema Red,Live Plants,Bengaluru Hub,2022,982,457,31,2516,6.78,0,No,9,No,95970,7925,No
Jun-2023,FY24,PL011,Rose – Red (Grafted),Live Plants,Talegaon Main (Pune),2094,968,555,50,2457,9.01,0,No,3,No,72150,4791,No
Jun-2023,FY24,PL012,Hibiscus – Pink,Live Plants,Talegaon Main (Pune),389,633,845,66,111,7.81,0,No,4,No,92950,183,No
Jun-2023,FY24,PL013,Bougainvillea,Live Plants,Delhi Hub,1541,642,779,42,1362,5.39,0,No,3,No,89585,2349,No
Jun-2023,FY24,PL014,Ixora,Live Plants,Talegaon Main (Pune),757,551,522,32,754,6.13,0,No,12,No,44370,961,No
Jun-2023,FY24,PL015,Marigold Seedling,Live Plants,Hyderabad Spoke,914,985,586,26,1287,4.44,0,No,12,No,23440,772,No
Jun-2023,FY24,PL016,Aloe Vera,Live Plants,Bengaluru Hub,1792,113,759,31,1115,4.08,0,No,11,No,60720,1338,No
Jun-2023,FY24,PL017,Cactus Mix (3 pack),Live Plants,Talegaon Main (Pune),476,392,589,34,245,5.77,0,No,12,No,38285,238,No
Jun-2023,FY24,PL018,Echeveria Set of 3,Live Plants,Mumbai Hub,561,378,497,48,394,9.66,0,No,3,No,47215,561,No
Jun-2023,FY24,PL019,Areca Palm,Live Plants,Bengaluru Hub,615,1168,317,12,1454,3.79,0,No,11,No,79250,5452,No
Jun-2023,FY24,PL020,Bamboo Palm,Live Plants,Mumbai Hub,1676,1041,580,22,2115,3.79,0,No,6,No,156600,8565,No
Jun-2023,FY24,SD001,Cherry Tomato Seeds,Seeds,Delhi Hub,1730,1006,358,0,2378,0.0,0,No,11,No,6444,642,No
Jun-2023,FY24,SD002,Spinach Seeds (50g),Seeds,Talegaon Main (Pune),1558,1031,620,5,1964,0.81,0,No,11,No,8680,412,No
Jun-2023,FY24,SD003,Coriander Seeds (50g),Seeds,Bengaluru Hub,1481,985,252,4,2210,1.59,0,No,11,No,3024,397,No
Jun-2023,FY24,SD004,Chilli Hybrid Seeds,Seeds,Talegaon Main (Pune),267,975,861,1,380,0.12,0,No,8,No,18942,125,No
Jun-2023,FY24,SD005,Marigold Seeds,Seeds,Delhi Hub,2358,399,600,5,2152,0.83,0,No,12,No,9600,516,No
Jun-2023,FY24,SD006,Sunflower Seeds,Seeds,Talegaon Main (Pune),1947,386,111,0,2222,0.0,0,No,3,No,2220,666,No
Jun-2023,FY24,SD007,Petunia Seeds,Seeds,Delhi Hub,1837,982,630,5,2184,0.79,0,No,8,No,17640,917,No
Jun-2023,FY24,SD008,Methi Seeds (100g),Seeds,Hyderabad Spoke,861,1163,725,2,1297,0.28,0,No,8,No,7250,194,No
Jun-2023,FY24,SD009,Basil Seeds,Seeds,Talegaon Main (Pune),376,750,305,1,820,0.33,0,No,14,No,4575,184,No
Jun-2023,FY24,PT001,Ceramic Pot 5 inch – White,Pots & Planters,Mumbai Hub,1205,1164,511,4,1854,0.78,0,No,8,No,53655,2920,No
Jun-2023,FY24,PT002,Ceramic Pot 6 inch – Terracotta look,Pots & Planters,Delhi Hub,875,696,343,1,1227,0.29,0,No,10,No,46305,2484,No
Jun-2023,FY24,PT003,Ceramic Pot 8 inch – Matte Black,Pots & Planters,Hyderabad Spoke,740,607,797,3,547,0.38,0,No,6,No,167370,1723,No
Jun-2023,FY24,PT004,Classic Terracotta 6in,Pots & Planters,Hyderabad Spoke,1330,672,199,4,1799,2.01,0,No,7,No,13930,1888,No
Jun-2023,FY24,PT005,Self-Watering Pot 7in,Pots & Planters,Delhi Hub,1360,170,338,4,1188,1.18,0,No,6,No,81120,4276,No
Jun-2023,FY24,PT006,Hanging Basket Planter,Pots & Planters,Delhi Hub,1906,389,115,1,2179,0.87,0,No,13,No,18975,5393,No
Jun-2023,FY24,PT007,Vertical Wall Planter (5 pocket),Pots & Planters,Delhi Hub,1687,555,840,0,1402,0.0,0,No,6,No,327600,8201,No
Jun-2023,FY24,PT008,Nursery Grow Bags (5 pack),Pots & Planters,Mumbai Hub,341,1169,595,3,912,0.5,0,No,8,No,47600,1094,No
Jun-2023,FY24,FR001,Ugaoo NPK 19-19-19 (500g),Fertilisers,Hyderabad Spoke,1817,1164,602,0,2379,0.0,0,No,8,No,57190,3390,No
Jun-2023,FY24,FR002,Organic Vermicompost (2kg),Fertilisers,Talegaon Main (Pune),519,601,387,3,730,0.78,0,No,12,No,42570,1204,No
Jun-2023,FY24,FR003,Seaweed Liquid Fertiliser,Fertilisers,Mumbai Hub,323,512,687,4,144,0.58,0,No,4,No,54960,172,No
Jun-2023,FY24,FR004,Bone Meal Fertiliser (500g),Fertilisers,Bengaluru Hub,594,1045,682,3,954,0.44,0,No,14,No,68200,1431,No
Jun-2023,FY24,FR005,Plant Tonic – Rooting Hormone,Fertilisers,Bengaluru Hub,2239,688,282,4,2641,1.42,0,No,10,No,19740,2773,No
Jun-2023,FY24,TL001,Garden Pruner – Stainless,Tools,Talegaon Main (Pune),1412,309,115,4,1602,3.48,0,No,6,No,16675,3484,No
Jun-2023,FY24,TL002,Watering Can 2L,Tools,Delhi Hub,832,942,253,0,1521,0.0,0,No,11,No,24035,2167,No
Jun-2023,FY24,TL003,Premium Potting Mix 5kg,Tools,Bengaluru Hub,963,838,142,3,1656,2.11,0,No,12,No,18460,3229,No
Jun-2023,FY24,TL004,Pebbles Decorative 500g,Tools,Mumbai Hub,1722,248,335,4,1631,1.19,0,No,13,No,18425,1345,No
Jun-2023,FY24,TL005,Moisture Meter,Tools,Talegaon Main (Pune),2167,644,494,3,2314,0.61,0,No,5,No,98800,6942,No
Jun-2023,FY24,GF001,Green Starter Kit,Gifting,Delhi Hub,1533,291,660,5,1159,0.76,0,No,13,No,244200,6432,No
Jun-2023,FY24,GF002,Plant Parent Gift Box,Gifting,Delhi Hub,416,897,511,2,800,0.39,0,No,4,No,337260,7920,No
Jun-2023,FY24,GF003,Festive Diwali Plant Hamper,Gifting,Delhi Hub,943,1142,176,4,1905,2.27,0,No,9,No,193600,31432,No
Jun-2023,FY24,GF004,Corporate Desk Plant Set,Gifting,Hyderabad Spoke,411,198,252,1,356,0.4,0,No,10,No,136080,2883,No
Jun-2023,FY24,GF005,Anniversary Succulent Box,Gifting,Hyderabad Spoke,1610,992,872,1,1729,0.11,0,No,3,No,374960,11152,No
Jul-2023,FY24,PL001,Monstera Deliciosa,Live Plants,Bengaluru Hub,2122,487,528,19,2062,3.6,0,No,6,No,73920,4330,No
Jul-2023,FY24,PL002,Peace Lily,Live Plants,Delhi Hub,1247,412,545,17,1097,3.12,0,No,10,No,49050,1480,No
Jul-2023,FY24,PL003,Snake Plant (Sansevieria),Live Plants,Mumbai Hub,770,799,296,17,1256,5.74,0,No,3,No,29600,1884,No
Jul-2023,FY24,PL004,Fiddle Leaf Fig,Live Plants,Delhi Hub,2343,269,677,30,1905,4.43,0,No,7,No,203100,8572,No
Jul-2023,FY24,PL005,Golden Pothos,Live Plants,Delhi Hub,424,1057,295,27,1159,9.15,0,No,4,No,17700,1043,No
Jul-2023,FY24,PL006,ZZ Plant,Live Plants,Hyderabad Spoke,1284,485,157,15,1597,9.55,0,No,5,No,25120,3832,No
Jul-2023,FY24,PL007,Spider Plant,Live Plants,Mumbai Hub,1442,955,825,78,1494,9.45,0,No,4,No,61875,1680,No
Jul-2023,FY24,PL008,Money Plant (Epipremnum),Live Plants,Talegaon Main (Pune),2120,894,179,11,2824,6.15,0,No,11,No,8950,2118,No
Jul-2023,FY24,PL009,Rubber Plant,Live Plants,Bengaluru Hub,1376,501,290,26,1561,8.97,0,No,10,No,52200,4214,No
Jul-2023,FY24,PL010,Aglaonema Red,Live Plants,Mumbai Hub,1753,694,134,4,2309,2.99,0,No,7,No,28140,7273,No
Jul-2023,FY24,PL011,Rose – Red (Grafted),Live Plants,Delhi Hub,1216,809,794,44,1187,5.54,0,No,12,No,103220,2314,No
Jul-2023,FY24,PL012,Hibiscus – Pink,Live Plants,Mumbai Hub,2055,397,770,32,1650,4.16,0,No,5,No,84700,2722,No
Jul-2023,FY24,PL013,Bougainvillea,Live Plants,Hyderabad Spoke,2379,942,660,46,2615,6.97,0,No,8,No,75900,4510,No
Jul-2023,FY24,PL014,Ixora,Live Plants,Hyderabad Spoke,453,625,186,9,883,4.84,0,No,13,No,15810,1125,No
Jul-2023,FY24,PL015,Marigold Seedling,Live Plants,Mumbai Hub,687,535,443,36,743,8.13,0,No,7,No,17720,445,No
Jul-2023,FY24,PL016,Aloe Vera,Live Plants,Bengaluru Hub,1906,245,379,30,1742,7.92,0,No,13,No,30320,2090,No
Jul-2023,FY24,PL017,Cactus Mix (3 pack),Live Plants,Mumbai Hub,1089,702,192,18,1581,9.38,0,No,6,No,12480,1541,No
Jul-2023,FY24,PL018,Echeveria Set of 3,Live Plants,Mumbai Hub,636,589,728,71,426,9.75,0,No,10,No,69160,607,No
Jul-2023,FY24,PL019,Areca Palm,Live Plants,Bengaluru Hub,2010,1011,360,29,2632,8.06,0,No,10,No,90000,9870,No
Jul-2023,FY24,PL020,Bamboo Palm,Live Plants,Bengaluru Hub,2392,1138,424,13,3093,3.07,0,No,3,No,114480,12526,No
Jul-2023,FY24,SD001,Cherry Tomato Seeds,Seeds,Hyderabad Spoke,1846,967,870,3,1940,0.34,0,No,6,No,15660,523,No
Jul-2023,FY24,SD002,Spinach Seeds (50g),Seeds,Delhi Hub,1469,1146,275,4,2336,1.45,0,No,7,No,3850,490,No
Jul-2023,FY24,SD003,Coriander Seeds (50g),Seeds,Talegaon Main (Pune),461,622,179,0,904,0.0,0,No,12,No,2148,162,No
Jul-2023,FY24,SD004,Chilli Hybrid Seeds,Seeds,Talegaon Main (Pune),265,1002,516,0,751,0.0,0,No,13,No,11352,247,No
Jul-2023,FY24,SD005,Marigold Seeds,Seeds,Delhi Hub,346,382,718,5,5,0.7,4,Yes,3,Yes,11488,1,No
Jul-2023,FY24,SD006,Sunflower Seeds,Seeds,Mumbai Hub,1155,1154,304,4,2001,1.32,0,No,11,No,6080,600,No
Jul-2023,FY24,SD007,Petunia Seeds,Seeds,Hyderabad Spoke,844,383,232,0,995,0.0,0,No,12,No,6496,417,No
Jul-2023,FY24,SD008,Methi Seeds (100g),Seeds,Talegaon Main (Pune),2378,625,648,2,2353,0.31,0,No,14,No,6480,352,No
Jul-2023,FY24,SD009,Basil Seeds,Seeds,Delhi Hub,2434,277,110,2,2599,1.82,0,No,14,No,1650,584,No
Jul-2023,FY24,PT001,Ceramic Pot 5 inch – White,Pots & Planters,Talegaon Main (Pune),1627,506,160,1,1972,0.62,0,No,13,No,16800,3105,No
Jul-2023,FY24,PT002,Ceramic Pot 6 inch – Terracotta look,Pots & Planters,Delhi Hub,2210,1022,142,4,3086,2.82,0,No,14,No,19170,6249,No
Jul-2023,FY24,PT003,Ceramic Pot 8 inch – Matte Black,Pots & Planters,Talegaon Main (Pune),1867,1007,422,2,2450,0.47,0,No,3,No,88620,7717,No
Jul-2023,FY24,PT004,Classic Terracotta 6in,Pots & Planters,Hyderabad Spoke,1467,761,538,3,1687,0.56,0,No,12,No,37660,1771,No
Jul-2023,FY24,PT005,Self-Watering Pot 7in,Pots & Planters,Bengaluru Hub,1425,455,816,1,1063,0.12,0,No,7,No,195840,3826,No
Jul-2023,FY24,PT006,Hanging Basket Planter,Pots & Planters,Bengaluru Hub,540,726,849,5,412,0.59,0,No,9,No,140085,1019,No
Jul-2023,FY24,PT007,Vertical Wall Planter (5 pocket),Pots & Planters,Talegaon Main (Pune),294,1165,125,2,1332,1.6,0,No,8,No,48750,7792,No
Jul-2023,FY24,PT008,Nursery Grow Bags (5 pack),Pots & Planters,Hyderabad Spoke,1469,365,128,0,1706,0.0,0,No,4,No,10240,2047,No
Jul-2023,FY24,FR001,Ugaoo NPK 19-19-19 (500g),Fertilisers,Delhi Hub,406,575,863,1,117,0.12,0,No,8,No,81985,166,No
Jul-2023,FY24,FR002,Organic Vermicompost (2kg),Fertilisers,Delhi Hub,2497,450,287,0,2660,0.0,0,No,7,No,31570,4389,No
Jul-2023,FY24,FR003,Seaweed Liquid Fertiliser,Fertilisers,Mumbai Hub,1732,794,786,1,1739,0.13,0,No,8,No,62880,2086,No
Jul-2023,FY24,FR004,Bone Meal Fertiliser (500g),Fertilisers,Bengaluru Hub,406,561,726,3,238,0.41,0,No,3,No,72600,357,No
Jul-2023,FY24,FR005,Plant Tonic – Rooting Hormone,Fertilisers,Talegaon Main (Pune),1528,530,857,3,1198,0.35,0,No,5,No,59990,1257,No
Jul-2023,FY24,TL001,Garden Pruner – Stainless,Tools,Hyderabad Spoke,742,358,532,4,564,0.75,0,No,5,No,77140,1226,No
Jul-2023,FY24,TL002,Watering Can 2L,Tools,Delhi Hub,279,1093,115,2,1255,1.74,0,No,6,No,10925,1788,No
Jul-2023,FY24,TL003,Premium Potting Mix 5kg,Tools,Mumbai Hub,1823,694,477,4,2036,0.84,0,No,9,No,62010,3970,No
Jul-2023,FY24,TL004,Pebbles Decorative 500g,Tools,Talegaon Main (Pune),961,613,402,5,1167,1.24,0,No,12,No,22110,962,No
Jul-2023,FY24,TL005,Moisture Meter,Tools,Hyderabad Spoke,1899,369,631,5,1632,0.79,0,No,9,No,126200,4896,No
Jul-2023,FY24,GF001,Green Starter Kit,Gifting,Bengaluru Hub,1257,1094,700,2,1649,0.29,0,No,4,No,259000,9151,No
Jul-2023,FY24,GF002,Plant Parent Gift Box,Gifting,Talegaon Main (Pune),2461,803,590,0,2674,0.0,0,No,11,No,389400,26472,No
Jul-2023,FY24,GF003,Festive Diwali Plant Hamper,Gifting,Hyderabad Spoke,2014,938,525,5,2422,0.95,0,No,13,No,577500,39963,No
Jul-2023,FY24,GF004,Corporate Desk Plant Set,Gifting,Hyderabad Spoke,490,250,545,4,191,0.73,0,No,11,No,294300,1547,No
Jul-2023,FY24,GF005,Anniversary Succulent Box,Gifting,Bengaluru Hub,1008,411,97,0,1322,0.0,0,No,13,No,41710,8526,No
Aug-2023,FY24,PL001,Monstera Deliciosa,Live Plants,Delhi Hub,2267,169,97,5,2334,5.15,0,No,5,No,13580,4901,No
Aug-2023,FY24,PL002,Peace Lily,Live Plants,Delhi Hub,769,664,88,7,1338,7.95,0,No,14,No,7920,1806,No
Aug-2023,FY24,PL003,Snake Plant (Sansevieria),Live Plants,Bengaluru Hub,851,916,362,19,1386,5.25,0,No,13,No,36200,2079,No
Aug-2023,FY24,PL004,Fiddle Leaf Fig,Live Plants,Talegaon Main (Pune),585,404,746,35,208,4.69,0,No,10,No,223800,936,No
Aug-2023,FY24,PL005,Golden Pothos,Live Plants,Bengaluru Hub,795,626,307,11,1103,3.58,0,No,9,No,18420,992,No
Aug-2023,FY24,PL006,ZZ Plant,Live Plants,Bengaluru Hub,1556,221,438,29,1310,6.62,0,No,9,No,70080,3144,No
Aug-2023,FY24,PL007,Spider Plant,Live Plants,Talegaon Main (Pune),293,842,185,14,936,7.57,0,No,10,No,13875,1053,No
Aug-2023,FY24,PL008,Money Plant (Epipremnum),Live Plants,Delhi Hub,2475,104,628,59,1892,9.39,0,No,6,No,31400,1419,No
Aug-2023,FY24,PL009,Rubber Plant,Live Plants,Delhi Hub,2405,524,753,47,2129,6.24,0,No,11,No,135540,5748,No
Aug-2023,FY24,PL010,Aglaonema Red,Live Plants,Hyderabad Spoke,1640,802,591,44,1807,7.45,0,No,7,No,124110,5692,No
Aug-2023,FY24,PL011,Rose – Red (Grafted),Live Plants,Talegaon Main (Pune),1576,357,722,69,1142,9.56,0,No,13,No,93860,2226,No
Aug-2023,FY24,PL012,Hibiscus – Pink,Live Plants,Talegaon Main (Pune),946,464,557,34,819,6.1,0,No,7,No,61270,1351,No
Aug-2023,FY24,PL013,Bougainvillea,Live Plants,Mumbai Hub,986,739,883,53,789,6.0,0,No,9,No,101545,1361,No
Aug-2023,FY24,PL014,Ixora,Live Plants,Hyderabad Spoke,1592,1088,834,63,1783,7.55,0,No,14,No,70890,2273,No
Aug-2023,FY24,PL015,Marigold Seedling,Live Plants,Bengaluru Hub,1918,671,481,28,2080,5.82,0,No,3,No,19240,1248,No
Aug-2023,FY24,PL016,Aloe Vera,Live Plants,Delhi Hub,329,868,715,30,452,4.2,0,No,11,No,57200,542,No
Aug-2023,FY24,PL017,Cactus Mix (3 pack),Live Plants,Hyderabad Spoke,1964,440,233,15,2156,6.44,0,No,6,No,15145,2102,No
Aug-2023,FY24,PL018,Echeveria Set of 3,Live Plants,Hyderabad Spoke,918,499,876,52,489,5.94,0,No,6,No,83220,696,No
Aug-2023,FY24,PL019,Areca Palm,Live Plants,Bengaluru Hub,498,793,495,30,766,6.06,0,No,6,No,123750,2872,No
Aug-2023,FY24,PL020,Bamboo Palm,Live Plants,Talegaon Main (Pune),1356,134,211,19,1260,9.0,0,No,10,No,56970,5103,No
Aug-2023,FY24,SD001,Cherry Tomato Seeds,Seeds,Talegaon Main (Pune),723,219,859,1,82,0.12,0,No,6,No,15462,22,No
Aug-2023,FY24,SD002,Spinach Seeds (50g),Seeds,Bengaluru Hub,566,407,869,5,99,0.58,0,No,3,No,12166,20,No
Aug-2023,FY24,SD003,Coriander Seeds (50g),Seeds,Hyderabad Spoke,1030,694,712,3,1009,0.42,0,No,4,No,8544,181,No
Aug-2023,FY24,SD004,Chilli Hybrid Seeds,Seeds,Bengaluru Hub,900,364,542,3,719,0.55,0,No,4,No,11924,237,No
Aug-2023,FY24,SD005,Marigold Seeds,Seeds,Mumbai Hub,1606,556,104,4,2054,3.85,0,No,9,No,1664,492,No
Aug-2023,FY24,SD006,Sunflower Seeds,Seeds,Bengaluru Hub,923,588,273,2,1236,0.73,0,No,10,No,5460,370,No
Aug-2023,FY24,SD007,Petunia Seeds,Seeds,Bengaluru Hub,1670,650,372,0,1948,0.0,0,No,12,No,10416,818,No
Aug-2023,FY24,SD008,Methi Seeds (100g),Seeds,Delhi Hub,2034,648,674,4,2004,0.59,0,No,10,No,6740,300,No
Aug-2023,FY24,SD009,Basil Seeds,Seeds,Hyderabad Spoke,1308,525,721,5,1107,0.69,0,No,9,No,10815,249,No
Aug-2023,FY24,PT001,Ceramic Pot 5 inch – White,Pots & Planters,Delhi Hub,1813,1141,721,1,2232,0.14,0,No,12,No,75705,3515,No
Aug-2023,FY24,PT002,Ceramic Pot 6 inch – Terracotta look,Pots & Planters,Mumbai Hub,2222,495,444,0,2273,0.0,0,No,10,No,59940,4602,No
Aug-2023,FY24,PT003,Ceramic Pot 8 inch – Matte Black,Pots & Planters,Delhi Hub,2080,470,489,2,2059,0.41,0,No,13,No,102690,6485,No
Aug-2023,FY24,PT004,Classic Terracotta 6in,Pots & Planters,Bengaluru Hub,1819,218,207,3,1827,1.45,0,No,8,No,14490,1918,No
Aug-2023,FY24,PT005,Self-Watering Pot 7in,Pots & Planters,Talegaon Main (Pune),1533,703,787,4,1445,0.51,0,No,7,No,188880,5202,No
Aug-2023,FY24,PT006,Hanging Basket Planter,Pots & Planters,Delhi Hub,1015,439,658,1,795,0.15,0,No,5,No,108570,1967,No
Aug-2023,FY24,PT007,Vertical Wall Planter (5 pocket),Pots & Planters,Delhi Hub,845,276,838,2,281,0.24,0,No,8,No,326820,1643,No
Aug-2023,FY24,PT008,Nursery Grow Bags (5 pack),Pots & Planters,Delhi Hub,1097,1126,631,3,1589,0.48,0,No,5,No,50480,1906,No
Aug-2023,FY24,FR001,Ugaoo NPK 19-19-19 (500g),Fertilisers,Talegaon Main (Pune),922,330,410,3,839,0.73,0,No,13,No,38950,1195,No
Aug-2023,FY24,FR002,Organic Vermicompost (2kg),Fertilisers,Mumbai Hub,2383,255,833,5,1800,0.6,0,No,9,No,91630,2970,No
Aug-2023,FY24,FR003,Seaweed Liquid Fertiliser,Fertilisers,Delhi Hub,822,835,195,5,1457,2.56,0,No,5,No,15600,1748,No
Aug-2023,FY24,FR004,Bone Meal Fertiliser (500g),Fertilisers,Delhi Hub,1068,654,606,0,1116,0.0,0,No,5,No,60600,1674,No
Aug-2023,FY24,FR005,Plant Tonic – Rooting Hormone,Fertilisers,Delhi Hub,622,420,734,0,308,0.0,0,No,5,No,51380,323,No
Aug-2023,FY24,TL001,Garden Pruner – Stainless,Tools,Mumbai Hub,1553,217,296,1,1473,0.34,0,No,13,No,42920,3203,No
Aug-2023,FY24,TL002,Watering Can 2L,Tools,Mumbai Hub,1443,1071,655,3,1856,0.46,0,No,14,No,62225,2644,No
Aug-2023,FY24,TL003,Premium Potting Mix 5kg,Tools,Delhi Hub,1188,1079,380,5,1882,1.32,0,No,5,No,49400,3669,No
Aug-2023,FY24,TL004,Pebbles Decorative 500g,Tools,Mumbai Hub,1047,472,802,2,715,0.25,0,No,5,No,44110,589,No
Aug-2023,FY24,TL005,Moisture Meter,Tools,Mumbai Hub,1445,338,637,3,1143,0.47,0,No,11,No,127400,3429,No
Aug-2023,FY24,GF001,Green Starter Kit,Gifting,Bengaluru Hub,2336,432,192,1,2575,0.52,0,No,14,No,71040,14291,No
Aug-2023,FY24,GF002,Plant Parent Gift Box,Gifting,Delhi Hub,1156,462,510,3,1105,0.59,0,No,13,No,336600,10939,No
Aug-2023,FY24,GF003,Festive Diwali Plant Hamper,Gifting,Delhi Hub,2462,170,635,0,1997,0.0,0,No,3,No,698500,32950,No
Aug-2023,FY24,GF004,Corporate Desk Plant Set,Gifting,Hyderabad Spoke,373,248,611,2,8,0.33,3,Yes,12,Yes,329940,64,No
Aug-2023,FY24,GF005,Anniversary Succulent Box,Gifting,Bengaluru Hub,2406,164,111,5,2454,4.5,0,No,4,No,47730,15828,No
Sep-2023,FY24,PL001,Monstera Deliciosa,Live Plants,Delhi Hub,544,406,767,61,122,7.95,0,No,9,No,107380,256,No
Sep-2023,FY24,PL002,Peace Lily,Live Plants,Delhi Hub,2430,914,233,8,3103,3.43,0,No,10,No,20970,4189,No
Sep-2023,FY24,PL003,Snake Plant (Sansevieria),Live Plants,Delhi Hub,1508,895,889,52,1462,5.85,0,No,5,No,88900,2193,No
Sep-2023,FY24,PL004,Fiddle Leaf Fig,Live Plants,Mumbai Hub,811,114,156,5,764,3.21,0,No,13,No,46800,3438,No
Sep-2023,FY24,PL005,Golden Pothos,Live Plants,Delhi Hub,2128,753,847,27,2007,3.19,0,No,4,No,50820,1806,No
Sep-2023,FY24,PL006,ZZ Plant,Live Plants,Delhi Hub,1176,145,400,13,908,3.25,0,No,3,No,64000,2179,No
Sep-2023,FY24,PL007,Spider Plant,Live Plants,Mumbai Hub,1393,847,682,58,1500,8.5,0,No,12,No,51150,1687,No
Sep-2023,FY24,PL008,Money Plant (Epipremnum),Live Plants,Delhi Hub,1945,1120,583,54,2428,9.26,0,No,14,No,29150,1821,No
Sep-2023,FY24,PL009,Rubber Plant,Live Plants,Talegaon Main (Pune),1910,741,897,39,1715,4.35,0,No,10,No,161460,4630,No
Sep-2023,FY24,PL010,Aglaonema Red,Live Plants,Bengaluru Hub,1755,321,663,24,1389,3.62,0,No,7,No,139230,4375,No
Sep-2023,FY24,PL011,Rose – Red (Grafted),Live Plants,Hyderabad Spoke,2151,348,234,20,2245,8.55,0,No,12,No,30420,4377,No
Sep-2023,FY24,PL012,Hibiscus – Pink,Live Plants,Bengaluru Hub,1308,361,477,33,1159,6.92,0,No,14,No,52470,1912,No
Sep-2023,FY24,PL013,Bougainvillea,Live Plants,Mumbai Hub,1605,347,833,80,1039,9.6,0,No,6,No,95795,1792,No
Sep-2023,FY24,PL014,Ixora,Live Plants,Bengaluru Hub,529,862,533,33,825,6.19,0,No,9,No,45305,1051,No
Sep-2023,FY24,PL015,Marigold Seedling,Live Plants,Hyderabad Spoke,1203,548,725,70,956,9.66,0,No,11,No,29000,573,No
Sep-2023,FY24,PL016,Aloe Vera,Live Plants,Talegaon Main (Pune),2127,806,883,56,1994,6.34,0,No,4,No,70640,2392,No
Sep-2023,FY24,PL017,Cactus Mix (3 pack),Live Plants,Bengaluru Hub,2048,1162,636,24,2550,3.77,0,No,10,No,41340,2486,No
Sep-2023,FY24,PL018,Echeveria Set of 3,Live Plants,Hyderabad Spoke,677,922,322,13,1264,4.04,0,No,11,No,30590,1801,No
Sep-2023,FY24,PL019,Areca Palm,Live Plants,Bengaluru Hub,2210,624,128,6,2700,4.69,0,No,14,No,32000,10125,No
Sep-2023,FY24,PL020,Bamboo Palm,Live Plants,Bengaluru Hub,809,609,539,27,852,5.01,0,No,9,No,145530,3450,No
Sep-2023,FY24,SD001,Cherry Tomato Seeds,Seeds,Hyderabad Spoke,909,1055,220,1,1743,0.45,0,No,7,No,3960,470,No
Sep-2023,FY24,SD002,Spinach Seeds (50g),Seeds,Bengaluru Hub,1673,663,302,3,2031,0.99,0,No,4,No,4228,426,No
Sep-2023,FY24,SD003,Coriander Seeds (50g),Seeds,Delhi Hub,2190,462,792,1,1859,0.13,0,No,11,No,9504,334,No
Sep-2023,FY24,SD004,Chilli Hybrid Seeds,Seeds,Talegaon Main (Pune),1527,344,869,2,1000,0.23,0,No,11,No,19118,330,No
Sep-2023,FY24,SD005,Marigold Seeds,Seeds,Bengaluru Hub,1888,124,577,0,1435,0.0,0,No,3,No,9232,344,No
Sep-2023,FY24,SD006,Sunflower Seeds,Seeds,Talegaon Main (Pune),1935,1016,490,3,2458,0.61,0,No,14,No,9800,737,No
Sep-2023,FY24,SD007,Petunia Seeds,Seeds,Hyderabad Spoke,2345,409,732,4,2018,0.55,0,No,14,No,20496,847,No
Sep-2023,FY24,SD008,Methi Seeds (100g),Seeds,Hyderabad Spoke,1471,292,507,3,1253,0.59,0,No,9,No,5070,187,No
Sep-2023,FY24,SD009,Basil Seeds,Seeds,Delhi Hub,991,506,701,5,791,0.71,0,No,3,No,10515,177,No
Sep-2023,FY24,PT001,Ceramic Pot 5 inch – White,Pots & Planters,Delhi Hub,2290,223,448,2,2063,0.45,0,No,6,No,47040,3249,No
Sep-2023,FY24,PT002,Ceramic Pot 6 inch – Terracotta look,Pots & Planters,Delhi Hub,2468,695,164,5,2994,3.05,0,No,5,No,22140,6062,No
Sep-2023,FY24,PT003,Ceramic Pot 8 inch – Matte Black,Pots & Planters,Hyderabad Spoke,1395,108,187,4,1312,2.14,0,No,8,No,39270,4132,No
Sep-2023,FY24,PT004,Classic Terracotta 6in,Pots & Planters,Delhi Hub,1018,841,758,0,1101,0.0,0,No,6,No,53060,1156,No
Sep-2023,FY24,PT005,Self-Watering Pot 7in,Pots & Planters,Delhi Hub,2391,428,225,0,2594,0.0,0,No,10,No,54000,9338,No
Sep-2023,FY24,PT006,Hanging Basket Planter,Pots & Planters,Bengaluru Hub,1880,584,472,1,1991,0.21,0,No,5,No,77880,4927,No
Sep-2023,FY24,PT007,Vertical Wall Planter (5 pocket),Pots & Planters,Talegaon Main (Pune),2065,1104,197,5,2967,2.54,0,No,11,No,76830,17356,No
Sep-2023,FY24,PT008,Nursery Grow Bags (5 pack),Pots & Planters,Talegaon Main (Pune),1422,458,109,3,1768,2.75,0,No,8,No,8720,2121,No
Sep-2023,FY24,FR001,Ugaoo NPK 19-19-19 (500g),Fertilisers,Hyderabad Spoke,1388,322,158,4,1548,2.53,0,No,6,No,15010,2205,No
Sep-2023,FY24,FR002,Organic Vermicompost (2kg),Fertilisers,Hyderabad Spoke,220,1055,549,4,722,0.73,0,No,8,No,60390,1191,No
Sep-2023,FY24,FR003,Seaweed Liquid Fertiliser,Fertilisers,Hyderabad Spoke,1013,1051,443,0,1621,0.0,0,No,14,No,35440,1945,No
Sep-2023,FY24,FR004,Bone Meal Fertiliser (500g),Fertilisers,Mumbai Hub,1235,727,125,5,1832,4.0,0,No,5,No,12500,2748,No
Sep-2023,FY24,FR005,Plant Tonic – Rooting Hormone,Fertilisers,Mumbai Hub,462,584,531,5,510,0.94,0,No,8,No,37170,535,No
Sep-2023,FY24,TL001,Garden Pruner – Stainless,Tools,Talegaon Main (Pune),2338,958,241,1,3054,0.41,0,No,13,No,34945,6642,No
Sep-2023,FY24,TL002,Watering Can 2L,Tools,Delhi Hub,771,616,128,3,1256,2.34,0,No,7,No,12160,1789,No
Sep-2023,FY24,TL003,Premium Potting Mix 5kg,Tools,Bengaluru Hub,1260,736,686,2,1308,0.29,0,No,14,No,89180,2550,No
Sep-2023,FY24,TL004,Pebbles Decorative 500g,Tools,Mumbai Hub,1717,1020,789,0,1948,0.0,0,No,13,No,43395,1607,No
Sep-2023,FY24,TL005,Moisture Meter,Tools,Hyderabad Spoke,1207,860,158,4,1905,2.53,0,No,10,No,31600,5715,No
Sep-2023,FY24,GF001,Green Starter Kit,Gifting,Mumbai Hub,1537,628,512,3,1650,0.59,0,No,10,No,189440,9157,No
Sep-2023,FY24,GF002,Plant Parent Gift Box,Gifting,Mumbai Hub,1389,559,354,2,1592,0.56,0,No,4,No,233640,15760,No
Sep-2023,FY24,GF003,Festive Diwali Plant Hamper,Gifting,Talegaon Main (Pune),1738,788,403,5,2118,1.24,0,No,12,No,443300,34947,No
Sep-2023,FY24,GF004,Corporate Desk Plant Set,Gifting,Talegaon Main (Pune),2104,502,622,4,1980,0.64,0,No,5,No,335880,16038,No
Sep-2023,FY24,GF005,Anniversary Succulent Box,Gifting,Bengaluru Hub,708,1108,333,2,1481,0.6,0,No,12,No,143190,9552,No
Oct-2023,FY24,PL001,Monstera Deliciosa,Live Plants,Mumbai Hub,450,1927,1514,106,757,7.0,0,No,10,No,211960,1589,Yes
Oct-2023,FY24,PL002,Peace Lily,Live Plants,Hyderabad Spoke,1951,482,595,33,1805,5.55,0,No,3,No,53550,2436,Yes
Oct-2023,FY24,PL003,Snake Plant (Sansevieria),Live Plants,Bengaluru Hub,355,425,770,59,0,7.66,2,Yes,5,Yes,77000,0,Yes
Oct-2023,FY24,PL004,Fiddle Leaf Fig,Live Plants,Hyderabad Spoke,1200,1444,1457,80,1107,5.49,0,No,9,No,437100,4981,Yes
Oct-2023,FY24,PL005,Golden Pothos,Live Plants,Hyderabad Spoke,415,543,948,63,0,6.65,3,Yes,10,Yes,56880,0,Yes
Oct-2023,FY24,PL006,ZZ Plant,Live Plants,Hyderabad Spoke,1204,1488,1501,106,1085,7.06,0,No,8,No,240160,2604,Yes
Oct-2023,FY24,PL007,Spider Plant,Live Plants,Mumbai Hub,928,688,844,37,735,4.38,0,No,6,No,63300,826,Yes
Oct-2023,FY24,PL008,Money Plant (Epipremnum),Live Plants,Hyderabad Spoke,628,1800,996,72,1360,7.23,0,No,4,No,49800,1020,Yes
Oct-2023,FY24,PL009,Rubber Plant,Live Plants,Mumbai Hub,212,1020,900,81,251,9.0,0,No,13,No,162000,677,Yes
Oct-2023,FY24,PL010,Aglaonema Red,Live Plants,Hyderabad Spoke,1426,957,946,39,1398,4.12,0,No,10,No,198660,4403,Yes
Oct-2023,FY24,PL011,Rose – Red (Grafted),Live Plants,Talegaon Main (Pune),2094,1921,1379,86,2550,6.24,0,No,4,No,179270,4972,Yes
Oct-2023,FY24,PL012,Hibiscus – Pink,Live Plants,Talegaon Main (Pune),1595,1381,824,29,2123,3.52,0,No,14,No,90640,3502,Yes
Oct-2023,FY24,PL013,Bougainvillea,Live Plants,Bengaluru Hub,360,424,774,49,0,6.33,2,Yes,14,Yes,89010,0,Yes
Oct-2023,FY24,PL014,Ixora,Live Plants,Hyderabad Spoke,526,1813,969,74,1296,7.64,0,No,10,No,82365,1652,Yes
Oct-2023,FY24,PL015,Marigold Seedling,Live Plants,Mumbai Hub,1720,459,437,17,1725,3.89,0,No,9,No,17480,1035,Yes
Oct-2023,FY24,PL016,Aloe Vera,Live Plants,Talegaon Main (Pune),1355,1464,412,34,2373,8.25,0,No,9,No,32960,2847,Yes
Oct-2023,FY24,PL017,Cactus Mix (3 pack),Live Plants,Bengaluru Hub,1179,1161,1574,57,709,3.62,0,No,3,No,102310,691,Yes
Oct-2023,FY24,PL018,Echeveria Set of 3,Live Plants,Delhi Hub,644,1883,1003,80,1444,7.98,0,No,3,No,95285,2057,Yes
Oct-2023,FY24,PL019,Areca Palm,Live Plants,Mumbai Hub,290,848,575,44,519,7.65,0,No,9,No,143750,1946,Yes
Oct-2023,FY24,PL020,Bamboo Palm,Live Plants,Mumbai Hub,1650,1016,1028,97,1541,9.44,0,No,4,No,277560,6241,Yes
Oct-2023,FY24,SD001,Cherry Tomato Seeds,Seeds,Talegaon Main (Pune),1126,1693,1290,1,1528,0.08,0,No,3,No,23220,412,Yes
Oct-2023,FY24,SD002,Spinach Seeds (50g),Seeds,Talegaon Main (Pune),745,1193,611,0,1327,0.0,0,No,6,No,8554,278,Yes
Oct-2023,FY24,SD003,Coriander Seeds (50g),Seeds,Delhi Hub,1321,685,733,0,1273,0.0,0,No,9,No,8796,229,Yes
Oct-2023,FY24,SD004,Chilli Hybrid Seeds,Seeds,Talegaon Main (Pune),1562,1301,445,3,2415,0.67,0,No,9,No,9790,796,Yes
Oct-2023,FY24,SD005,Marigold Seeds,Seeds,Talegaon Main (Pune),1104,960,718,4,1342,0.56,0,No,14,No,11488,322,Yes
Oct-2023,FY24,SD006,Sunflower Seeds,Seeds,Mumbai Hub,620,1121,402,0,1339,0.0,0,No,14,No,8040,401,Yes
Oct-2023,FY24,SD007,Petunia Seeds,Seeds,Hyderabad Spoke,1980,1773,872,3,2878,0.34,0,No,12,No,24416,1208,Yes
Oct-2023,FY24,SD008,Methi Seeds (100g),Seeds,Delhi Hub,252,571,813,5,5,0.62,3,Yes,3,Yes,8130,0,Yes
Oct-2023,FY24,SD009,Basil Seeds,Seeds,Talegaon Main (Pune),712,484,519,2,675,0.39,0,No,12,No,7785,151,Yes
Oct-2023,FY24,PT001,Ceramic Pot 5 inch – White,Pots & Planters,Mumbai Hub,2467,1523,648,1,3341,0.15,0,No,7,No,68040,5262,Yes
Oct-2023,FY24,PT002,Ceramic Pot 6 inch – Terracotta look,Pots & Planters,Delhi Hub,1713,1730,657,5,2781,0.76,0,No,6,No,88695,5631,Yes
Oct-2023,FY24,PT003,Ceramic Pot 8 inch – Matte Black,Pots & Planters,Mumbai Hub,1493,557,1588,4,458,0.25,0,No,14,No,333480,1442,Yes
Oct-2023,FY24,PT004,Classic Terracotta 6in,Pots & Planters,Bengaluru Hub,1328,1949,622,1,2654,0.16,0,No,14,No,43540,2786,Yes
Oct-2023,FY24,PT005,Self-Watering Pot 7in,Pots & Planters,Delhi Hub,1470,1554,1202,2,1820,0.17,0,No,14,No,288480,6552,Yes
Oct-2023,FY24,PT006,Hanging Basket Planter,Pots & Planters,Mumbai Hub,1036,1422,493,3,1962,0.61,0,No,6,No,81345,4855,Yes
Oct-2023,FY24,PT007,Vertical Wall Planter (5 pocket),Pots & Planters,Delhi Hub,2146,1926,949,5,3118,0.53,0,No,4,No,370110,18240,Yes
Oct-2023,FY24,PT008,Nursery Grow Bags (5 pack),Pots & Planters,Delhi Hub,1851,1900,909,2,2840,0.22,0,No,3,No,72720,3408,Yes
Oct-2023,FY24,FR001,Ugaoo NPK 19-19-19 (500g),Fertilisers,Talegaon Main (Pune),2265,1745,1250,0,2760,0.0,0,No,3,No,118750,3933,Yes
Oct-2023,FY24,FR002,Organic Vermicompost (2kg),Fertilisers,Mumbai Hub,574,1277,415,3,1433,0.72,0,No,3,No,45650,2364,Yes
Oct-2023,FY24,FR003,Seaweed Liquid Fertiliser,Fertilisers,Talegaon Main (Pune),2247,1429,1186,0,2490,0.0,0,No,4,No,94880,2988,Yes
Oct-2023,FY24,FR004,Bone Meal Fertiliser (500g),Fertilisers,Mumbai Hub,469,1894,931,0,1432,0.0,0,No,13,No,93100,2148,Yes
Oct-2023,FY24,FR005,Plant Tonic – Rooting Hormone,Fertilisers,Bengaluru Hub,1153,703,1129,1,726,0.09,0,No,8,No,79030,762,Yes
Oct-2023,FY24,TL001,Garden Pruner – Stainless,Tools,Mumbai Hub,2311,797,1465,5,1638,0.34,0,No,5,No,212425,3562,Yes
Oct-2023,FY24,TL002,Watering Can 2L,Tools,Talegaon Main (Pune),2347,1691,344,4,3690,1.16,0,No,12,No,32680,5258,Yes
Oct-2023,FY24,TL003,Premium Potting Mix 5kg,Tools,Talegaon Main (Pune),2050,1168,1558,3,1657,0.19,0,No,4,No,202540,3231,Yes
Oct-2023,FY24,TL004,Pebbles Decorative 500g,Tools,Bengaluru Hub,1097,1270,680,3,1684,0.44,0,No,11,No,37400,1389,Yes
Oct-2023,FY24,TL005,Moisture Meter,Tools,Delhi Hub,2385,856,782,1,2458,0.13,0,No,5,No,156400,7374,Yes
Oct-2023,FY24,GF001,Green Starter Kit,Gifting,Talegaon Main (Pune),976,405,661,2,718,0.3,0,No,4,No,244570,3984,Yes
Oct-2023,FY24,GF002,Plant Parent Gift Box,Gifting,Mumbai Hub,1672,979,754,4,1893,0.53,0,No,13,No,497640,18740,Yes
Oct-2023,FY24,GF003,Festive Diwali Plant Hamper,Gifting,Delhi Hub,2150,815,1275,3,1687,0.24,0,No,5,No,1402500,27835,Yes
Oct-2023,FY24,GF004,Corporate Desk Plant Set,Gifting,Hyderabad Spoke,1010,1036,409,0,1637,0.0,0,No,8,No,220860,13259,Yes
Oct-2023,FY24,GF005,Anniversary Succulent Box,Gifting,Bengaluru Hub,1654,1061,778,5,1932,0.64,0,No,13,No,334540,12461,Yes
Nov-2023,FY24,PL001,Monstera Deliciosa,Live Plants,Hyderabad Spoke,1625,1893,1102,98,2318,8.89,0,No,9,No,154280,4867,Yes
Nov-2023,FY24,PL002,Peace Lily,Live Plants,Bengaluru Hub,2319,1698,381,30,3606,7.87,0,No,6,No,34290,4868,Yes
Nov-2023,FY24,PL003,Snake Plant (Sansevieria),Live Plants,Delhi Hub,2238,1292,1437,54,2039,3.76,0,No,11,No,143700,3058,Yes
Nov-2023,FY24,PL004,Fiddle Leaf Fig,Live Plants,Hyderabad Spoke,1274,662,1499,82,355,5.47,0,No,8,No,449700,1597,Yes
Nov-2023,FY24,PL005,Golden Pothos,Live Plants,Delhi Hub,831,1719,1231,121,1198,9.83,0,No,4,No,73860,1078,Yes
Nov-2023,FY24,PL006,ZZ Plant,Live Plants,Hyderabad Spoke,1373,860,905,89,1239,9.83,0,No,3,No,144800,2973,Yes
Nov-2023,FY24,PL007,Spider Plant,Live Plants,Hyderabad Spoke,1529,1769,632,58,2608,9.18,0,No,8,No,47400,2934,Yes
Nov-2023,FY24,PL008,Money Plant (Epipremnum),Live Plants,Hyderabad Spoke,2019,681,1409,45,1246,3.19,0,No,13,No,70450,934,Yes
Nov-2023,FY24,PL009,Rubber Plant,Live Plants,Bengaluru Hub,1546,1349,1048,77,1770,7.35,0,No,7,No,188640,4779,Yes
Nov-2023,FY24,PL010,Aglaonema Red,Live Plants,Talegaon Main (Pune),440,662,1092,35,0,3.21,5,Yes,11,Yes,229320,0,Yes
Nov-2023,FY24,PL011,Rose – Red (Grafted),Live Plants,Talegaon Main (Pune),1570,1836,684,42,2680,6.14,0,No,12,No,88920,5226,Yes
Nov-2023,FY24,PL012,Hibiscus – Pink,Live Plants,Mumbai Hub,1883,1673,1288,127,2141,9.86,0,No,6,No,141680,3532,Yes
Nov-2023,FY24,PL013,Bougainvillea,Live Plants,Mumbai Hub,1776,1111,838,58,1991,6.92,0,No,6,No,96370,3434,Yes
Nov-2023,FY24,PL014,Ixora,Live Plants,Bengaluru Hub,515,1481,1368,117,511,8.55,0,No,3,No,116280,651,Yes
Nov-2023,FY24,PL015,Marigold Seedling,Live Plants,Hyderabad Spoke,1876,1072,1377,130,1441,9.44,0,No,14,No,55080,864,Yes
Nov-2023,FY24,PL016,Aloe Vera,Live Plants,Bengaluru Hub,2140,835,756,48,2171,6.35,0,No,10,No,60480,2605,Yes
Nov-2023,FY24,PL017,Cactus Mix (3 pack),Live Plants,Mumbai Hub,1195,1018,1508,114,591,7.56,0,No,5,No,98020,576,Yes
Nov-2023,FY24,PL018,Echeveria Set of 3,Live Plants,Hyderabad Spoke,2376,756,1032,65,2035,6.3,0,No,9,No,98040,2899,Yes
Nov-2023,FY24,PL019,Areca Palm,Live Plants,Talegaon Main (Pune),1133,1529,877,62,1723,7.07,0,No,3,No,219250,6461,Yes
Nov-2023,FY24,PL020,Bamboo Palm,Live Plants,Mumbai Hub,1256,521,671,22,1084,3.28,0,No,6,No,181170,4390,Yes
Nov-2023,FY24,SD001,Cherry Tomato Seeds,Seeds,Mumbai Hub,1157,1382,1015,0,1524,0.0,0,No,5,No,18270,411,Yes
Nov-2023,FY24,SD002,Spinach Seeds (50g),Seeds,Delhi Hub,1455,1370,1207,3,1615,0.25,0,No,3,No,16898,339,Yes
Nov-2023,FY24,SD003,Coriander Seeds (50g),Seeds,Talegaon Main (Pune),286,462,502,2,244,0.4,0,No,12,No,6024,43,Yes
Nov-2023,FY24,SD004,Chilli Hybrid Seeds,Seeds,Bengaluru Hub,447,1637,1492,2,590,0.13,0,No,8,No,32824,194,Yes
Nov-2023,FY24,SD005,Marigold Seeds,Seeds,Hyderabad Spoke,2199,1877,1328,3,2745,0.23,0,No,13,No,21248,658,Yes
Nov-2023,FY24,SD006,Sunflower Seeds,Seeds,Hyderabad Spoke,1520,566,1143,4,939,0.35,0,No,7,No,22860,281,Yes
Nov-2023,FY24,SD007,Petunia Seeds,Seeds,Bengaluru Hub,669,764,1412,4,17,0.28,3,Yes,10,Yes,39536,7,Yes
Nov-2023,FY24,SD008,Methi Seeds (100g),Seeds,Talegaon Main (Pune),599,458,1047,5,5,0.48,5,Yes,13,Yes,10470,0,Yes
Nov-2023,FY24,SD009,Basil Seeds,Seeds,Hyderabad Spoke,1243,615,1285,5,568,0.39,0,No,10,No,19275,127,Yes
Nov-2023,FY24,PT001,Ceramic Pot 5 inch – White,Pots & Planters,Hyderabad Spoke,287,1370,1485,3,169,0.2,0,No,4,No,155925,266,Yes
Nov-2023,FY24,PT002,Ceramic Pot 6 inch – Terracotta look,Pots & Planters,Mumbai Hub,422,1306,692,5,1031,0.72,0,No,4,No,93420,2087,Yes
Nov-2023,FY24,PT003,Ceramic Pot 8 inch – Matte Black,Pots & Planters,Hyderabad Spoke,2288,1003,1266,4,2021,0.32,0,No,5,No,265860,6366,Yes
Nov-2023,FY24,PT004,Classic Terracotta 6in,Pots & Planters,Delhi Hub,2424,1058,873,3,2606,0.34,0,No,12,No,61110,2736,Yes
Nov-2023,FY24,PT005,Self-Watering Pot 7in,Pots & Planters,Talegaon Main (Pune),1761,1903,1362,0,2302,0.0,0,No,5,No,326880,8287,Yes
Nov-2023,FY24,PT006,Hanging Basket Planter,Pots & Planters,Bengaluru Hub,2259,1323,707,2,2873,0.28,0,No,8,No,116655,7110,Yes
Nov-2023,FY24,PT007,Vertical Wall Planter (5 pocket),Pots & Planters,Talegaon Main (Pune),2469,460,1239,3,1687,0.24,0,No,4,No,483210,9868,Yes
Nov-2023,FY24,PT008,Nursery Grow Bags (5 pack),Pots & Planters,Bengaluru Hub,1047,1995,1470,5,1567,0.34,0,No,11,No,117600,1880,Yes
Nov-2023,FY24,FR001,Ugaoo NPK 19-19-19 (500g),Fertilisers,Bengaluru Hub,1730,1650,1168,1,2211,0.09,0,No,9,No,110960,3150,Yes
Nov-2023,FY24,FR002,Organic Vermicompost (2kg),Fertilisers,Talegaon Main (Pune),1547,1928,1429,4,2042,0.28,0,No,3,No,157190,3369,Yes
Nov-2023,FY24,FR003,Seaweed Liquid Fertiliser,Fertilisers,Bengaluru Hub,344,1940,683,3,1598,0.44,0,No,13,No,54640,1917,Yes
Nov-2023,FY24,FR004,Bone Meal Fertiliser (500g),Fertilisers,Hyderabad Spoke,1239,1345,1375,1,1208,0.07,0,No,9,No,137500,1812,Yes
Nov-2023,FY24,FR005,Plant Tonic – Rooting Hormone,Fertilisers,Hyderabad Spoke,760,779,613,4,922,0.65,0,No,5,No,42910,968,Yes
Nov-2023,FY24,TL001,Garden Pruner – Stainless,Tools,Delhi Hub,1835,1741,666,2,2908,0.3,0,No,14,No,96570,6324,Yes
Nov-2023,FY24,TL002,Watering Can 2L,Tools,Delhi Hub,1256,976,750,3,1479,0.4,0,No,5,No,71250,2107,Yes
Nov-2023,FY24,TL003,Premium Potting Mix 5kg,Tools,Delhi Hub,2004,967,1583,3,1385,0.19,0,No,14,No,205790,2700,Yes
Nov-2023,FY24,TL004,Pebbles Decorative 500g,Tools,Hyderabad Spoke,346,1391,860,2,875,0.23,0,No,11,No,47300,721,Yes
Nov-2023,FY24,TL005,Moisture Meter,Tools,Hyderabad Spoke,1967,1294,1524,2,1735,0.13,0,No,13,No,304800,5205,Yes
Nov-2023,FY24,GF001,Green Starter Kit,Gifting,Bengaluru Hub,1012,678,1492,4,194,0.27,0,No,13,No,552040,1076,Yes
Nov-2023,FY24,GF002,Plant Parent Gift Box,Gifting,Mumbai Hub,960,941,838,4,1059,0.48,0,No,9,No,553080,10484,Yes
Nov-2023,FY24,GF003,Festive Diwali Plant Hamper,Gifting,Mumbai Hub,862,740,1295,4,303,0.31,0,No,8,No,1424500,4999,Yes
Nov-2023,FY24,GF004,Corporate Desk Plant Set,Gifting,Mumbai Hub,1053,1124,639,3,1535,0.47,0,No,9,No,345060,12433,Yes
Nov-2023,FY24,GF005,Anniversary Succulent Box,Gifting,Delhi Hub,1800,717,879,1,1637,0.11,0,No,5,No,377970,10558,Yes
Dec-2023,FY24,PL001,Monstera Deliciosa,Live Plants,Talegaon Main (Pune),1079,550,477,31,1121,6.5,0,No,11,No,66780,2354,Yes
Dec-2023,FY24,PL002,Peace Lily,Live Plants,Talegaon Main (Pune),2217,1193,660,48,2702,7.27,0,No,13,No,59400,3647,Yes
Dec-2023,FY24,PL003,Snake Plant (Sansevieria),Live Plants,Mumbai Hub,469,1196,1477,68,120,4.6,0,No,10,No,147700,180,Yes
Dec-2023,FY24,PL004,Fiddle Leaf Fig,Live Plants,Talegaon Main (Pune),1796,1640,1285,76,2075,5.91,0,No,8,No,385500,9337,Yes
Dec-2023,FY24,PL005,Golden Pothos,Live Plants,Delhi Hub,2481,1627,1512,73,2523,4.83,0,No,11,No,90720,2270,Yes
Dec-2023,FY24,PL006,ZZ Plant,Live Plants,Hyderabad Spoke,2230,1854,895,36,3153,4.02,0,No,12,No,143200,7567,Yes
Dec-2023,FY24,PL007,Spider Plant,Live Plants,Delhi Hub,2311,859,466,21,2683,4.51,0,No,10,No,34950,3018,Yes
Dec-2023,FY24,PL008,Money Plant (Epipremnum),Live Plants,Talegaon Main (Pune),2127,495,1198,94,1330,7.85,0,No,7,No,59900,997,Yes
Dec-2023,FY24,PL009,Rubber Plant,Live Plants,Mumbai Hub,1897,1430,516,26,2785,5.04,0,No,11,No,92880,7519,Yes
Dec-2023,FY24,PL010,Aglaonema Red,Live Plants,Bengaluru Hub,1223,469,1008,42,642,4.17,0,No,8,No,211680,2022,Yes
Dec-2023,FY24,PL011,Rose – Red (Grafted),Live Plants,Hyderabad Spoke,2223,1981,1348,49,2807,3.64,0,No,8,No,175240,5473,Yes
Dec-2023,FY24,PL012,Hibiscus – Pink,Live Plants,Mumbai Hub,817,1587,1449,79,876,5.45,0,No,7,No,159390,1445,Yes
Dec-2023,FY24,PL013,Bougainvillea,Live Plants,Delhi Hub,2426,1796,1207,119,2896,9.86,0,No,7,No,138805,4995,Yes
Dec-2023,FY24,PL014,Ixora,Live Plants,Hyderabad Spoke,1441,1015,1399,76,981,5.43,0,No,6,No,118915,1250,Yes
Dec-2023,FY24,PL015,Marigold Seedling,Live Plants,Mumbai Hub,780,788,1527,122,0,7.99,4,Yes,13,Yes,61080,0,Yes
Dec-2023,FY24,PL016,Aloe Vera,Live Plants,Mumbai Hub,1644,1260,957,61,1886,6.37,0,No,8,No,76560,2263,Yes
Dec-2023,FY24,PL017,Cactus Mix (3 pack),Live Plants,Mumbai Hub,1580,1145,1062,43,1620,4.05,0,No,7,No,69030,1579,Yes
Dec-2023,FY24,PL018,Echeveria Set of 3,Live Plants,Talegaon Main (Pune),1397,995,856,52,1484,6.07,0,No,3,No,81320,2114,Yes
Dec-2023,FY24,PL019,Areca Palm,Live Plants,Bengaluru Hub,330,1116,1116,90,240,8.06,0,No,12,No,279000,900,Yes
Dec-2023,FY24,PL020,Bamboo Palm,Live Plants,Bengaluru Hub,1054,1536,1212,38,1340,3.14,0,No,12,No,327240,5427,Yes
Dec-2023,FY24,SD001,Cherry Tomato Seeds,Seeds,Bengaluru Hub,837,703,1192,2,346,0.17,0,No,8,No,21456,93,Yes
Dec-2023,FY24,SD002,Spinach Seeds (50g),Seeds,Hyderabad Spoke,574,1758,630,0,1702,0.0,0,No,8,No,8820,357,Yes
Dec-2023,FY24,SD003,Coriander Seeds (50g),Seeds,Hyderabad Spoke,1071,669,1487,5,248,0.34,0,No,9,No,17844,44,Yes
Dec-2023,FY24,SD004,Chilli Hybrid Seeds,Seeds,Talegaon Main (Pune),741,1771,456,4,2052,0.88,0,No,6,No,10032,677,Yes
Dec-2023,FY24,SD005,Marigold Seeds,Seeds,Hyderabad Spoke,1197,911,1145,5,958,0.44,0,No,14,No,18320,229,Yes
Dec-2023,FY24,SD006,Sunflower Seeds,Seeds,Talegaon Main (Pune),759,1223,994,3,985,0.3,0,No,10,No,19880,295,Yes
Dec-2023,FY24,SD007,Petunia Seeds,Seeds,Bengaluru Hub,842,751,1087,0,506,0.0,0,No,3,No,30436,212,Yes
Dec-2023,FY24,SD008,Methi Seeds (100g),Seeds,Bengaluru Hub,1729,598,1529,4,794,0.26,0,No,9,No,15290,119,Yes
Dec-2023,FY24,SD009,Basil Seeds,Seeds,Bengaluru Hub,1711,692,339,0,2064,0.0,0,No,8,No,5085,464,Yes
Dec-2023,FY24,PT001,Ceramic Pot 5 inch – White,Pots & Planters,Hyderabad Spoke,683,580,1253,1,9,0.08,5,Yes,14,Yes,131565,14,Yes
Dec-2023,FY24,PT002,Ceramic Pot 6 inch – Terracotta look,Pots & Planters,Talegaon Main (Pune),1251,1646,944,3,1950,0.32,0,No,12,No,127440,3948,Yes
Dec-2023,FY24,PT003,Ceramic Pot 8 inch – Matte Black,Pots & Planters,Talegaon Main (Pune),1306,1819,617,0,2508,0.0,0,No,12,No,129570,7900,Yes
Dec-2023,FY24,PT004,Classic Terracotta 6in,Pots & Planters,Mumbai Hub,957,1975,1527,1,1404,0.07,0,No,7,No,106890,1474,Yes
Dec-2023,FY24,PT005,Self-Watering Pot 7in,Pots & Planters,Talegaon Main (Pune),1514,1438,816,0,2136,0.0,0,No,10,No,195840,7689,Yes
Dec-2023,FY24,PT006,Hanging Basket Planter,Pots & Planters,Delhi Hub,1848,1444,922,5,2365,0.54,0,No,11,No,152130,5853,Yes
Dec-2023,FY24,PT007,Vertical Wall Planter (5 pocket),Pots & Planters,Hyderabad Spoke,577,589,494,0,672,0.0,0,No,3,No,192660,3931,Yes
Dec-2023,FY24,PT008,Nursery Grow Bags (5 pack),Pots & Planters,Hyderabad Spoke,2052,968,1037,1,1982,0.1,0,No,11,No,82960,2378,Yes
Dec-2023,FY24,FR001,Ugaoo NPK 19-19-19 (500g),Fertilisers,Bengaluru Hub,820,554,591,5,778,0.85,0,No,14,No,56145,1108,Yes
Dec-2023,FY24,FR002,Organic Vermicompost (2kg),Fertilisers,Delhi Hub,838,1732,1016,2,1552,0.2,0,No,13,No,111760,2560,Yes
Dec-2023,FY24,FR003,Seaweed Liquid Fertiliser,Fertilisers,Mumbai Hub,1340,1754,561,2,2531,0.36,0,No,9,No,44880,3037,Yes
Dec-2023,FY24,FR004,Bone Meal Fertiliser (500g),Fertilisers,Bengaluru Hub,1629,872,573,3,1925,0.52,0,No,10,No,57300,2887,Yes
Dec-2023,FY24,FR005,Plant Tonic – Rooting Hormone,Fertilisers,Delhi Hub,2348,1988,367,3,3966,0.82,0,No,12,No,25690,4164,Yes
Dec-2023,FY24,TL001,Garden Pruner – Stainless,Tools,Mumbai Hub,704,1478,966,2,1214,0.21,0,No,6,No,140070,2640,Yes
Dec-2023,FY24,TL002,Watering Can 2L,Tools,Talegaon Main (Pune),476,1739,502,0,1713,0.0,0,No,7,No,47690,2441,Yes
Dec-2023,FY24,TL003,Premium Potting Mix 5kg,Tools,Bengaluru Hub,2110,872,839,3,2140,0.36,0,No,4,No,109070,4173,Yes
Dec-2023,FY24,TL004,Pebbles Decorative 500g,Tools,Hyderabad Spoke,203,1288,1383,1,107,0.07,0,No,4,No,76065,88,Yes
Dec-2023,FY24,TL005,Moisture Meter,Tools,Talegaon Main (Pune),1771,1164,522,4,2409,0.77,0,No,11,No,104400,7227,Yes
Dec-2023,FY24,GF001,Green Starter Kit,Gifting,Mumbai Hub,1526,825,922,2,1427,0.22,0,No,13,No,341140,7919,Yes
Dec-2023,FY24,GF002,Plant Parent Gift Box,Gifting,Bengaluru Hub,1413,465,1137,2,739,0.18,0,No,13,No,750420,7316,Yes
Dec-2023,FY24,GF003,Festive Diwali Plant Hamper,Gifting,Bengaluru Hub,1428,1061,1499,1,989,0.07,0,No,3,No,1648900,16318,Yes
Dec-2023,FY24,GF004,Corporate Desk Plant Set,Gifting,Bengaluru Hub,1026,851,1086,2,789,0.18,0,No,14,No,586440,6390,Yes
Dec-2023,FY24,GF005,Anniversary Succulent Box,Gifting,Hyderabad Spoke,2029,619,1348,3,1297,0.22,0,No,11,No,579640,8365,Yes
Jan-2024,FY24,PL001,Monstera Deliciosa,Live Plants,Hyderabad Spoke,1352,1292,333,14,2297,4.2,0,No,5,No,46620,4823,Yes
Jan-2024,FY24,PL002,Peace Lily,Live Plants,Bengaluru Hub,2121,1299,1317,103,2000,7.82,0,No,11,No,118530,2700,Yes
Jan-2024,FY24,PL003,Snake Plant (Sansevieria),Live Plants,Talegaon Main (Pune),874,1479,1040,71,1242,6.83,0,No,10,No,104000,1863,Yes
Jan-2024,FY24,PL004,Fiddle Leaf Fig,Live Plants,Hyderabad Spoke,2499,602,1214,111,1776,9.14,0,No,11,No,364200,7992,Yes
Jan-2024,FY24,PL005,Golden Pothos,Live Plants,Delhi Hub,2090,1150,1107,49,2084,4.43,0,No,8,No,66420,1875,Yes
Jan-2024,FY24,PL006,ZZ Plant,Live Plants,Mumbai Hub,2353,1973,842,70,3414,8.31,0,No,8,No,134720,8193,Yes
Jan-2024,FY24,PL007,Spider Plant,Live Plants,Talegaon Main (Pune),1698,1842,1457,103,1980,7.07,0,No,13,No,109275,2227,Yes
Jan-2024,FY24,PL008,Money Plant (Epipremnum),Live Plants,Hyderabad Spoke,2152,1986,903,81,3154,8.97,0,No,4,No,45150,2365,Yes
Jan-2024,FY24,PL009,Rubber Plant,Live Plants,Bengaluru Hub,871,1480,806,33,1512,4.09,0,No,6,No,145080,4082,Yes
Jan-2024,FY24,PL010,Aglaonema Red,Live Plants,Talegaon Main (Pune),1644,1900,754,28,2762,3.71,0,No,6,No,158340,8700,Yes
Jan-2024,FY24,PL011,Rose – Red (Grafted),Live Plants,Hyderabad Spoke,2159,792,467,29,2455,6.21,0,No,7,No,60710,4787,Yes
Jan-2024,FY24,PL012,Hibiscus – Pink,Live Plants,Hyderabad Spoke,2339,700,1355,40,1644,2.95,0,No,6,No,149050,2712,Yes
Jan-2024,FY24,PL013,Bougainvillea,Live Plants,Bengaluru Hub,1455,698,841,72,1240,8.56,0,No,13,No,96715,2139,Yes
Jan-2024,FY24,PL014,Ixora,Live Plants,Talegaon Main (Pune),2255,410,491,37,2137,7.54,0,No,13,No,41735,2724,Yes
Jan-2024,FY24,PL015,Marigold Seedling,Live Plants,Delhi Hub,630,427,576,34,447,5.9,0,No,6,No,23040,268,Yes
Jan-2024,FY24,PL016,Aloe Vera,Live Plants,Mumbai Hub,1623,951,1430,78,1066,5.45,0,No,11,No,114400,1279,Yes
Jan-2024,FY24,PL017,Cactus Mix (3 pack),Live Plants,Talegaon Main (Pune),2295,1874,1225,71,2873,5.8,0,No,6,No,79625,2801,Yes
Jan-2024,FY24,PL018,Echeveria Set of 3,Live Plants,Hyderabad Spoke,1864,1423,417,26,2844,6.24,0,No,10,No,39615,4052,Yes
Jan-2024,FY24,PL019,Areca Palm,Live Plants,Bengaluru Hub,2430,1098,396,28,3104,7.07,0,No,10,No,99000,11640,Yes
Jan-2024,FY24,PL020,Bamboo Palm,Live Plants,Talegaon Main (Pune),216,627,833,39,0,4.68,4,Yes,14,Yes,224910,0,Yes
Jan-2024,FY24,SD001,Cherry Tomato Seeds,Seeds,Bengaluru Hub,2190,972,1200,4,1958,0.33,0,No,4,No,21600,528,Yes
Jan-2024,FY24,SD002,Spinach Seeds (50g),Seeds,Talegaon Main (Pune),1126,1886,1189,1,1822,0.08,0,No,4,No,16646,382,Yes
Jan-2024,FY24,SD003,Coriander Seeds (50g),Seeds,Hyderabad Spoke,2139,875,1443,0,1571,0.0,0,No,9,No,17316,282,Yes
Jan-2024,FY24,SD004,Chilli Hybrid Seeds,Seeds,Bengaluru Hub,2398,789,778,0,2409,0.0,0,No,10,No,17116,794,Yes
Jan-2024,FY24,SD005,Marigold Seeds,Seeds,Mumbai Hub,2199,804,429,5,2569,1.17,0,No,6,No,6864,616,Yes
Jan-2024,FY24,SD006,Sunflower Seeds,Seeds,Delhi Hub,2323,455,1565,5,1208,0.32,0,No,10,No,31300,362,Yes
Jan-2024,FY24,SD007,Petunia Seeds,Seeds,Talegaon Main (Pune),1158,982,1556,2,582,0.13,0,No,6,No,43568,244,Yes
Jan-2024,FY24,SD008,Methi Seeds (100g),Seeds,Mumbai Hub,1290,1754,1082,5,1957,0.46,0,No,10,No,10820,293,Yes
Jan-2024,FY24,SD009,Basil Seeds,Seeds,Mumbai Hub,941,1230,1075,0,1096,0.0,0,No,14,No,16125,246,Yes
Jan-2024,FY24,PT001,Ceramic Pot 5 inch – White,Pots & Planters,Talegaon Main (Pune),1156,545,1050,3,648,0.29,0,No,4,No,110250,1020,Yes
Jan-2024,FY24,PT002,Ceramic Pot 6 inch – Terracotta look,Pots & Planters,Talegaon Main (Pune),1094,1644,1322,5,1411,0.38,0,No,3,No,178470,2857,Yes
Jan-2024,FY24,PT003,Ceramic Pot 8 inch – Matte Black,Pots & Planters,Bengaluru Hub,1715,790,1138,0,1367,0.0,0,No,7,No,238980,4306,Yes
Jan-2024,FY24,PT004,Classic Terracotta 6in,Pots & Planters,Hyderabad Spoke,799,833,1381,0,251,0.0,0,No,13,No,96670,263,Yes
Jan-2024,FY24,PT005,Self-Watering Pot 7in,Pots & Planters,Delhi Hub,1295,551,583,1,1262,0.17,0,No,8,No,139920,4543,Yes
Jan-2024,FY24,PT006,Hanging Basket Planter,Pots & Planters,Delhi Hub,365,1988,1293,5,1055,0.39,0,No,14,No,213345,2611,Yes
Jan-2024,FY24,PT007,Vertical Wall Planter (5 pocket),Pots & Planters,Hyderabad Spoke,2234,1861,1471,4,2620,0.27,0,No,7,No,573690,15327,Yes
Jan-2024,FY24,PT008,Nursery Grow Bags (5 pack),Pots & Planters,Mumbai Hub,1116,1198,1388,3,923,0.22,0,No,6,No,111040,1107,Yes
Jan-2024,FY24,FR001,Ugaoo NPK 19-19-19 (500g),Fertilisers,Delhi Hub,731,1167,1037,1,860,0.1,0,No,13,No,98515,1225,Yes
Jan-2024,FY24,FR002,Organic Vermicompost (2kg),Fertilisers,Mumbai Hub,1619,1534,1427,4,1722,0.28,0,No,10,No,156970,2841,Yes
Jan-2024,FY24,FR003,Seaweed Liquid Fertiliser,Fertilisers,Hyderabad Spoke,1186,503,618,2,1069,0.32,0,No,7,No,49440,1282,Yes
Jan-2024,FY24,FR004,Bone Meal Fertiliser (500g),Fertilisers,Talegaon Main (Pune),328,1442,826,5,939,0.61,0,No,6,No,82600,1408,Yes
Jan-2024,FY24,FR005,Plant Tonic – Rooting Hormone,Fertilisers,Talegaon Main (Pune),367,1435,864,5,933,0.58,0,No,11,No,60480,979,Yes
Jan-2024,FY24,TL001,Garden Pruner – Stainless,Tools,Bengaluru Hub,665,1993,1482,3,1173,0.2,0,No,5,No,214890,2551,Yes
Jan-2024,FY24,TL002,Watering Can 2L,Tools,Bengaluru Hub,1659,1917,1308,5,2263,0.38,0,No,7,No,124260,3224,Yes
Jan-2024,FY24,TL003,Premium Potting Mix 5kg,Tools,Delhi Hub,474,907,1371,1,9,0.07,0,Yes,6,Yes,178230,17,Yes
Jan-2024,FY24,TL004,Pebbles Decorative 500g,Tools,Delhi Hub,343,715,1048,4,6,0.38,1,Yes,4,Yes,57640,4,Yes
Jan-2024,FY24,TL005,Moisture Meter,Tools,Bengaluru Hub,2014,563,961,1,1615,0.1,0,No,4,No,192200,4845,Yes
Jan-2024,FY24,GF001,Green Starter Kit,Gifting,Mumbai Hub,2065,1475,889,2,2649,0.22,0,No,6,No,328930,14701,Yes
Jan-2024,FY24,GF002,Plant Parent Gift Box,Gifting,Mumbai Hub,2090,1406,666,0,2830,0.0,0,No,6,No,439560,28017,Yes
Jan-2024,FY24,GF003,Festive Diwali Plant Hamper,Gifting,Hyderabad Spoke,2135,1920,1217,1,2837,0.08,0,No,9,No,1338700,46810,Yes
Jan-2024,FY24,GF004,Corporate Desk Plant Set,Gifting,Mumbai Hub,1903,730,508,1,2124,0.2,0,No,14,No,274320,17204,Yes
Jan-2024,FY24,GF005,Anniversary Succulent Box,Gifting,Mumbai Hub,2087,686,1041,3,1729,0.29,0,No,13,No,447630,11152,Yes
Feb-2024,FY24,PL001,Monstera Deliciosa,Live Plants,Delhi Hub,1749,1128,1005,30,1842,2.99,0,No,13,No,140700,3868,Yes
Feb-2024,FY24,PL002,Peace Lily,Live Plants,Delhi Hub,525,895,1382,55,0,3.98,3,Yes,11,Yes,124380,0,Yes
Feb-2024,FY24,PL003,Snake Plant (Sansevieria),Live Plants,Mumbai Hub,1374,1354,378,18,2332,4.76,0,No,13,No,37800,3498,Yes
Feb-2024,FY24,PL004,Fiddle Leaf Fig,Live Plants,Hyderabad Spoke,1815,1614,372,24,3033,6.45,0,No,3,No,111600,13648,Yes
Feb-2024,FY24,PL005,Golden Pothos,Live Plants,Talegaon Main (Pune),1154,1311,431,25,2009,5.8,0,No,3,No,25860,1808,Yes
Feb-2024,FY24,PL006,ZZ Plant,Live Plants,Bengaluru Hub,2003,1738,1418,87,2236,6.14,0,No,13,No,226880,5366,Yes
Feb-2024,FY24,PL007,Spider Plant,Live Plants,Talegaon Main (Pune),1358,1173,769,68,1694,8.84,0,No,5,No,57675,1905,Yes
Feb-2024,FY24,PL008,Money Plant (Epipremnum),Live Plants,Talegaon Main (Pune),1481,1369,1473,88,1289,5.97,0,No,8,No,73650,966,Yes
Feb-2024,FY24,PL009,Rubber Plant,Live Plants,Talegaon Main (Pune),322,642,954,69,0,7.23,2,Yes,3,Yes,171720,0,Yes
Feb-2024,FY24,PL010,Aglaonema Red,Live Plants,Bengaluru Hub,2210,1229,1376,76,1987,5.52,0,No,7,No,288960,6259,Yes
Feb-2024,FY24,PL011,Rose – Red (Grafted),Live Plants,Hyderabad Spoke,1000,884,722,63,1099,8.73,0,No,11,No,93860,2143,Yes
Feb-2024,FY24,PL012,Hibiscus – Pink,Live Plants,Talegaon Main (Pune),252,1407,883,28,748,3.17,0,No,5,No,97130,1234,Yes
Feb-2024,FY24,PL013,Bougainvillea,Live Plants,Hyderabad Spoke,549,1729,1283,117,878,9.12,0,No,8,No,147545,1514,Yes
Feb-2024,FY24,PL014,Ixora,Live Plants,Mumbai Hub,2092,966,1339,58,1661,4.33,0,No,9,No,113815,2117,Yes
Feb-2024,FY24,PL015,Marigold Seedling,Live Plants,Talegaon Main (Pune),509,1455,1369,41,554,2.99,0,No,5,No,54760,332,Yes
Feb-2024,FY24,PL016,Aloe Vera,Live Plants,Delhi Hub,1337,503,870,77,893,8.85,0,No,4,No,69600,1071,Yes
Feb-2024,FY24,PL017,Cactus Mix (3 pack),Live Plants,Mumbai Hub,1557,1199,1571,58,1127,3.69,0,No,14,No,102115,1098,Yes
Feb-2024,FY24,PL018,Echeveria Set of 3,Live Plants,Delhi Hub,2390,1052,1256,105,2081,8.36,0,No,8,No,119320,2965,Yes
Feb-2024,FY24,PL019,Areca Palm,Live Plants,Delhi Hub,1590,1722,1168,92,2052,7.88,0,No,7,No,292000,7695,Yes
Feb-2024,FY24,PL020,Bamboo Palm,Live Plants,Delhi Hub,1802,1863,1384,104,2177,7.51,0,No,5,No,373680,8816,Yes
Feb-2024,FY24,SD001,Cherry Tomato Seeds,Seeds,Mumbai Hub,690,1664,1371,4,979,0.29,0,No,9,No,24678,264,Yes
Feb-2024,FY24,SD002,Spinach Seeds (50g),Seeds,Talegaon Main (Pune),870,607,1072,0,405,0.0,0,No,6,No,15008,85,Yes
Feb-2024,FY24,SD003,Coriander Seeds (50g),Seeds,Hyderabad Spoke,448,625,1014,2,57,0.2,0,Yes,13,Yes,12168,10,Yes
Feb-2024,FY24,SD004,Chilli Hybrid Seeds,Seeds,Talegaon Main (Pune),373,1056,585,0,844,0.0,0,No,12,No,12870,278,Yes
Feb-2024,FY24,SD005,Marigold Seeds,Seeds,Hyderabad Spoke,281,1994,1585,3,687,0.19,0,No,13,No,25360,164,Yes
Feb-2024,FY24,SD006,Sunflower Seeds,Seeds,Talegaon Main (Pune),301,1897,573,3,1622,0.52,0,No,11,No,11460,486,Yes
Feb-2024,FY24,SD007,Petunia Seeds,Seeds,Mumbai Hub,819,1152,1280,5,686,0.39,0,No,11,No,35840,288,Yes
Feb-2024,FY24,SD008,Methi Seeds (100g),Seeds,Bengaluru Hub,692,1247,1375,1,563,0.07,0,No,8,No,13750,84,Yes
Feb-2024,FY24,SD009,Basil Seeds,Seeds,Mumbai Hub,259,753,1002,2,8,0.2,2,Yes,10,Yes,15030,1,Yes
Feb-2024,FY24,PT001,Ceramic Pot 5 inch – White,Pots & Planters,Bengaluru Hub,1303,1203,791,5,1710,0.63,0,No,13,No,83055,2693,Yes
Feb-2024,FY24,PT002,Ceramic Pot 6 inch – Terracotta look,Pots & Planters,Delhi Hub,1802,932,1137,0,1597,0.0,0,No,5,No,153495,3233,Yes
Feb-2024,FY24,PT003,Ceramic Pot 8 inch – Matte Black,Pots & Planters,Bengaluru Hub,1225,730,1158,0,797,0.0,0,No,11,No,243180,2510,Yes
Feb-2024,FY24,PT004,Classic Terracotta 6in,Pots & Planters,Talegaon Main (Pune),993,1458,1516,4,931,0.26,0,No,11,No,106120,977,Yes
Feb-2024,FY24,PT005,Self-Watering Pot 7in,Pots & Planters,Delhi Hub,344,679,643,3,377,0.47,0,No,8,No,154320,1357,Yes
Feb-2024,FY24,PT006,Hanging Basket Planter,Pots & Planters,Mumbai Hub,1681,665,959,5,1382,0.52,0,No,11,No,158235,3420,Yes
Feb-2024,FY24,PT007,Vertical Wall Planter (5 pocket),Pots & Planters,Delhi Hub,1502,797,1433,3,863,0.21,0,No,9,No,558870,5048,Yes
Feb-2024,FY24,PT008,Nursery Grow Bags (5 pack),Pots & Planters,Talegaon Main (Pune),497,1409,869,1,1036,0.12,0,No,10,No,69520,1243,Yes
Feb-2024,FY24,FR001,Ugaoo NPK 19-19-19 (500g),Fertilisers,Delhi Hub,1145,1265,516,5,1889,0.97,0,No,12,No,49020,2691,Yes
Feb-2024,FY24,FR002,Organic Vermicompost (2kg),Fertilisers,Mumbai Hub,1692,1437,1076,1,2052,0.09,0,No,3,No,118360,3385,Yes
Feb-2024,FY24,FR003,Seaweed Liquid Fertiliser,Fertilisers,Bengaluru Hub,1264,613,847,4,1026,0.47,0,No,14,No,67760,1231,Yes
Feb-2024,FY24,FR004,Bone Meal Fertiliser (500g),Fertilisers,Delhi Hub,1136,647,544,5,1234,0.92,0,No,4,No,54400,1851,Yes
Feb-2024,FY24,FR005,Plant Tonic – Rooting Hormone,Fertilisers,Bengaluru Hub,2063,1208,1348,4,1919,0.3,0,No,7,No,94360,2014,Yes
Feb-2024,FY24,TL001,Garden Pruner – Stainless,Tools,Bengaluru Hub,1178,1763,722,2,2217,0.28,0,No,4,No,104690,4821,Yes
Feb-2024,FY24,TL002,Watering Can 2L,Tools,Mumbai Hub,1326,1856,1390,1,1791,0.07,0,No,14,No,132050,2552,Yes
Feb-2024,FY24,TL003,Premium Potting Mix 5kg,Tools,Delhi Hub,364,802,1156,4,6,0.35,4,Yes,9,Yes,150280,11,Yes
Feb-2024,FY24,TL004,Pebbles Decorative 500g,Tools,Talegaon Main (Pune),597,1395,1479,2,511,0.14,0,No,3,No,81345,421,Yes
Feb-2024,FY24,TL005,Moisture Meter,Tools,Mumbai Hub,1103,1524,956,1,1670,0.1,0,No,9,No,191200,5010,Yes
Feb-2024,FY24,GF001,Green Starter Kit,Gifting,Mumbai Hub,2024,1584,635,3,2970,0.47,0,No,10,No,234950,16483,Yes
Feb-2024,FY24,GF002,Plant Parent Gift Box,Gifting,Talegaon Main (Pune),681,1927,327,1,2280,0.31,0,No,4,No,215820,22572,Yes
Feb-2024,FY24,GF003,Festive Diwali Plant Hamper,Gifting,Bengaluru Hub,2198,463,1164,4,1493,0.34,0,No,14,No,1280400,24634,Yes
Feb-2024,FY24,GF004,Corporate Desk Plant Set,Gifting,Talegaon Main (Pune),1351,1316,1296,4,1367,0.31,0,No,7,No,699840,11072,Yes
Feb-2024,FY24,GF005,Anniversary Succulent Box,Gifting,Delhi Hub,970,597,564,0,1003,0.0,0,No,9,No,242520,6469,Yes
Mar-2024,FY24,PL001,Monstera Deliciosa,Live Plants,Delhi Hub,1344,445,492,14,1283,2.85,0,No,14,No,68880,2694,No
Mar-2024,FY24,PL002,Peace Lily,Live Plants,Bengaluru Hub,2156,501,126,9,2522,7.14,0,No,5,No,11340,3404,No
Mar-2024,FY24,PL003,Snake Plant (Sansevieria),Live Plants,Mumbai Hub,748,1189,741,42,1154,5.67,0,No,5,No,74100,1731,No
Mar-2024,FY24,PL004,Fiddle Leaf Fig,Live Plants,Hyderabad Spoke,1281,1034,680,27,1608,3.97,0,No,5,No,204000,7236,No
Mar-2024,FY24,PL005,Golden Pothos,Live Plants,Talegaon Main (Pune),2469,313,271,26,2485,9.59,0,No,13,No,16260,2236,No
Mar-2024,FY24,PL006,ZZ Plant,Live Plants,Hyderabad Spoke,1073,561,85,4,1545,4.71,0,No,4,No,13600,3708,No
Mar-2024,FY24,PL007,Spider Plant,Live Plants,Hyderabad Spoke,434,720,276,22,856,7.97,0,No,11,No,20700,963,No
Mar-2024,FY24,PL008,Money Plant (Epipremnum),Live Plants,Talegaon Main (Pune),2416,958,543,29,2802,5.34,0,No,9,No,27150,2101,No
Mar-2024,FY24,PL009,Rubber Plant,Live Plants,Mumbai Hub,1095,944,456,43,1540,9.43,0,No,10,No,82080,4158,No
Mar-2024,FY24,PL010,Aglaonema Red,Live Plants,Talegaon Main (Pune),243,905,647,54,447,8.35,0,No,4,No,135870,1408,No
Mar-2024,FY24,PL011,Rose – Red (Grafted),Live Plants,Mumbai Hub,1649,711,108,10,2242,9.26,0,No,4,No,14040,4371,No
Mar-2024,FY24,PL012,Hibiscus – Pink,Live Plants,Hyderabad Spoke,2479,291,463,45,2262,9.72,0,No,4,No,50930,3732,No
Mar-2024,FY24,PL013,Bougainvillea,Live Plants,Bengaluru Hub,1463,778,749,70,1422,9.35,0,No,12,No,86135,2452,No
Mar-2024,FY24,PL014,Ixora,Live Plants,Mumbai Hub,1215,555,460,28,1282,6.09,0,No,14,No,39100,1634,No
Mar-2024,FY24,PL015,Marigold Seedling,Live Plants,Hyderabad Spoke,1275,303,261,20,1297,7.66,0,No,8,No,10440,778,No
Mar-2024,FY24,PL016,Aloe Vera,Live Plants,Mumbai Hub,2244,956,668,43,2489,6.44,0,No,4,No,53440,2986,No
Mar-2024,FY24,PL017,Cactus Mix (3 pack),Live Plants,Delhi Hub,2044,655,545,18,2136,3.3,0,No,5,No,35425,2082,No
Mar-2024,FY24,PL018,Echeveria Set of 3,Live Plants,Hyderabad Spoke,1878,287,495,29,1641,5.86,0,No,12,No,47025,2338,No
Mar-2024,FY24,PL019,Areca Palm,Live Plants,Bengaluru Hub,218,810,267,25,736,9.36,0,No,3,No,66750,2760,No
Mar-2024,FY24,PL020,Bamboo Palm,Live Plants,Hyderabad Spoke,1682,111,269,19,1505,7.06,0,No,8,No,72630,6095,No
Mar-2024,FY24,SD001,Cherry Tomato Seeds,Seeds,Delhi Hub,1973,1027,343,1,2656,0.29,0,No,10,No,6174,717,No
Mar-2024,FY24,SD002,Spinach Seeds (50g),Seeds,Hyderabad Spoke,458,110,334,1,233,0.3,0,No,7,No,4676,48,No
Mar-2024,FY24,SD003,Coriander Seeds (50g),Seeds,Talegaon Main (Pune),619,927,486,0,1060,0.0,0,No,12,No,5832,190,No
Mar-2024,FY24,SD004,Chilli Hybrid Seeds,Seeds,Bengaluru Hub,635,416,439,2,610,0.46,0,No,11,No,9658,201,No
Mar-2024,FY24,SD005,Marigold Seeds,Seeds,Hyderabad Spoke,1824,988,866,2,1944,0.23,0,No,6,No,13856,466,No
Mar-2024,FY24,SD006,Sunflower Seeds,Seeds,Mumbai Hub,1982,428,870,3,1537,0.34,0,No,11,No,17400,461,No
Mar-2024,FY24,SD007,Petunia Seeds,Seeds,Mumbai Hub,2190,513,850,2,1851,0.24,0,No,4,No,23800,777,No
Mar-2024,FY24,SD008,Methi Seeds (100g),Seeds,Delhi Hub,1358,290,214,1,1433,0.47,0,No,12,No,2140,214,No
Mar-2024,FY24,SD009,Basil Seeds,Seeds,Hyderabad Spoke,813,1015,333,5,1490,1.5,0,No,6,No,4995,335,No
Mar-2024,FY24,PT001,Ceramic Pot 5 inch – White,Pots & Planters,Delhi Hub,1167,294,516,4,941,0.78,0,No,10,No,54180,1482,No
Mar-2024,FY24,PT002,Ceramic Pot 6 inch – Terracotta look,Pots & Planters,Bengaluru Hub,2338,231,722,4,1843,0.55,0,No,7,No,97470,3732,No
Mar-2024,FY24,PT003,Ceramic Pot 8 inch – Matte Black,Pots & Planters,Talegaon Main (Pune),2490,602,606,0,2486,0.0,0,No,8,No,127260,7830,No
Mar-2024,FY24,PT004,Classic Terracotta 6in,Pots & Planters,Delhi Hub,2058,230,794,4,1490,0.5,0,No,8,No,55580,1564,No
Mar-2024,FY24,PT005,Self-Watering Pot 7in,Pots & Planters,Bengaluru Hub,450,307,611,1,145,0.16,0,No,7,No,146640,522,No
Mar-2024,FY24,PT006,Hanging Basket Planter,Pots & Planters,Hyderabad Spoke,1732,720,483,3,1966,0.62,0,No,11,No,79695,4865,No
Mar-2024,FY24,PT007,Vertical Wall Planter (5 pocket),Pots & Planters,Mumbai Hub,438,628,382,5,679,1.31,0,No,11,No,148980,3972,No
Mar-2024,FY24,PT008,Nursery Grow Bags (5 pack),Pots & Planters,Bengaluru Hub,1865,961,443,5,2378,1.13,0,No,13,No,35440,2853,No
Mar-2024,FY24,FR001,Ugaoo NPK 19-19-19 (500g),Fertilisers,Bengaluru Hub,2218,645,619,5,2239,0.81,0,No,12,No,58805,3190,No
Mar-2024,FY24,FR002,Organic Vermicompost (2kg),Fertilisers,Talegaon Main (Pune),1543,341,799,1,1084,0.13,0,No,10,No,87890,1788,No
Mar-2024,FY24,FR003,Seaweed Liquid Fertiliser,Fertilisers,Hyderabad Spoke,1730,1003,492,5,2236,1.02,0,No,10,No,39360,2683,No
Mar-2024,FY24,FR004,Bone Meal Fertiliser (500g),Fertilisers,Bengaluru Hub,994,701,118,2,1575,1.69,0,No,12,No,11800,2362,No
Mar-2024,FY24,FR005,Plant Tonic – Rooting Hormone,Fertilisers,Bengaluru Hub,1764,494,345,3,1910,0.87,0,No,11,No,24150,2005,No
Mar-2024,FY24,TL001,Garden Pruner – Stainless,Tools,Bengaluru Hub,949,944,168,1,1724,0.6,0,No,11,No,24360,3749,No
Mar-2024,FY24,TL002,Watering Can 2L,Tools,Delhi Hub,444,645,606,0,483,0.0,0,No,3,No,57570,688,No
Mar-2024,FY24,TL003,Premium Potting Mix 5kg,Tools,Mumbai Hub,2350,1163,700,0,2813,0.0,0,No,3,No,91000,5485,No
Mar-2024,FY24,TL004,Pebbles Decorative 500g,Tools,Talegaon Main (Pune),298,1038,99,5,1232,5.05,0,No,13,No,5445,1016,No
Mar-2024,FY24,TL005,Moisture Meter,Tools,Bengaluru Hub,1057,766,751,4,1068,0.53,0,No,10,No,150200,3204,No
Mar-2024,FY24,GF001,Green Starter Kit,Gifting,Talegaon Main (Pune),1774,213,861,1,1125,0.12,0,No,14,No,318570,6243,No
Mar-2024,FY24,GF002,Plant Parent Gift Box,Gifting,Mumbai Hub,632,288,443,4,473,0.9,0,No,10,No,292380,4682,No
Mar-2024,FY24,GF003,Festive Diwali Plant Hamper,Gifting,Bengaluru Hub,659,484,722,5,416,0.69,0,No,13,No,794200,6864,No
Mar-2024,FY24,GF004,Corporate Desk Plant Set,Gifting,Delhi Hub,2365,743,153,3,2952,1.96,0,No,3,No,82620,23911,No
Mar-2024,FY24,GF005,Anniversary Succulent Box,Gifting,Bengaluru Hub,1827,193,185,3,1832,1.62,0,No,3,No,79550,11816,No
Apr-2024,FY25,PL001,Monstera Deliciosa,Live Plants,Hyderabad Spoke,731,1037,333,21,1414,6.31,0,No,13,No,46620,2969,No
Apr-2024,FY25,PL002,Peace Lily,Live Plants,Bengaluru Hub,321,125,436,43,0,9.86,1,Yes,14,Yes,39240,0,No
Apr-2024,FY25,PL003,Snake Plant (Sansevieria),Live Plants,Bengaluru Hub,505,173,668,50,0,7.49,2,Yes,3,Yes,66800,0,No
Apr-2024,FY25,PL004,Fiddle Leaf Fig,Live Plants,Bengaluru Hub,1905,296,119,9,2073,7.56,0,No,13,No,35700,9328,No
Apr-2024,FY25,PL005,Golden Pothos,Live Plants,Bengaluru Hub,1045,1111,230,10,1916,4.35,0,No,11,No,13800,1724,No
Apr-2024,FY25,PL006,ZZ Plant,Live Plants,Delhi Hub,1557,492,894,83,1072,9.28,0,No,8,No,143040,2572,No
Apr-2024,FY25,PL007,Spider Plant,Live Plants,Mumbai Hub,2271,886,802,29,2326,3.62,0,No,4,No,60150,2616,No
Apr-2024,FY25,PL008,Money Plant (Epipremnum),Live Plants,Talegaon Main (Pune),1044,116,117,7,1036,5.98,0,No,11,No,5850,777,No
Apr-2024,FY25,PL009,Rubber Plant,Live Plants,Talegaon Main (Pune),805,795,250,18,1332,7.2,0,No,11,No,45000,3596,No
Apr-2024,FY25,PL010,Aglaonema Red,Live Plants,Talegaon Main (Pune),1121,894,399,27,1589,6.77,0,No,10,No,83790,5005,No
Apr-2024,FY25,PL011,Rose – Red (Grafted),Live Plants,Bengaluru Hub,2433,487,842,57,2021,6.77,0,No,5,No,109460,3940,No
Apr-2024,FY25,PL012,Hibiscus – Pink,Live Plants,Mumbai Hub,905,1042,632,58,1257,9.18,0,No,14,No,69520,2074,No
Apr-2024,FY25,PL013,Bougainvillea,Live Plants,Talegaon Main (Pune),2298,214,898,49,1565,5.46,0,No,12,No,103270,2699,No
Apr-2024,FY25,PL014,Ixora,Live Plants,Bengaluru Hub,715,542,677,29,551,4.28,0,No,3,No,57545,702,No
Apr-2024,FY25,PL015,Marigold Seedling,Live Plants,Delhi Hub,2424,519,593,56,2294,9.44,0,No,11,No,23720,1376,No
Apr-2024,FY25,PL016,Aloe Vera,Live Plants,Delhi Hub,271,152,413,39,0,9.44,1,Yes,10,Yes,33040,0,No
Apr-2024,FY25,PL017,Cactus Mix (3 pack),Live Plants,Hyderabad Spoke,1293,843,865,82,1189,9.48,0,No,3,No,56225,1159,No
Apr-2024,FY25,PL018,Echeveria Set of 3,Live Plants,Hyderabad Spoke,2154,500,110,7,2537,6.36,0,No,6,No,10450,3615,No
Apr-2024,FY25,PL019,Areca Palm,Live Plants,Mumbai Hub,1679,545,473,43,1708,9.09,0,No,5,No,118250,6405,No
Apr-2024,FY25,PL020,Bamboo Palm,Live Plants,Bengaluru Hub,583,711,542,28,724,5.17,0,No,13,No,146340,2932,No
Apr-2024,FY25,SD001,Cherry Tomato Seeds,Seeds,Mumbai Hub,1038,576,480,2,1132,0.42,0,No,10,No,8640,305,No
Apr-2024,FY25,SD002,Spinach Seeds (50g),Seeds,Bengaluru Hub,1040,766,82,5,1719,6.1,0,No,12,No,1148,360,No
Apr-2024,FY25,SD003,Coriander Seeds (50g),Seeds,Hyderabad Spoke,2000,380,433,2,1945,0.46,0,No,13,No,5196,350,No
Apr-2024,FY25,SD004,Chilli Hybrid Seeds,Seeds,Bengaluru Hub,833,1004,711,2,1124,0.28,0,No,12,No,15642,370,No
Apr-2024,FY25,SD005,Marigold Seeds,Seeds,Hyderabad Spoke,1243,223,534,5,927,0.94,0,No,7,No,8544,222,No
Apr-2024,FY25,SD006,Sunflower Seeds,Seeds,Talegaon Main (Pune),1267,693,714,5,1241,0.7,0,No,11,No,14280,372,No
Apr-2024,FY25,SD007,Petunia Seeds,Seeds,Delhi Hub,2095,1077,717,2,2453,0.28,0,No,13,No,20076,1030,No
Apr-2024,FY25,SD008,Methi Seeds (100g),Seeds,Bengaluru Hub,1565,196,525,0,1236,0.0,0,No,11,No,5250,185,No
Apr-2024,FY25,SD009,Basil Seeds,Seeds,Delhi Hub,1387,787,380,5,1789,1.32,0,No,10,No,5700,402,No
Apr-2024,FY25,PT001,Ceramic Pot 5 inch – White,Pots & Planters,Talegaon Main (Pune),273,283,546,0,10,0.0,1,Yes,11,Yes,57330,15,No
Apr-2024,FY25,PT002,Ceramic Pot 6 inch – Terracotta look,Pots & Planters,Hyderabad Spoke,2297,202,877,0,1622,0.0,0,No,11,No,118395,3284,No
Apr-2024,FY25,PT003,Ceramic Pot 8 inch – Matte Black,Pots & Planters,Bengaluru Hub,1219,677,173,0,1723,0.0,0,No,4,No,36330,5427,No
Apr-2024,FY25,PT004,Classic Terracotta 6in,Pots & Planters,Hyderabad Spoke,660,831,214,3,1274,1.4,0,No,10,No,14980,1337,No
Apr-2024,FY25,PT005,Self-Watering Pot 7in,Pots & Planters,Hyderabad Spoke,335,221,87,4,465,4.6,0,No,13,No,20880,1674,No
Apr-2024,FY25,PT006,Hanging Basket Planter,Pots & Planters,Hyderabad Spoke,932,843,285,5,1485,1.75,0,No,3,No,47025,3675,No
Apr-2024,FY25,PT007,Vertical Wall Planter (5 pocket),Pots & Planters,Delhi Hub,849,470,249,5,1065,2.01,0,No,13,No,97110,6230,No
Apr-2024,FY25,PT008,Nursery Grow Bags (5 pack),Pots & Planters,Mumbai Hub,578,900,672,0,806,0.0,0,No,13,No,53760,967,No
Apr-2024,FY25,FR001,Ugaoo NPK 19-19-19 (500g),Fertilisers,Hyderabad Spoke,1716,771,175,5,2307,2.86,0,No,6,No,16625,3287,No
Apr-2024,FY25,FR002,Organic Vermicompost (2kg),Fertilisers,Delhi Hub,1283,1110,862,0,1531,0.0,0,No,10,No,94820,2526,No
Apr-2024,FY25,FR003,Seaweed Liquid Fertiliser,Fertilisers,Talegaon Main (Pune),2202,516,658,2,2058,0.3,0,No,4,No,52640,2469,No
Apr-2024,FY25,FR004,Bone Meal Fertiliser (500g),Fertilisers,Bengaluru Hub,1550,391,626,0,1315,0.0,0,No,3,No,62600,1972,No
Apr-2024,FY25,FR005,Plant Tonic – Rooting Hormone,Fertilisers,Mumbai Hub,2423,286,462,3,2244,0.65,0,No,14,No,32340,2356,No
Apr-2024,FY25,TL001,Garden Pruner – Stainless,Tools,Delhi Hub,2220,517,475,2,2260,0.42,0,No,12,No,68875,4915,No
Apr-2024,FY25,TL002,Watering Can 2L,Tools,Mumbai Hub,1136,792,491,5,1432,1.02,0,No,5,No,46645,2040,No
Apr-2024,FY25,TL003,Premium Potting Mix 5kg,Tools,Bengaluru Hub,631,688,801,5,513,0.62,0,No,14,No,104130,1000,No
Apr-2024,FY25,TL004,Pebbles Decorative 500g,Tools,Hyderabad Spoke,2015,657,719,0,1953,0.0,0,No,6,No,39545,1611,No
Apr-2024,FY25,TL005,Moisture Meter,Tools,Talegaon Main (Pune),1053,311,94,2,1268,2.13,0,No,7,No,18800,3804,No
Apr-2024,FY25,GF001,Green Starter Kit,Gifting,Mumbai Hub,2461,967,114,3,3311,2.63,0,No,4,No,42180,18376,No
Apr-2024,FY25,GF002,Plant Parent Gift Box,Gifting,Mumbai Hub,1831,1132,499,4,2460,0.8,0,No,14,No,329340,24354,No
Apr-2024,FY25,GF003,Festive Diwali Plant Hamper,Gifting,Talegaon Main (Pune),2264,518,645,4,2133,0.62,0,No,5,No,709500,35194,No
Apr-2024,FY25,GF004,Corporate Desk Plant Set,Gifting,Talegaon Main (Pune),828,797,295,1,1329,0.34,0,No,10,No,159300,10764,No
Apr-2024,FY25,GF005,Anniversary Succulent Box,Gifting,Hyderabad Spoke,2252,715,459,2,2506,0.44,0,No,11,No,197370,16163,No
May-2024,FY25,PL001,Monstera Deliciosa,Live Plants,Talegaon Main (Pune),487,296,266,25,492,9.4,0,No,3,No,37240,1033,No
May-2024,FY25,PL002,Peace Lily,Live Plants,Hyderabad Spoke,1586,1184,414,19,2337,4.59,0,No,9,No,37260,3154,No
May-2024,FY25,PL003,Snake Plant (Sansevieria),Live Plants,Talegaon Main (Pune),2017,768,155,10,2620,6.45,0,No,5,No,15500,3930,No
May-2024,FY25,PL004,Fiddle Leaf Fig,Live Plants,Talegaon Main (Pune),1749,355,240,11,1853,4.58,0,No,4,No,72000,8338,No
May-2024,FY25,PL005,Golden Pothos,Live Plants,Talegaon Main (Pune),1216,371,802,76,709,9.48,0,No,9,No,48120,638,No
May-2024,FY25,PL006,ZZ Plant,Live Plants,Mumbai Hub,1354,599,899,39,1015,4.34,0,No,4,No,143840,2436,No
May-2024,FY25,PL007,Spider Plant,Live Plants,Bengaluru Hub,396,1135,248,8,1275,3.23,0,No,5,No,18600,1434,No
May-2024,FY25,PL008,Money Plant (Epipremnum),Live Plants,Talegaon Main (Pune),711,791,360,20,1122,5.56,0,No,6,No,18000,841,No
May-2024,FY25,PL009,Rubber Plant,Live Plants,Talegaon Main (Pune),1096,989,330,14,1741,4.24,0,No,4,No,59400,4700,No
May-2024,FY25,PL010,Aglaonema Red,Live Plants,Hyderabad Spoke,890,1036,321,28,1577,8.72,0,No,3,No,67410,4967,No
May-2024,FY25,PL011,Rose – Red (Grafted),Live Plants,Mumbai Hub,1751,293,462,16,1566,3.46,0,No,3,No,60060,3053,No
May-2024,FY25,PL012,Hibiscus – Pink,Live Plants,Bengaluru Hub,260,1059,724,34,561,4.7,0,No,3,No,79640,925,No
May-2024,FY25,PL013,Bougainvillea,Live Plants,Talegaon Main (Pune),1806,618,81,5,2338,6.17,0,No,9,No,9315,4033,No
May-2024,FY25,PL014,Ixora,Live Plants,Delhi Hub,1829,747,416,30,2130,7.21,0,No,8,No,35360,2715,No
May-2024,FY25,PL015,Marigold Seedling,Live Plants,Bengaluru Hub,1911,1130,427,41,2573,9.6,0,No,10,No,17080,1543,No
May-2024,FY25,PL016,Aloe Vera,Live Plants,Delhi Hub,1899,828,465,38,2224,8.17,0,No,8,No,37200,2668,No
May-2024,FY25,PL017,Cactus Mix (3 pack),Live Plants,Delhi Hub,520,593,616,29,468,4.71,0,No,4,No,40040,456,No
May-2024,FY25,PL018,Echeveria Set of 3,Live Plants,Delhi Hub,287,736,216,9,798,4.17,0,No,5,No,20520,1137,No
May-2024,FY25,PL019,Areca Palm,Live Plants,Talegaon Main (Pune),2469,245,242,13,2459,5.37,0,No,9,No,60500,9221,No
May-2024,FY25,PL020,Bamboo Palm,Live Plants,Hyderabad Spoke,452,1106,273,13,1272,4.76,0,No,3,No,73710,5151,No
May-2024,FY25,SD001,Cherry Tomato Seeds,Seeds,Bengaluru Hub,1402,571,233,4,1736,1.72,0,No,10,No,4194,468,No
May-2024,FY25,SD002,Spinach Seeds (50g),Seeds,Talegaon Main (Pune),579,1097,305,2,1369,0.66,0,No,8,No,4270,287,No
May-2024,FY25,SD003,Coriander Seeds (50g),Seeds,Bengaluru Hub,2486,984,633,0,2837,0.0,0,No,7,No,7596,510,No
May-2024,FY25,SD004,Chilli Hybrid Seeds,Seeds,Delhi Hub,1165,466,878,5,748,0.57,0,No,9,No,19316,246,No
May-2024,FY25,SD005,Marigold Seeds,Seeds,Delhi Hub,441,1078,154,4,1361,2.6,0,No,7,No,2464,326,No
May-2024,FY25,SD006,Sunflower Seeds,Seeds,Bengaluru Hub,219,1159,894,3,481,0.34,0,No,11,No,17880,144,No
May-2024,FY25,SD007,Petunia Seeds,Seeds,Mumbai Hub,1515,204,830,0,889,0.0,0,No,7,No,23240,373,No
May-2024,FY25,SD008,Methi Seeds (100g),Seeds,Delhi Hub,2135,1125,441,3,2816,0.68,0,No,14,No,4410,422,No
May-2024,FY25,SD009,Basil Seeds,Seeds,Bengaluru Hub,529,322,284,5,562,1.76,0,No,8,No,4260,126,No
May-2024,FY25,PT001,Ceramic Pot 5 inch – White,Pots & Planters,Delhi Hub,991,164,380,1,774,0.26,0,No,12,No,39900,1219,No
May-2024,FY25,PT002,Ceramic Pot 6 inch – Terracotta look,Pots & Planters,Hyderabad Spoke,1341,875,816,3,1397,0.37,0,No,7,No,110160,2828,No
May-2024,FY25,PT003,Ceramic Pot 8 inch – Matte Black,Pots & Planters,Talegaon Main (Pune),2216,809,86,4,2935,4.65,0,No,5,No,18060,9245,No
May-2024,FY25,PT004,Classic Terracotta 6in,Pots & Planters,Mumbai Hub,431,340,210,3,558,1.43,0,No,3,No,14700,585,No
May-2024,FY25,PT005,Self-Watering Pot 7in,Pots & Planters,Mumbai Hub,1118,860,327,5,1646,1.53,0,No,13,No,78480,5925,No
May-2024,FY25,PT006,Hanging Basket Planter,Pots & Planters,Hyderabad Spoke,2168,790,688,4,2266,0.58,0,No,4,No,113520,5608,No
May-2024,FY25,PT007,Vertical Wall Planter (5 pocket),Pots & Planters,Hyderabad Spoke,1420,454,471,0,1403,0.0,0,No,5,No,183690,8207,No
May-2024,FY25,PT008,Nursery Grow Bags (5 pack),Pots & Planters,Delhi Hub,2238,335,178,1,2394,0.56,0,No,12,No,14240,2872,No
May-2024,FY25,FR001,Ugaoo NPK 19-19-19 (500g),Fertilisers,Delhi Hub,1791,127,675,1,1242,0.15,0,No,12,No,64125,1769,No
May-2024,FY25,FR002,Organic Vermicompost (2kg),Fertilisers,Bengaluru Hub,219,302,511,3,7,0.59,5,Yes,6,Yes,56210,11,No
May-2024,FY25,FR003,Seaweed Liquid Fertiliser,Fertilisers,Mumbai Hub,1752,262,316,0,1698,0.0,0,No,10,No,25280,2037,No
May-2024,FY25,FR004,Bone Meal Fertiliser (500g),Fertilisers,Bengaluru Hub,2251,218,357,2,2110,0.56,0,No,11,No,35700,3165,No
May-2024,FY25,FR005,Plant Tonic – Rooting Hormone,Fertilisers,Mumbai Hub,977,827,201,2,1601,1.0,0,No,13,No,14070,1681,No
May-2024,FY25,TL001,Garden Pruner – Stainless,Tools,Mumbai Hub,2485,1075,779,4,2777,0.51,0,No,4,No,112955,6039,No
May-2024,FY25,TL002,Watering Can 2L,Tools,Talegaon Main (Pune),231,799,595,4,431,0.67,0,No,7,No,56525,614,No
May-2024,FY25,TL003,Premium Potting Mix 5kg,Tools,Mumbai Hub,324,819,401,0,742,0.0,0,No,14,No,52130,1446,No
May-2024,FY25,TL004,Pebbles Decorative 500g,Tools,Talegaon Main (Pune),1094,885,693,4,1282,0.58,0,No,14,No,38115,1057,No
May-2024,FY25,TL005,Moisture Meter,Tools,Bengaluru Hub,1045,991,426,4,1606,0.94,0,No,7,No,85200,4818,No
May-2024,FY25,GF001,Green Starter Kit,Gifting,Delhi Hub,387,719,372,3,731,0.81,0,No,14,No,137640,4057,No
May-2024,FY25,GF002,Plant Parent Gift Box,Gifting,Mumbai Hub,1870,744,497,4,2113,0.8,0,No,10,No,328020,20918,No
May-2024,FY25,GF003,Festive Diwali Plant Hamper,Gifting,Mumbai Hub,1770,987,864,5,1888,0.58,0,No,5,No,950400,31152,No
May-2024,FY25,GF004,Corporate Desk Plant Set,Gifting,Bengaluru Hub,1924,817,867,1,1873,0.12,0,No,9,No,468180,15171,No
May-2024,FY25,GF005,Anniversary Succulent Box,Gifting,Mumbai Hub,1243,979,330,4,1888,1.21,0,No,8,No,141900,12177,No
Jun-2024,FY25,PL001,Monstera Deliciosa,Live Plants,Talegaon Main (Pune),617,796,592,28,793,4.73,0,No,6,No,82880,1665,No
Jun-2024,FY25,PL002,Peace Lily,Live Plants,Mumbai Hub,2141,888,712,29,2288,4.07,0,No,12,No,64080,3088,No
Jun-2024,FY25,PL003,Snake Plant (Sansevieria),Live Plants,Delhi Hub,1473,484,781,56,1120,7.17,0,No,9,No,78100,1680,No
Jun-2024,FY25,PL004,Fiddle Leaf Fig,Live Plants,Delhi Hub,337,1069,161,16,1229,9.94,0,No,7,No,48300,5530,No
Jun-2024,FY25,PL005,Golden Pothos,Live Plants,Talegaon Main (Pune),2191,1085,439,34,2803,7.74,0,No,10,No,26340,2522,No
Jun-2024,FY25,PL006,ZZ Plant,Live Plants,Mumbai Hub,2195,174,825,29,1515,3.52,0,No,6,No,132000,3636,No
Jun-2024,FY25,PL007,Spider Plant,Live Plants,Talegaon Main (Pune),632,828,263,21,1176,7.98,0,No,9,No,19725,1323,No
Jun-2024,FY25,PL008,Money Plant (Epipremnum),Live Plants,Mumbai Hub,245,1116,624,52,685,8.33,0,No,9,No,31200,513,No
Jun-2024,FY25,PL009,Rubber Plant,Live Plants,Hyderabad Spoke,712,468,716,60,404,8.38,0,No,6,No,128880,1090,No
Jun-2024,FY25,PL010,Aglaonema Red,Live Plants,Hyderabad Spoke,796,1056,537,23,1292,4.28,0,No,11,No,112770,4069,No
Jun-2024,FY25,PL011,Rose – Red (Grafted),Live Plants,Mumbai Hub,1260,489,177,9,1563,5.08,0,No,11,No,23010,3047,No
Jun-2024,FY25,PL012,Hibiscus – Pink,Live Plants,Hyderabad Spoke,2082,1197,822,59,2398,7.18,0,No,8,No,90420,3956,No
Jun-2024,FY25,PL013,Bougainvillea,Live Plants,Bengaluru Hub,878,1160,91,6,1941,6.59,0,No,14,No,10465,3348,No
Jun-2024,FY25,PL014,Ixora,Live Plants,Delhi Hub,1834,271,293,25,1787,8.53,0,No,6,No,24905,2278,No
Jun-2024,FY25,PL015,Marigold Seedling,Live Plants,Hyderabad Spoke,509,267,656,62,58,9.45,0,Yes,12,Yes,26240,34,No
Jun-2024,FY25,PL016,Aloe Vera,Live Plants,Talegaon Main (Pune),2220,525,506,25,2214,4.94,0,No,13,No,40480,2656,No
Jun-2024,FY25,PL017,Cactus Mix (3 pack),Live Plants,Delhi Hub,1069,670,86,4,1649,4.65,0,No,5,No,5590,1607,No
Jun-2024,FY25,PL018,Echeveria Set of 3,Live Plants,Hyderabad Spoke,657,527,638,19,527,2.98,0,No,3,No,60610,750,No
Jun-2024,FY25,PL019,Areca Palm,Live Plants,Hyderabad Spoke,2401,896,283,15,2999,5.3,0,No,9,No,70750,11246,No
Jun-2024,FY25,PL020,Bamboo Palm,Live Plants,Talegaon Main (Pune),1188,192,654,59,667,9.02,0,No,14,No,176580,2701,No
Jun-2024,FY25,SD001,Cherry Tomato Seeds,Seeds,Hyderabad Spoke,818,933,559,3,1189,0.54,0,No,14,No,10062,321,No
Jun-2024,FY25,SD002,Spinach Seeds (50g),Seeds,Bengaluru Hub,868,1007,691,0,1184,0.0,0,No,9,No,9674,248,No
Jun-2024,FY25,SD003,Coriander Seeds (50g),Seeds,Talegaon Main (Pune),1787,1163,668,3,2279,0.45,0,No,3,No,8016,410,No
Jun-2024,FY25,SD004,Chilli Hybrid Seeds,Seeds,Mumbai Hub,2393,262,752,2,1901,0.27,0,No,10,No,16544,627,No
Jun-2024,FY25,SD005,Marigold Seeds,Seeds,Mumbai Hub,2174,952,855,4,2267,0.47,0,No,12,No,13680,544,No
Jun-2024,FY25,SD006,Sunflower Seeds,Seeds,Hyderabad Spoke,1864,212,284,4,1788,1.41,0,No,6,No,5680,536,No
Jun-2024,FY25,SD007,Petunia Seeds,Seeds,Mumbai Hub,2374,269,388,2,2253,0.52,0,No,13,No,10864,946,No
Jun-2024,FY25,SD008,Methi Seeds (100g),Seeds,Hyderabad Spoke,1675,412,385,4,1698,1.04,0,No,12,No,3850,254,No
Jun-2024,FY25,SD009,Basil Seeds,Seeds,Hyderabad Spoke,1129,251,299,4,1077,1.34,0,No,8,No,4485,242,No
Jun-2024,FY25,PT001,Ceramic Pot 5 inch – White,Pots & Planters,Hyderabad Spoke,818,725,523,3,1017,0.57,0,No,10,No,54915,1601,No
Jun-2024,FY25,PT002,Ceramic Pot 6 inch – Terracotta look,Pots & Planters,Bengaluru Hub,1439,362,849,2,950,0.24,0,No,8,No,114615,1923,No
Jun-2024,FY25,PT003,Ceramic Pot 8 inch – Matte Black,Pots & Planters,Bengaluru Hub,290,134,414,4,6,0.97,2,Yes,7,Yes,86940,18,No
Jun-2024,FY25,PT004,Classic Terracotta 6in,Pots & Planters,Hyderabad Spoke,2122,767,493,3,2393,0.61,0,No,10,No,34510,2512,No
Jun-2024,FY25,PT005,Self-Watering Pot 7in,Pots & Planters,Hyderabad Spoke,1682,857,514,4,2021,0.78,0,No,13,No,123360,7275,No
Jun-2024,FY25,PT006,Hanging Basket Planter,Pots & Planters,Talegaon Main (Pune),2299,598,410,4,2483,0.98,0,No,5,No,67650,6145,No
Jun-2024,FY25,PT007,Vertical Wall Planter (5 pocket),Pots & Planters,Delhi Hub,1305,1186,516,4,1971,0.78,0,No,3,No,201240,11530,No
Jun-2024,FY25,PT008,Nursery Grow Bags (5 pack),Pots & Planters,Talegaon Main (Pune),554,385,856,4,79,0.47,0,Yes,10,Yes,68480,94,No
Jun-2024,FY25,FR001,Ugaoo NPK 19-19-19 (500g),Fertilisers,Bengaluru Hub,1895,501,421,5,1970,1.19,0,No,13,No,39995,2807,No
Jun-2024,FY25,FR002,Organic Vermicompost (2kg),Fertilisers,Delhi Hub,397,608,828,1,176,0.12,0,No,6,No,91080,290,No
Jun-2024,FY25,FR003,Seaweed Liquid Fertiliser,Fertilisers,Bengaluru Hub,241,617,595,1,262,0.17,0,No,13,No,47600,314,No
Jun-2024,FY25,FR004,Bone Meal Fertiliser (500g),Fertilisers,Mumbai Hub,354,307,351,4,306,1.14,0,No,4,No,35100,459,No
Jun-2024,FY25,FR005,Plant Tonic – Rooting Hormone,Fertilisers,Talegaon Main (Pune),2103,524,707,2,1918,0.28,0,No,12,No,49490,2013,No
Jun-2024,FY25,TL001,Garden Pruner – Stainless,Tools,Talegaon Main (Pune),2345,180,256,3,2266,1.17,0,No,11,No,37120,4928,No
Jun-2024,FY25,TL002,Watering Can 2L,Tools,Mumbai Hub,2139,916,650,0,2405,0.0,0,No,7,No,61750,3427,No
Jun-2024,FY25,TL003,Premium Potting Mix 5kg,Tools,Talegaon Main (Pune),651,684,96,1,1238,1.04,0,No,9,No,12480,2414,No
Jun-2024,FY25,TL004,Pebbles Decorative 500g,Tools,Hyderabad Spoke,721,294,830,2,183,0.24,0,No,9,No,45650,150,No
Jun-2024,FY25,TL005,Moisture Meter,Tools,Hyderabad Spoke,1230,984,753,5,1456,0.66,0,No,11,No,150600,4368,No
Jun-2024,FY25,GF001,Green Starter Kit,Gifting,Talegaon Main (Pune),1017,273,135,1,1154,0.74,0,No,13,No,49950,6404,No
Jun-2024,FY25,GF002,Plant Parent Gift Box,Gifting,Hyderabad Spoke,576,106,672,3,7,0.45,0,Yes,5,Yes,443520,69,No
Jun-2024,FY25,GF003,Festive Diwali Plant Hamper,Gifting,Bengaluru Hub,2471,996,891,4,2572,0.45,0,No,4,No,980100,42438,No
Jun-2024,FY25,GF004,Corporate Desk Plant Set,Gifting,Talegaon Main (Pune),1635,1093,488,1,2239,0.2,0,No,6,No,263520,18135,No
Jun-2024,FY25,GF005,Anniversary Succulent Box,Gifting,Talegaon Main (Pune),1268,1106,736,0,1638,0.0,0,No,3,No,316480,10565,No
Jul-2024,FY25,PL001,Monstera Deliciosa,Live Plants,Bengaluru Hub,2210,923,892,63,2178,7.06,0,No,10,No,124880,4573,No
Jul-2024,FY25,PL002,Peace Lily,Live Plants,Talegaon Main (Pune),2383,740,452,23,2648,5.09,0,No,3,No,40680,3574,No
Jul-2024,FY25,PL003,Snake Plant (Sansevieria),Live Plants,Delhi Hub,1878,643,691,60,1770,8.68,0,No,4,No,69100,2655,No
Jul-2024,FY25,PL004,Fiddle Leaf Fig,Live Plants,Hyderabad Spoke,2087,484,212,13,2346,6.13,0,No,8,No,63600,10557,No
Jul-2024,FY25,PL005,Golden Pothos,Live Plants,Mumbai Hub,251,1179,788,47,595,5.96,0,No,9,No,47280,535,No
Jul-2024,FY25,PL006,ZZ Plant,Live Plants,Talegaon Main (Pune),500,647,661,30,456,4.54,0,No,12,No,105760,1094,No
Jul-2024,FY25,PL007,Spider Plant,Live Plants,Talegaon Main (Pune),1511,728,845,77,1317,9.11,0,No,7,No,63375,1481,No
Jul-2024,FY25,PL008,Money Plant (Epipremnum),Live Plants,Talegaon Main (Pune),476,289,366,14,385,3.83,0,No,10,No,18300,288,No
Jul-2024,FY25,PL009,Rubber Plant,Live Plants,Bengaluru Hub,649,951,869,55,676,6.33,0,No,12,No,156420,1825,No
Jul-2024,FY25,PL010,Aglaonema Red,Live Plants,Talegaon Main (Pune),1516,744,424,19,1817,4.48,0,No,6,No,89040,5723,No
Jul-2024,FY25,PL011,Rose – Red (Grafted),Live Plants,Delhi Hub,2194,619,92,6,2715,6.52,0,No,11,No,11960,5294,No
Jul-2024,FY25,PL012,Hibiscus – Pink,Live Plants,Mumbai Hub,2128,471,277,21,2301,7.58,0,No,5,No,30470,3796,No
Jul-2024,FY25,PL013,Bougainvillea,Live Plants,Delhi Hub,396,711,387,15,705,3.88,0,No,13,No,44505,1216,No
Jul-2024,FY25,PL014,Ixora,Live Plants,Hyderabad Spoke,1284,594,309,11,1558,3.56,0,No,6,No,26265,1986,No
Jul-2024,FY25,PL015,Marigold Seedling,Live Plants,Bengaluru Hub,647,884,505,27,999,5.35,0,No,7,No,20200,599,No
Jul-2024,FY25,PL016,Aloe Vera,Live Plants,Mumbai Hub,2023,264,232,18,2037,7.76,0,No,11,No,18560,2444,No
Jul-2024,FY25,PL017,Cactus Mix (3 pack),Live Plants,Delhi Hub,461,188,487,25,137,5.13,0,No,6,No,31655,133,No
Jul-2024,FY25,PL018,Echeveria Set of 3,Live Plants,Delhi Hub,569,1083,698,39,915,5.59,0,No,14,No,66310,1303,No
Jul-2024,FY25,PL019,Areca Palm,Live Plants,Hyderabad Spoke,1168,1130,125,8,2165,6.4,0,No,8,No,31250,8118,No
Jul-2024,FY25,PL020,Bamboo Palm,Live Plants,Hyderabad Spoke,1536,285,785,62,974,7.9,0,No,10,No,211950,3944,No
Jul-2024,FY25,SD001,Cherry Tomato Seeds,Seeds,Talegaon Main (Pune),1638,721,497,3,1859,0.6,0,No,13,No,8946,501,No
Jul-2024,FY25,SD002,Spinach Seeds (50g),Seeds,Hyderabad Spoke,1282,573,632,3,1220,0.47,0,No,9,No,8848,256,No
Jul-2024,FY25,SD003,Coriander Seeds (50g),Seeds,Delhi Hub,1507,824,314,4,2013,1.27,0,No,9,No,3768,362,No
Jul-2024,FY25,SD004,Chilli Hybrid Seeds,Seeds,Mumbai Hub,1767,1008,695,3,2077,0.43,0,No,7,No,15290,685,No
Jul-2024,FY25,SD005,Marigold Seeds,Seeds,Talegaon Main (Pune),2022,350,450,1,1921,0.22,0,No,3,No,7200,461,No
Jul-2024,FY25,SD006,Sunflower Seeds,Seeds,Talegaon Main (Pune),2037,1032,245,4,2820,1.63,0,No,14,No,4900,846,No
Jul-2024,FY25,SD007,Petunia Seeds,Seeds,Bengaluru Hub,1478,217,495,2,1198,0.4,0,No,4,No,13860,503,No
Jul-2024,FY25,SD008,Methi Seeds (100g),Seeds,Mumbai Hub,2407,270,703,1,1973,0.14,0,No,3,No,7030,295,No
Jul-2024,FY25,SD009,Basil Seeds,Seeds,Talegaon Main (Pune),2169,1039,163,4,3041,2.45,0,No,3,No,2445,684,No
Jul-2024,FY25,PT001,Ceramic Pot 5 inch – White,Pots & Planters,Delhi Hub,1041,178,201,0,1018,0.0,0,No,3,No,21105,1603,No
Jul-2024,FY25,PT002,Ceramic Pot 6 inch – Terracotta look,Pots & Planters,Bengaluru Hub,1859,103,120,3,1839,2.5,0,No,10,No,16200,3723,No
Jul-2024,FY25,PT003,Ceramic Pot 8 inch – Matte Black,Pots & Planters,Delhi Hub,1206,391,721,2,874,0.28,0,No,9,No,151410,2753,No
Jul-2024,FY25,PT004,Classic Terracotta 6in,Pots & Planters,Delhi Hub,862,248,848,2,260,0.24,0,No,11,No,59360,273,No
Jul-2024,FY25,PT005,Self-Watering Pot 7in,Pots & Planters,Hyderabad Spoke,945,682,136,3,1488,2.21,0,No,10,No,32640,5356,No
Jul-2024,FY25,PT006,Hanging Basket Planter,Pots & Planters,Bengaluru Hub,210,338,538,4,6,0.74,4,Yes,9,Yes,88770,14,No
Jul-2024,FY25,PT007,Vertical Wall Planter (5 pocket),Pots & Planters,Mumbai Hub,217,791,343,4,661,1.17,0,No,4,No,133770,3866,No
Jul-2024,FY25,PT008,Nursery Grow Bags (5 pack),Pots & Planters,Bengaluru Hub,2141,1086,466,4,2757,0.86,0,No,10,No,37280,3308,No
Jul-2024,FY25,FR001,Ugaoo NPK 19-19-19 (500g),Fertilisers,Hyderabad Spoke,852,862,860,2,852,0.23,0,No,9,No,81700,1214,No
Jul-2024,FY25,FR002,Organic Vermicompost (2kg),Fertilisers,Delhi Hub,1457,733,346,2,1842,0.58,0,No,8,No,38060,3039,No
Jul-2024,FY25,FR003,Seaweed Liquid Fertiliser,Fertilisers,Talegaon Main (Pune),1967,812,734,1,2044,0.14,0,No,5,No,58720,2452,No
Jul-2024,FY25,FR004,Bone Meal Fertiliser (500g),Fertilisers,Delhi Hub,1065,331,653,3,740,0.46,0,No,11,No,65300,1110,No
Jul-2024,FY25,FR005,Plant Tonic – Rooting Hormone,Fertilisers,Delhi Hub,1587,1154,231,1,2509,0.43,0,No,14,No,16170,2634,No
Jul-2024,FY25,TL001,Garden Pruner – Stainless,Tools,Delhi Hub,1636,114,775,0,975,0.0,0,No,13,No,112375,2120,No
Jul-2024,FY25,TL002,Watering Can 2L,Tools,Delhi Hub,1340,375,821,3,891,0.37,0,No,10,No,77995,1269,No
Jul-2024,FY25,TL003,Premium Potting Mix 5kg,Tools,Hyderabad Spoke,1983,813,477,4,2315,0.84,0,No,4,No,62010,4514,No
Jul-2024,FY25,TL004,Pebbles Decorative 500g,Tools,Bengaluru Hub,2225,1107,223,4,3105,1.79,0,No,13,No,12265,2561,No
Jul-2024,FY25,TL005,Moisture Meter,Tools,Mumbai Hub,1780,833,147,2,2464,1.36,0,No,6,No,29400,7392,No
Jul-2024,FY25,GF001,Green Starter Kit,Gifting,Hyderabad Spoke,1095,427,255,3,1264,1.18,0,No,11,No,94350,7015,No
Jul-2024,FY25,GF002,Plant Parent Gift Box,Gifting,Bengaluru Hub,366,607,837,3,133,0.36,0,No,13,No,552420,1316,No
Jul-2024,FY25,GF003,Festive Diwali Plant Hamper,Gifting,Talegaon Main (Pune),1804,536,157,3,2180,1.91,0,No,9,No,172700,35970,No
Jul-2024,FY25,GF004,Corporate Desk Plant Set,Gifting,Talegaon Main (Pune),1419,717,519,2,1615,0.39,0,No,8,No,280260,13081,No
Jul-2024,FY25,GF005,Anniversary Succulent Box,Gifting,Mumbai Hub,494,494,833,2,153,0.24,0,No,3,No,358190,986,No
Aug-2024,FY25,PL001,Monstera Deliciosa,Live Plants,Bengaluru Hub,986,479,889,53,523,5.96,0,No,3,No,124460,1098,No
Aug-2024,FY25,PL002,Peace Lily,Live Plants,Talegaon Main (Pune),2156,1066,772,26,2424,3.37,0,No,13,No,69480,3272,No
Aug-2024,FY25,PL003,Snake Plant (Sansevieria),Live Plants,Hyderabad Spoke,2036,142,422,35,1721,8.29,0,No,10,No,42200,2581,No
Aug-2024,FY25,PL004,Fiddle Leaf Fig,Live Plants,Hyderabad Spoke,1963,761,378,30,2316,7.94,0,No,8,No,113400,10422,No
Aug-2024,FY25,PL005,Golden Pothos,Live Plants,Hyderabad Spoke,1090,134,865,29,330,3.35,0,No,11,No,51900,297,No
Aug-2024,FY25,PL006,ZZ Plant,Live Plants,Talegaon Main (Pune),1374,705,161,15,1903,9.32,0,No,10,No,25760,4567,No
Aug-2024,FY25,PL007,Spider Plant,Live Plants,Hyderabad Spoke,1849,1172,756,25,2240,3.31,0,No,13,No,56700,2520,No
Aug-2024,FY25,PL008,Money Plant (Epipremnum),Live Plants,Bengaluru Hub,1732,830,821,39,1702,4.75,0,No,3,No,41050,1276,No
Aug-2024,FY25,PL009,Rubber Plant,Live Plants,Hyderabad Spoke,573,617,441,15,734,3.4,0,No,6,No,79380,1981,No
Aug-2024,FY25,PL010,Aglaonema Red,Live Plants,Delhi Hub,2227,1115,811,30,2501,3.7,0,No,9,No,170310,7878,No
Aug-2024,FY25,PL011,Rose – Red (Grafted),Live Plants,Mumbai Hub,1700,582,721,64,1497,8.88,0,No,11,No,93730,2919,No
Aug-2024,FY25,PL012,Hibiscus – Pink,Live Plants,Bengaluru Hub,1248,900,545,32,1571,5.87,0,No,11,No,59950,2592,No
Aug-2024,FY25,PL013,Bougainvillea,Live Plants,Delhi Hub,714,997,506,16,1189,3.16,0,No,7,No,58190,2051,No
Aug-2024,FY25,PL014,Ixora,Live Plants,Hyderabad Spoke,1991,369,403,30,1927,7.44,0,No,5,No,34255,2456,No
Aug-2024,FY25,PL015,Marigold Seedling,Live Plants,Talegaon Main (Pune),2244,241,419,32,2034,7.64,0,No,13,No,16760,1220,No
Aug-2024,FY25,PL016,Aloe Vera,Live Plants,Bengaluru Hub,1437,475,433,43,1436,9.93,0,No,10,No,34640,1723,No
Aug-2024,FY25,PL017,Cactus Mix (3 pack),Live Plants,Talegaon Main (Pune),2289,383,730,62,1880,8.49,0,No,14,No,47450,1833,No
Aug-2024,FY25,PL018,Echeveria Set of 3,Live Plants,Hyderabad Spoke,2087,372,648,21,1790,3.24,0,No,7,No,61560,2550,No
Aug-2024,FY25,PL019,Areca Palm,Live Plants,Delhi Hub,2159,320,397,13,2069,3.27,0,No,5,No,99250,7758,No
Aug-2024,FY25,PL020,Bamboo Palm,Live Plants,Mumbai Hub,1017,525,299,15,1228,5.02,0,No,14,No,80730,4973,No
Aug-2024,FY25,SD001,Cherry Tomato Seeds,Seeds,Bengaluru Hub,1198,187,237,4,1144,1.69,0,No,10,No,4266,308,No
Aug-2024,FY25,SD002,Spinach Seeds (50g),Seeds,Delhi Hub,1572,1045,623,4,1990,0.64,0,No,4,No,8722,417,No
Aug-2024,FY25,SD003,Coriander Seeds (50g),Seeds,Hyderabad Spoke,842,327,124,1,1044,0.81,0,No,10,No,1488,187,No
Aug-2024,FY25,SD004,Chilli Hybrid Seeds,Seeds,Hyderabad Spoke,883,542,734,4,687,0.54,0,No,12,No,16148,226,No
Aug-2024,FY25,SD005,Marigold Seeds,Seeds,Bengaluru Hub,1409,915,578,0,1746,0.0,0,No,4,No,9248,419,No
Aug-2024,FY25,SD006,Sunflower Seeds,Seeds,Talegaon Main (Pune),1384,197,572,5,1004,0.87,0,No,8,No,11440,301,No
Aug-2024,FY25,SD007,Petunia Seeds,Seeds,Mumbai Hub,674,1161,480,0,1355,0.0,0,No,3,No,13440,569,No
Aug-2024,FY25,SD008,Methi Seeds (100g),Seeds,Hyderabad Spoke,1159,308,334,1,1132,0.3,0,No,14,No,3340,169,No
Aug-2024,FY25,SD009,Basil Seeds,Seeds,Bengaluru Hub,1761,507,312,5,1951,1.6,0,No,6,No,4680,438,No
Aug-2024,FY25,PT001,Ceramic Pot 5 inch – White,Pots & Planters,Delhi Hub,1798,995,96,4,2693,4.17,0,No,13,No,10080,4241,No
Aug-2024,FY25,PT002,Ceramic Pot 6 inch – Terracotta look,Pots & Planters,Delhi Hub,1765,197,509,0,1453,0.0,0,No,14,No,68715,2942,No
Aug-2024,FY25,PT003,Ceramic Pot 8 inch – Matte Black,Pots & Planters,Bengaluru Hub,1569,872,585,4,1852,0.68,0,No,11,No,122850,5833,No
Aug-2024,FY25,PT004,Classic Terracotta 6in,Pots & Planters,Bengaluru Hub,398,731,105,3,1021,2.86,0,No,12,No,7350,1072,No
Aug-2024,FY25,PT005,Self-Watering Pot 7in,Pots & Planters,Hyderabad Spoke,218,251,315,2,152,0.63,0,No,6,No,75600,547,No
Aug-2024,FY25,PT006,Hanging Basket Planter,Pots & Planters,Delhi Hub,1067,466,437,2,1094,0.46,0,No,3,No,72105,2707,No
Aug-2024,FY25,PT007,Vertical Wall Planter (5 pocket),Pots & Planters,Hyderabad Spoke,247,160,397,4,6,1.01,5,Yes,12,Yes,154830,35,No
Aug-2024,FY25,PT008,Nursery Grow Bags (5 pack),Pots & Planters,Mumbai Hub,1671,806,240,1,2236,0.42,0,No,10,No,19200,2683,No
Aug-2024,FY25,FR001,Ugaoo NPK 19-19-19 (500g),Fertilisers,Delhi Hub,2204,568,780,0,1992,0.0,0,No,12,No,74100,2838,No
Aug-2024,FY25,FR002,Organic Vermicompost (2kg),Fertilisers,Mumbai Hub,2148,398,287,3,2256,1.05,0,No,9,No,31570,3722,No
Aug-2024,FY25,FR003,Seaweed Liquid Fertiliser,Fertilisers,Bengaluru Hub,274,582,846,2,8,0.24,5,Yes,7,Yes,67680,9,No
Aug-2024,FY25,FR004,Bone Meal Fertiliser (500g),Fertilisers,Delhi Hub,1827,499,349,3,1974,0.86,0,No,3,No,34900,2961,No
Aug-2024,FY25,FR005,Plant Tonic – Rooting Hormone,Fertilisers,Delhi Hub,1924,217,866,5,1270,0.58,0,No,14,No,60620,1333,No
Aug-2024,FY25,TL001,Garden Pruner – Stainless,Tools,Talegaon Main (Pune),2130,944,102,2,2970,1.96,0,No,9,No,14790,6459,No
Aug-2024,FY25,TL002,Watering Can 2L,Tools,Bengaluru Hub,230,987,876,3,338,0.34,0,No,14,No,83220,481,No
Aug-2024,FY25,TL003,Premium Potting Mix 5kg,Tools,Mumbai Hub,1550,741,293,1,1997,0.34,0,No,8,No,38090,3894,No
Aug-2024,FY25,TL004,Pebbles Decorative 500g,Tools,Delhi Hub,1800,878,521,4,2153,0.77,0,No,7,No,28655,1776,No
Aug-2024,FY25,TL005,Moisture Meter,Tools,Hyderabad Spoke,1391,187,420,1,1157,0.24,0,No,6,No,84000,3471,No
Aug-2024,FY25,GF001,Green Starter Kit,Gifting,Bengaluru Hub,2260,319,718,3,1858,0.42,0,No,10,No,265660,10311,No
Aug-2024,FY25,GF002,Plant Parent Gift Box,Gifting,Talegaon Main (Pune),1374,749,301,2,1820,0.66,0,No,13,No,198660,18018,No
Aug-2024,FY25,GF003,Festive Diwali Plant Hamper,Gifting,Delhi Hub,841,198,516,2,521,0.39,0,No,3,No,567600,8596,No
Aug-2024,FY25,GF004,Corporate Desk Plant Set,Gifting,Delhi Hub,1249,756,868,0,1137,0.0,0,No,6,No,468720,9209,No
Aug-2024,FY25,GF005,Anniversary Succulent Box,Gifting,Bengaluru Hub,2050,154,240,1,1963,0.42,0,No,9,No,103200,12661,No
Sep-2024,FY25,PL001,Monstera Deliciosa,Live Plants,Delhi Hub,1371,1171,584,53,1905,9.08,0,No,4,No,81760,4000,No
Sep-2024,FY25,PL002,Peace Lily,Live Plants,Bengaluru Hub,2201,1197,681,21,2696,3.08,0,No,5,No,61290,3639,No
Sep-2024,FY25,PL003,Snake Plant (Sansevieria),Live Plants,Delhi Hub,948,396,757,23,564,3.04,0,No,10,No,75700,846,No
Sep-2024,FY25,PL004,Fiddle Leaf Fig,Live Plants,Delhi Hub,2231,374,590,23,1992,3.9,0,No,5,No,177000,8964,No
Sep-2024,FY25,PL005,Golden Pothos,Live Plants,Talegaon Main (Pune),2127,674,356,11,2434,3.09,0,No,9,No,21360,2190,No
Sep-2024,FY25,PL006,ZZ Plant,Live Plants,Hyderabad Spoke,672,194,344,13,509,3.78,0,No,4,No,55040,1221,No
Sep-2024,FY25,PL007,Spider Plant,Live Plants,Talegaon Main (Pune),615,985,639,48,913,7.51,0,No,14,No,47925,1027,No
Sep-2024,FY25,PL008,Money Plant (Epipremnum),Live Plants,Talegaon Main (Pune),1738,822,583,29,1948,4.97,0,No,5,No,29150,1461,No
Sep-2024,FY25,PL009,Rubber Plant,Live Plants,Talegaon Main (Pune),294,600,613,58,223,9.46,0,No,14,No,110340,602,No
Sep-2024,FY25,PL010,Aglaonema Red,Live Plants,Delhi Hub,728,857,256,25,1304,9.77,0,No,14,No,53760,4107,No
Sep-2024,FY25,PL011,Rose – Red (Grafted),Live Plants,Hyderabad Spoke,777,471,85,3,1160,3.53,0,No,12,No,11050,2262,No
Sep-2024,FY25,PL012,Hibiscus – Pink,Live Plants,Bengaluru Hub,491,596,402,26,659,6.47,0,No,9,No,44220,1087,No
Sep-2024,FY25,PL013,Bougainvillea,Live Plants,Delhi Hub,1409,373,515,30,1237,5.83,0,No,14,No,59225,2133,No
Sep-2024,FY25,PL014,Ixora,Live Plants,Delhi Hub,1004,714,279,21,1418,7.53,0,No,3,No,23715,1807,No
Sep-2024,FY25,PL015,Marigold Seedling,Live Plants,Delhi Hub,1104,452,578,28,950,4.84,0,No,11,No,23120,570,No
Sep-2024,FY25,PL016,Aloe Vera,Live Plants,Mumbai Hub,1744,122,451,42,1373,9.31,0,No,6,No,36080,1647,No
Sep-2024,FY25,PL017,Cactus Mix (3 pack),Live Plants,Hyderabad Spoke,316,332,284,19,345,6.69,0,No,4,No,18460,336,No
Sep-2024,FY25,PL018,Echeveria Set of 3,Live Plants,Hyderabad Spoke,491,1024,770,66,679,8.57,0,No,7,No,73150,967,No
Sep-2024,FY25,PL019,Areca Palm,Live Plants,Bengaluru Hub,2132,606,280,24,2434,8.57,0,No,10,No,70000,9127,No
Sep-2024,FY25,PL020,Bamboo Palm,Live Plants,Hyderabad Spoke,926,134,399,13,648,3.26,0,No,10,No,107730,2624,No
Sep-2024,FY25,SD001,Cherry Tomato Seeds,Seeds,Hyderabad Spoke,1326,1165,541,1,1949,0.18,0,No,14,No,9738,526,No
Sep-2024,FY25,SD002,Spinach Seeds (50g),Seeds,Talegaon Main (Pune),1167,325,473,0,1019,0.0,0,No,11,No,6622,213,No
Sep-2024,FY25,SD003,Coriander Seeds (50g),Seeds,Bengaluru Hub,1721,875,172,3,2421,1.74,0,No,11,No,2064,435,No
Sep-2024,FY25,SD004,Chilli Hybrid Seeds,Seeds,Hyderabad Spoke,1982,702,184,1,2499,0.54,0,No,14,No,4048,824,No
Sep-2024,FY25,SD005,Marigold Seeds,Seeds,Bengaluru Hub,801,1080,435,3,1443,0.69,0,No,8,No,6960,346,No
Sep-2024,FY25,SD006,Sunflower Seeds,Seeds,Delhi Hub,1100,332,462,4,966,0.87,0,No,4,No,9240,289,No
Sep-2024,FY25,SD007,Petunia Seeds,Seeds,Hyderabad Spoke,1967,612,731,3,1845,0.41,0,No,5,No,20468,774,No
Sep-2024,FY25,SD008,Methi Seeds (100g),Seeds,Hyderabad Spoke,1147,508,486,5,1164,1.03,0,No,9,No,4860,174,No
Sep-2024,FY25,SD009,Basil Seeds,Seeds,Mumbai Hub,2342,742,750,5,2329,0.67,0,No,5,No,11250,524,No
Sep-2024,FY25,PT001,Ceramic Pot 5 inch – White,Pots & Planters,Mumbai Hub,1189,630,356,3,1460,0.84,0,No,5,No,37380,2299,No
Sep-2024,FY25,PT002,Ceramic Pot 6 inch – Terracotta look,Pots & Planters,Delhi Hub,1593,830,766,5,1652,0.65,0,No,3,No,103410,3345,No
Sep-2024,FY25,PT003,Ceramic Pot 8 inch – Matte Black,Pots & Planters,Talegaon Main (Pune),223,787,887,3,120,0.34,0,No,12,No,186270,378,No
Sep-2024,FY25,PT004,Classic Terracotta 6in,Pots & Planters,Bengaluru Hub,1066,212,429,4,845,0.93,0,No,11,No,30030,887,No
Sep-2024,FY25,PT005,Self-Watering Pot 7in,Pots & Planters,Bengaluru Hub,930,1108,369,0,1669,0.0,0,No,8,No,88560,6008,No
Sep-2024,FY25,PT006,Hanging Basket Planter,Pots & Planters,Hyderabad Spoke,1305,457,135,0,1627,0.0,0,No,13,No,22275,4026,No
Sep-2024,FY25,PT007,Vertical Wall Planter (5 pocket),Pots & Planters,Mumbai Hub,1295,707,674,5,1323,0.74,0,No,6,No,262860,7739,No
Sep-2024,FY25,PT008,Nursery Grow Bags (5 pack),Pots & Planters,Hyderabad Spoke,209,964,712,0,461,0.0,0,No,12,No,56960,553,No
Sep-2024,FY25,FR001,Ugaoo NPK 19-19-19 (500g),Fertilisers,Talegaon Main (Pune),1750,1032,296,3,2483,1.01,0,No,4,No,28120,3538,No
Sep-2024,FY25,FR002,Organic Vermicompost (2kg),Fertilisers,Mumbai Hub,2482,163,272,2,2371,0.74,0,No,7,No,29920,3912,No
Sep-2024,FY25,FR003,Seaweed Liquid Fertiliser,Fertilisers,Hyderabad Spoke,1093,334,847,3,577,0.35,0,No,7,No,67760,692,No
Sep-2024,FY25,FR004,Bone Meal Fertiliser (500g),Fertilisers,Delhi Hub,768,560,463,3,862,0.65,0,No,14,No,46300,1293,No
Sep-2024,FY25,FR005,Plant Tonic – Rooting Hormone,Fertilisers,Delhi Hub,540,913,881,4,568,0.45,0,No,4,No,61670,596,No
Sep-2024,FY25,TL001,Garden Pruner – Stainless,Tools,Delhi Hub,244,1164,234,3,1171,1.28,0,No,4,No,33930,2546,No
Sep-2024,FY25,TL002,Watering Can 2L,Tools,Talegaon Main (Pune),348,919,519,0,748,0.0,0,No,13,No,49305,1065,No
Sep-2024,FY25,TL003,Premium Potting Mix 5kg,Tools,Bengaluru Hub,2409,544,213,5,2735,2.35,0,No,7,No,27690,5333,No
Sep-2024,FY25,TL004,Pebbles Decorative 500g,Tools,Delhi Hub,446,238,553,4,127,0.72,0,No,11,No,30415,104,No
Sep-2024,FY25,TL005,Moisture Meter,Tools,Hyderabad Spoke,1930,969,226,2,2671,0.88,0,No,3,No,45200,8013,No
Sep-2024,FY25,GF001,Green Starter Kit,Gifting,Mumbai Hub,1279,103,112,4,1266,3.57,0,No,11,No,41440,7026,No
Sep-2024,FY25,GF002,Plant Parent Gift Box,Gifting,Delhi Hub,1076,906,594,1,1387,0.17,0,No,8,No,392040,13731,No
Sep-2024,FY25,GF003,Festive Diwali Plant Hamper,Gifting,Hyderabad Spoke,2075,407,145,5,2332,3.45,0,No,12,No,159500,38478,No
Sep-2024,FY25,GF004,Corporate Desk Plant Set,Gifting,Hyderabad Spoke,2189,198,843,3,1541,0.36,0,No,9,No,455220,12482,No
Sep-2024,FY25,GF005,Anniversary Succulent Box,Gifting,Bengaluru Hub,316,163,227,1,251,0.44,0,No,10,No,97610,1618,No
Oct-2024,FY25,PL001,Monstera Deliciosa,Live Plants,Mumbai Hub,1154,911,1004,47,1014,4.68,0,No,11,No,140560,2129,Yes
Oct-2024,FY25,PL002,Peace Lily,Live Plants,Talegaon Main (Pune),2190,1036,379,28,2819,7.39,0,No,13,No,34110,3805,Yes
Oct-2024,FY25,PL003,Snake Plant (Sansevieria),Live Plants,Mumbai Hub,469,651,1110,61,0,5.5,4,Yes,8,Yes,111000,0,Yes
Oct-2024,FY25,PL004,Fiddle Leaf Fig,Live Plants,Delhi Hub,2167,1874,1159,96,2786,8.28,0,No,9,No,347700,12537,Yes
Oct-2024,FY25,PL005,Golden Pothos,Live Plants,Talegaon Main (Pune),733,1217,1341,128,481,9.55,0,No,13,No,80460,432,Yes
Oct-2024,FY25,PL006,ZZ Plant,Live Plants,Mumbai Hub,1664,1663,1110,42,2175,3.78,0,No,5,No,177600,5220,Yes
Oct-2024,FY25,PL007,Spider Plant,Live Plants,Delhi Hub,1628,1079,1277,114,1316,8.93,0,No,14,No,95775,1480,Yes
Oct-2024,FY25,PL008,Money Plant (Epipremnum),Live Plants,Delhi Hub,485,756,473,31,737,6.55,0,No,6,No,23650,552,Yes
Oct-2024,FY25,PL009,Rubber Plant,Live Plants,Bengaluru Hub,2275,1352,1369,119,2139,8.69,0,No,11,No,246420,5775,Yes
Oct-2024,FY25,PL010,Aglaonema Red,Live Plants,Bengaluru Hub,1753,544,892,26,1379,2.91,0,No,14,No,187320,4343,Yes
Oct-2024,FY25,PL011,Rose – Red (Grafted),Live Plants,Talegaon Main (Pune),2050,1256,555,25,2726,4.5,0,No,6,No,72150,5315,Yes
Oct-2024,FY25,PL012,Hibiscus – Pink,Live Plants,Bengaluru Hub,2335,603,873,82,1983,9.39,0,No,3,No,96030,3271,Yes
Oct-2024,FY25,PL013,Bougainvillea,Live Plants,Bengaluru Hub,621,1376,308,18,1671,5.84,0,No,10,No,35420,2882,Yes
Oct-2024,FY25,PL014,Ixora,Live Plants,Talegaon Main (Pune),497,1087,1075,46,463,4.28,0,No,8,No,91375,590,Yes
Oct-2024,FY25,PL015,Marigold Seedling,Live Plants,Delhi Hub,2025,692,709,50,1958,7.05,0,No,9,No,28360,1174,Yes
Oct-2024,FY25,PL016,Aloe Vera,Live Plants,Mumbai Hub,1441,532,314,13,1646,4.14,0,No,14,No,25120,1975,Yes
Oct-2024,FY25,PL017,Cactus Mix (3 pack),Live Plants,Talegaon Main (Pune),1957,1647,998,80,2526,8.02,0,No,11,No,64870,2462,Yes
Oct-2024,FY25,PL018,Echeveria Set of 3,Live Plants,Talegaon Main (Pune),614,1313,1401,117,409,8.35,0,No,10,No,133095,582,Yes
Oct-2024,FY25,PL019,Areca Palm,Live Plants,Bengaluru Hub,2167,1621,920,51,2817,5.54,0,No,5,No,230000,10563,Yes
Oct-2024,FY25,PL020,Bamboo Palm,Live Plants,Delhi Hub,491,1991,644,61,1777,9.47,0,No,14,No,173880,7196,Yes
Oct-2024,FY25,SD001,Cherry Tomato Seeds,Seeds,Talegaon Main (Pune),1536,1827,724,5,2634,0.69,0,No,8,No,13032,711,Yes
Oct-2024,FY25,SD002,Spinach Seeds (50g),Seeds,Mumbai Hub,1170,1542,1499,0,1213,0.0,0,No,7,No,20986,254,Yes
Oct-2024,FY25,SD003,Coriander Seeds (50g),Seeds,Talegaon Main (Pune),1032,811,1545,3,295,0.19,0,No,8,No,18540,53,Yes
Oct-2024,FY25,SD004,Chilli Hybrid Seeds,Seeds,Talegaon Main (Pune),818,1826,1437,1,1206,0.07,0,No,8,No,31614,397,Yes
Oct-2024,FY25,SD005,Marigold Seeds,Seeds,Hyderabad Spoke,541,941,417,2,1063,0.48,0,No,8,No,6672,255,Yes
Oct-2024,FY25,SD006,Sunflower Seeds,Seeds,Mumbai Hub,1575,1454,1001,3,2025,0.3,0,No,3,No,20020,607,Yes
Oct-2024,FY25,SD007,Petunia Seeds,Seeds,Talegaon Main (Pune),1015,1364,573,1,1805,0.17,0,No,11,No,16044,758,Yes
Oct-2024,FY25,SD008,Methi Seeds (100g),Seeds,Bengaluru Hub,1924,1280,1420,3,1781,0.21,0,No,6,No,14200,267,Yes
Oct-2024,FY25,SD009,Basil Seeds,Seeds,Bengaluru Hub,564,1008,1508,2,62,0.13,0,Yes,12,Yes,22620,13,Yes
Oct-2024,FY25,PT001,Ceramic Pot 5 inch – White,Pots & Planters,Mumbai Hub,924,1260,468,1,1715,0.21,0,No,9,No,49140,2701,Yes
Oct-2024,FY25,PT002,Ceramic Pot 6 inch – Terracotta look,Pots & Planters,Hyderabad Spoke,1655,1595,1262,5,1983,0.4,0,No,5,No,170370,4015,Yes
Oct-2024,FY25,PT003,Ceramic Pot 8 inch – Matte Black,Pots & Planters,Mumbai Hub,1174,1415,900,4,1685,0.44,0,No,11,No,189000,5307,Yes
Oct-2024,FY25,PT004,Classic Terracotta 6in,Pots & Planters,Delhi Hub,1640,1870,476,4,3030,0.84,0,No,4,No,33320,3181,Yes
Oct-2024,FY25,PT005,Self-Watering Pot 7in,Pots & Planters,Mumbai Hub,1318,1626,1255,0,1689,0.0,0,No,5,No,301200,6080,Yes
Oct-2024,FY25,PT006,Hanging Basket Planter,Pots & Planters,Talegaon Main (Pune),465,1911,1580,4,792,0.25,0,No,6,No,260700,1960,Yes
Oct-2024,FY25,PT007,Vertical Wall Planter (5 pocket),Pots & Planters,Talegaon Main (Pune),1941,1797,1069,1,2668,0.09,0,No,8,No,416910,15607,Yes
Oct-2024,FY25,PT008,Nursery Grow Bags (5 pack),Pots & Planters,Talegaon Main (Pune),1492,1705,378,3,2816,0.79,0,No,8,No,30240,3379,Yes
Oct-2024,FY25,FR001,Ugaoo NPK 19-19-19 (500g),Fertilisers,Mumbai Hub,2054,668,1059,0,1663,0.0,0,No,6,No,100605,2369,Yes
Oct-2024,FY25,FR002,Organic Vermicompost (2kg),Fertilisers,Delhi Hub,1482,1381,598,4,2261,0.67,0,No,3,No,65780,3730,Yes
Oct-2024,FY25,FR003,Seaweed Liquid Fertiliser,Fertilisers,Hyderabad Spoke,1153,1757,1475,1,1434,0.07,0,No,8,No,118000,1720,Yes
Oct-2024,FY25,FR004,Bone Meal Fertiliser (500g),Fertilisers,Bengaluru Hub,680,1338,1554,4,460,0.26,0,No,12,No,155400,690,Yes
Oct-2024,FY25,FR005,Plant Tonic – Rooting Hormone,Fertilisers,Hyderabad Spoke,1403,1397,781,1,2018,0.13,0,No,10,No,54670,2118,Yes
Oct-2024,FY25,TL001,Garden Pruner – Stainless,Tools,Mumbai Hub,753,1827,308,0,2272,0.0,0,No,4,No,44660,4941,Yes
Oct-2024,FY25,TL002,Watering Can 2L,Tools,Hyderabad Spoke,484,1062,1492,1,53,0.07,0,Yes,3,Yes,141740,75,Yes
Oct-2024,FY25,TL003,Premium Potting Mix 5kg,Tools,Hyderabad Spoke,2057,1166,1378,1,1844,0.07,0,No,7,No,179140,3595,Yes
Oct-2024,FY25,TL004,Pebbles Decorative 500g,Tools,Bengaluru Hub,1740,1022,952,4,1806,0.42,0,No,8,No,52360,1489,Yes
Oct-2024,FY25,TL005,Moisture Meter,Tools,Delhi Hub,817,837,921,1,732,0.11,0,No,4,No,184200,2196,Yes
Oct-2024,FY25,GF001,Green Starter Kit,Gifting,Hyderabad Spoke,960,1265,657,0,1568,0.0,0,No,12,No,243090,8702,Yes
Oct-2024,FY25,GF002,Plant Parent Gift Box,Gifting,Hyderabad Spoke,238,1663,626,4,1271,0.64,0,No,12,No,413160,12582,Yes
Oct-2024,FY25,GF003,Festive Diwali Plant Hamper,Gifting,Mumbai Hub,986,716,931,4,767,0.43,0,No,12,No,1024100,12655,Yes
Oct-2024,FY25,GF004,Corporate Desk Plant Set,Gifting,Mumbai Hub,729,774,587,2,914,0.34,0,No,10,No,316980,7403,Yes
Oct-2024,FY25,GF005,Anniversary Succulent Box,Gifting,Talegaon Main (Pune),930,1074,537,5,1462,0.93,0,No,4,No,230910,9429,Yes
Nov-2024,FY25,PL001,Monstera Deliciosa,Live Plants,Talegaon Main (Pune),1455,1505,1419,90,1451,6.34,0,No,11,No,198660,3047,Yes
Nov-2024,FY25,PL002,Peace Lily,Live Plants,Talegaon Main (Pune),1716,557,823,79,1371,9.6,0,No,13,No,74070,1850,Yes
Nov-2024,FY25,PL003,Snake Plant (Sansevieria),Live Plants,Talegaon Main (Pune),1128,1896,1423,69,1532,4.85,0,No,10,No,142300,2298,Yes
Nov-2024,FY25,PL004,Fiddle Leaf Fig,Live Plants,Bengaluru Hub,1155,1319,1308,45,1121,3.44,0,No,10,No,392400,5044,Yes
Nov-2024,FY25,PL005,Golden Pothos,Live Plants,Talegaon Main (Pune),2114,1030,354,15,2775,4.24,0,No,4,No,21240,2497,Yes
Nov-2024,FY25,PL006,ZZ Plant,Live Plants,Mumbai Hub,2144,1788,1011,55,2866,5.44,0,No,9,No,161760,6878,Yes
Nov-2024,FY25,PL007,Spider Plant,Live Plants,Hyderabad Spoke,219,1967,1352,96,738,7.1,0,No,12,No,101400,830,Yes
Nov-2024,FY25,PL008,Money Plant (Epipremnum),Live Plants,Bengaluru Hub,345,1879,481,29,1714,6.03,0,No,14,No,24050,1285,Yes
Nov-2024,FY25,PL009,Rubber Plant,Live Plants,Hyderabad Spoke,1113,1867,842,69,2069,8.19,0,No,6,No,151560,5586,Yes
Nov-2024,FY25,PL010,Aglaonema Red,Live Plants,Mumbai Hub,467,678,578,43,524,7.44,0,No,11,No,121380,1650,Yes
Nov-2024,FY25,PL011,Rose – Red (Grafted),Live Plants,Hyderabad Spoke,2067,718,1509,122,1154,8.08,0,No,4,No,196170,2250,Yes
Nov-2024,FY25,PL012,Hibiscus – Pink,Live Plants,Delhi Hub,1726,1091,1300,96,1421,7.38,0,No,5,No,143000,2344,Yes
Nov-2024,FY25,PL013,Bougainvillea,Live Plants,Talegaon Main (Pune),2390,1627,728,51,3238,7.01,0,No,11,No,83720,5585,Yes
Nov-2024,FY25,PL014,Ixora,Live Plants,Bengaluru Hub,2379,1079,651,23,2784,3.53,0,No,5,No,55335,3549,Yes
Nov-2024,FY25,PL015,Marigold Seedling,Live Plants,Mumbai Hub,325,1286,954,58,599,6.08,0,No,4,No,38160,359,Yes
Nov-2024,FY25,PL016,Aloe Vera,Live Plants,Talegaon Main (Pune),2388,1050,511,33,2894,6.46,0,No,8,No,40880,3472,Yes
Nov-2024,FY25,PL017,Cactus Mix (3 pack),Live Plants,Delhi Hub,2013,1845,1161,49,2648,4.22,0,No,6,No,75465,2581,Yes
Nov-2024,FY25,PL018,Echeveria Set of 3,Live Plants,Hyderabad Spoke,313,1978,1218,95,978,7.8,0,No,13,No,115710,1393,Yes
Nov-2024,FY25,PL019,Areca Palm,Live Plants,Hyderabad Spoke,1345,1606,379,13,2559,3.43,0,No,3,No,94750,9596,Yes
Nov-2024,FY25,PL020,Bamboo Palm,Live Plants,Bengaluru Hub,1907,1162,1019,58,1992,5.69,0,No,6,No,275130,8067,Yes
Nov-2024,FY25,SD001,Cherry Tomato Seeds,Seeds,Talegaon Main (Pune),521,1217,365,5,1368,1.37,0,No,12,No,6570,369,Yes
Nov-2024,FY25,SD002,Spinach Seeds (50g),Seeds,Delhi Hub,2268,1392,1431,1,2228,0.07,0,No,4,No,20034,467,Yes
Nov-2024,FY25,SD003,Coriander Seeds (50g),Seeds,Delhi Hub,2383,1937,1517,2,2801,0.13,0,No,5,No,18204,504,Yes
Nov-2024,FY25,SD004,Chilli Hybrid Seeds,Seeds,Bengaluru Hub,2005,1370,1056,3,2316,0.28,0,No,13,No,23232,764,Yes
Nov-2024,FY25,SD005,Marigold Seeds,Seeds,Bengaluru Hub,359,1070,1419,1,9,0.07,2,Yes,4,Yes,22704,2,Yes
Nov-2024,FY25,SD006,Sunflower Seeds,Seeds,Mumbai Hub,997,2000,1152,5,1840,0.43,0,No,13,No,23040,552,Yes
Nov-2024,FY25,SD007,Petunia Seeds,Seeds,Bengaluru Hub,1639,1719,893,2,2463,0.22,0,No,10,No,25004,1034,Yes
Nov-2024,FY25,SD008,Methi Seeds (100g),Seeds,Talegaon Main (Pune),2168,1940,941,5,3162,0.53,0,No,6,No,9410,474,Yes
Nov-2024,FY25,SD009,Basil Seeds,Seeds,Talegaon Main (Pune),1682,893,350,2,2223,0.57,0,No,9,No,5250,500,Yes
Nov-2024,FY25,PT001,Ceramic Pot 5 inch – White,Pots & Planters,Talegaon Main (Pune),985,1317,1474,0,828,0.0,0,No,8,No,154770,1304,Yes
Nov-2024,FY25,PT002,Ceramic Pot 6 inch – Terracotta look,Pots & Planters,Hyderabad Spoke,386,1337,1414,1,308,0.07,0,No,6,No,190890,623,Yes
Nov-2024,FY25,PT003,Ceramic Pot 8 inch – Matte Black,Pots & Planters,Delhi Hub,1673,1557,785,4,2441,0.51,0,No,7,No,164850,7689,Yes
Nov-2024,FY25,PT004,Classic Terracotta 6in,Pots & Planters,Talegaon Main (Pune),877,631,1311,0,197,0.0,0,No,10,No,91770,206,Yes
Nov-2024,FY25,PT005,Self-Watering Pot 7in,Pots & Planters,Mumbai Hub,387,1913,1102,0,1198,0.0,0,No,6,No,264480,4312,Yes
Nov-2024,FY25,PT006,Hanging Basket Planter,Pots & Planters,Hyderabad Spoke,459,1300,513,4,1242,0.78,0,No,7,No,84645,3073,Yes
Nov-2024,FY25,PT007,Vertical Wall Planter (5 pocket),Pots & Planters,Delhi Hub,1851,786,517,1,2119,0.19,0,No,14,No,201630,12396,Yes
Nov-2024,FY25,PT008,Nursery Grow Bags (5 pack),Pots & Planters,Talegaon Main (Pune),821,669,1052,2,436,0.19,0,No,13,No,84160,523,Yes
Nov-2024,FY25,FR001,Ugaoo NPK 19-19-19 (500g),Fertilisers,Bengaluru Hub,713,630,1299,3,41,0.23,1,Yes,12,Yes,123405,58,Yes
Nov-2024,FY25,FR002,Organic Vermicompost (2kg),Fertilisers,Delhi Hub,446,560,607,1,398,0.16,0,No,8,No,66770,656,Yes
Nov-2024,FY25,FR003,Seaweed Liquid Fertiliser,Fertilisers,Hyderabad Spoke,2411,918,1131,2,2196,0.18,0,No,14,No,90480,2635,Yes
Nov-2024,FY25,FR004,Bone Meal Fertiliser (500g),Fertilisers,Hyderabad Spoke,1865,1765,1439,1,2190,0.07,0,No,6,No,143900,3285,Yes
Nov-2024,FY25,FR005,Plant Tonic – Rooting Hormone,Fertilisers,Delhi Hub,994,1713,631,0,2076,0.0,0,No,14,No,44170,2179,Yes
Nov-2024,FY25,TL001,Garden Pruner – Stainless,Tools,Delhi Hub,1423,1729,1578,1,1573,0.06,0,No,8,No,228810,3421,Yes
Nov-2024,FY25,TL002,Watering Can 2L,Tools,Bengaluru Hub,2345,1289,577,3,3054,0.52,0,No,13,No,54815,4351,Yes
Nov-2024,FY25,TL003,Premium Potting Mix 5kg,Tools,Hyderabad Spoke,1415,581,1556,3,437,0.19,0,No,13,No,202280,852,Yes
Nov-2024,FY25,TL004,Pebbles Decorative 500g,Tools,Talegaon Main (Pune),1494,409,1577,2,324,0.13,0,No,13,No,86735,267,Yes
Nov-2024,FY25,TL005,Moisture Meter,Tools,Talegaon Main (Pune),909,1066,1239,2,734,0.16,0,No,4,No,247800,2202,Yes
Nov-2024,FY25,GF001,Green Starter Kit,Gifting,Talegaon Main (Pune),304,1513,837,5,975,0.6,0,No,11,No,309690,5411,Yes
Nov-2024,FY25,GF002,Plant Parent Gift Box,Gifting,Bengaluru Hub,274,1635,1378,5,526,0.36,0,No,7,No,909480,5207,Yes
Nov-2024,FY25,GF003,Festive Diwali Plant Hamper,Gifting,Bengaluru Hub,1563,788,1541,1,809,0.06,0,No,8,No,1695100,13348,Yes
Nov-2024,FY25,GF004,Corporate Desk Plant Set,Gifting,Hyderabad Spoke,1131,400,613,5,913,0.82,0,No,13,No,331020,7395,Yes
Nov-2024,FY25,GF005,Anniversary Succulent Box,Gifting,Bengaluru Hub,2116,1817,1449,5,2479,0.35,0,No,3,No,623070,15989,Yes
Dec-2024,FY25,PL001,Monstera Deliciosa,Live Plants,Hyderabad Spoke,533,424,947,61,0,6.44,3,Yes,11,Yes,132580,0,Yes
Dec-2024,FY25,PL002,Peace Lily,Live Plants,Mumbai Hub,595,1071,383,13,1270,3.39,0,No,4,No,34470,1714,Yes
Dec-2024,FY25,PL003,Snake Plant (Sansevieria),Live Plants,Talegaon Main (Pune),1201,1340,331,31,2179,9.37,0,No,12,No,33100,3268,Yes
Dec-2024,FY25,PL004,Fiddle Leaf Fig,Live Plants,Delhi Hub,487,639,979,66,81,6.74,0,No,6,No,293700,364,Yes
Dec-2024,FY25,PL005,Golden Pothos,Live Plants,Mumbai Hub,2157,737,1080,78,1736,7.22,0,No,3,No,64800,1562,Yes
Dec-2024,FY25,PL006,ZZ Plant,Live Plants,Delhi Hub,2399,768,1300,102,1765,7.85,0,No,13,No,208000,4236,Yes
Dec-2024,FY25,PL007,Spider Plant,Live Plants,Delhi Hub,1159,1230,798,24,1567,3.01,0,No,14,No,59850,1762,Yes
Dec-2024,FY25,PL008,Money Plant (Epipremnum),Live Plants,Hyderabad Spoke,241,1793,1563,72,399,4.61,0,No,5,No,78150,299,Yes
Dec-2024,FY25,PL009,Rubber Plant,Live Plants,Talegaon Main (Pune),398,527,915,64,0,6.99,5,Yes,7,Yes,164700,0,Yes
Dec-2024,FY25,PL010,Aglaonema Red,Live Plants,Talegaon Main (Pune),1124,1513,1178,69,1390,5.86,0,No,5,No,247380,4378,Yes
Dec-2024,FY25,PL011,Rose – Red (Grafted),Live Plants,Delhi Hub,2457,912,413,15,2941,3.63,0,No,11,No,53690,5734,Yes
Dec-2024,FY25,PL012,Hibiscus – Pink,Live Plants,Bengaluru Hub,1967,1648,766,64,2785,8.36,0,No,5,No,84260,4595,Yes
Dec-2024,FY25,PL013,Bougainvillea,Live Plants,Delhi Hub,2121,635,1124,73,1559,6.49,0,No,5,No,129260,2689,Yes
Dec-2024,FY25,PL014,Ixora,Live Plants,Talegaon Main (Pune),2489,1928,792,49,3576,6.19,0,No,6,No,67320,4559,Yes
Dec-2024,FY25,PL015,Marigold Seedling,Live Plants,Delhi Hub,420,1547,579,28,1360,4.84,0,No,9,No,23160,816,Yes
Dec-2024,FY25,PL016,Aloe Vera,Live Plants,Hyderabad Spoke,1744,1808,710,36,2806,5.07,0,No,12,No,56800,3367,Yes
Dec-2024,FY25,PL017,Cactus Mix (3 pack),Live Plants,Mumbai Hub,1850,447,562,26,1709,4.63,0,No,8,No,36530,1666,Yes
Dec-2024,FY25,PL018,Echeveria Set of 3,Live Plants,Hyderabad Spoke,653,533,852,63,271,7.39,0,No,11,No,80940,386,Yes
Dec-2024,FY25,PL019,Areca Palm,Live Plants,Mumbai Hub,1015,405,791,63,566,7.96,0,No,9,No,197750,2122,Yes
Dec-2024,FY25,PL020,Bamboo Palm,Live Plants,Mumbai Hub,927,1444,910,72,1389,7.91,0,No,5,No,245700,5625,Yes
Dec-2024,FY25,SD001,Cherry Tomato Seeds,Seeds,Talegaon Main (Pune),1723,564,442,5,1840,1.13,0,No,5,No,7956,496,Yes
Dec-2024,FY25,SD002,Spinach Seeds (50g),Seeds,Mumbai Hub,1523,922,379,3,2063,0.79,0,No,3,No,5306,433,Yes
Dec-2024,FY25,SD003,Coriander Seeds (50g),Seeds,Mumbai Hub,2481,1578,419,3,3637,0.72,0,No,11,No,5028,654,Yes
Dec-2024,FY25,SD004,Chilli Hybrid Seeds,Seeds,Mumbai Hub,1636,1467,765,0,2338,0.0,0,No,5,No,16830,771,Yes
Dec-2024,FY25,SD005,Marigold Seeds,Seeds,Mumbai Hub,671,1643,1011,1,1302,0.1,0,No,13,No,16176,312,Yes
Dec-2024,FY25,SD006,Sunflower Seeds,Seeds,Bengaluru Hub,1944,1260,917,3,2284,0.33,0,No,13,No,18340,685,Yes
Dec-2024,FY25,SD007,Petunia Seeds,Seeds,Mumbai Hub,2377,1278,1047,2,2606,0.19,0,No,13,No,29316,1094,Yes
Dec-2024,FY25,SD008,Methi Seeds (100g),Seeds,Mumbai Hub,493,1210,1120,3,580,0.27,0,No,8,No,11200,87,Yes
Dec-2024,FY25,SD009,Basil Seeds,Seeds,Mumbai Hub,835,743,1242,1,335,0.08,0,No,4,No,18630,75,Yes
Dec-2024,FY25,PT001,Ceramic Pot 5 inch – White,Pots & Planters,Talegaon Main (Pune),913,1671,737,1,1846,0.14,0,No,6,No,77385,2907,Yes
Dec-2024,FY25,PT002,Ceramic Pot 6 inch – Terracotta look,Pots & Planters,Mumbai Hub,2308,827,426,2,2707,0.47,0,No,3,No,57510,5481,Yes
Dec-2024,FY25,PT003,Ceramic Pot 8 inch – Matte Black,Pots & Planters,Mumbai Hub,1469,1133,444,4,2154,0.9,0,No,11,No,93240,6785,Yes
Dec-2024,FY25,PT004,Classic Terracotta 6in,Pots & Planters,Mumbai Hub,385,795,565,2,613,0.35,0,No,11,No,39550,643,Yes
Dec-2024,FY25,PT005,Self-Watering Pot 7in,Pots & Planters,Hyderabad Spoke,670,627,1239,5,53,0.4,0,Yes,8,Yes,297360,190,Yes
Dec-2024,FY25,PT006,Hanging Basket Planter,Pots & Planters,Delhi Hub,2115,1506,774,4,2843,0.52,0,No,13,No,127710,7036,Yes
Dec-2024,FY25,PT007,Vertical Wall Planter (5 pocket),Pots & Planters,Mumbai Hub,1061,817,553,2,1323,0.36,0,No,8,No,215670,7739,Yes
Dec-2024,FY25,PT008,Nursery Grow Bags (5 pack),Pots & Planters,Talegaon Main (Pune),1263,1887,1374,2,1774,0.15,0,No,9,No,109920,2128,Yes
Dec-2024,FY25,FR001,Ugaoo NPK 19-19-19 (500g),Fertilisers,Talegaon Main (Pune),1062,1166,652,2,1574,0.31,0,No,7,No,61940,2242,Yes
Dec-2024,FY25,FR002,Organic Vermicompost (2kg),Fertilisers,Bengaluru Hub,519,463,944,3,35,0.32,3,Yes,11,Yes,103840,57,Yes
Dec-2024,FY25,FR003,Seaweed Liquid Fertiliser,Fertilisers,Delhi Hub,1115,1169,326,3,1955,0.92,0,No,7,No,26080,2346,Yes
Dec-2024,FY25,FR004,Bone Meal Fertiliser (500g),Fertilisers,Bengaluru Hub,828,465,441,5,847,1.13,0,No,6,No,44100,1270,Yes
Dec-2024,FY25,FR005,Plant Tonic – Rooting Hormone,Fertilisers,Talegaon Main (Pune),2406,510,687,0,2229,0.0,0,No,8,No,48090,2340,Yes
Dec-2024,FY25,TL001,Garden Pruner – Stainless,Tools,Talegaon Main (Pune),1980,1342,723,0,2599,0.0,0,No,7,No,104835,5652,Yes
Dec-2024,FY25,TL002,Watering Can 2L,Tools,Hyderabad Spoke,2496,477,536,0,2437,0.0,0,No,12,No,50920,3472,Yes
Dec-2024,FY25,TL003,Premium Potting Mix 5kg,Tools,Hyderabad Spoke,1922,652,1448,2,1124,0.14,0,No,13,No,188240,2191,Yes
Dec-2024,FY25,TL004,Pebbles Decorative 500g,Tools,Bengaluru Hub,1517,1091,1372,4,1232,0.29,0,No,12,No,75460,1016,Yes
Dec-2024,FY25,TL005,Moisture Meter,Tools,Talegaon Main (Pune),344,835,431,0,748,0.0,0,No,4,No,86200,2244,Yes
Dec-2024,FY25,GF001,Green Starter Kit,Gifting,Hyderabad Spoke,1651,973,1189,1,1434,0.08,0,No,3,No,439930,7958,Yes
Dec-2024,FY25,GF002,Plant Parent Gift Box,Gifting,Delhi Hub,1936,737,1310,4,1359,0.31,0,No,14,No,864600,13454,Yes
Dec-2024,FY25,GF003,Festive Diwali Plant Hamper,Gifting,Hyderabad Spoke,1216,1284,1460,5,1035,0.34,0,No,8,No,1606000,17077,Yes
Dec-2024,FY25,GF004,Corporate Desk Plant Set,Gifting,Talegaon Main (Pune),1349,1229,1060,4,1514,0.38,0,No,8,No,572400,12263,Yes
Dec-2024,FY25,GF005,Anniversary Succulent Box,Gifting,Hyderabad Spoke,1787,720,1091,1,1415,0.09,0,No,6,No,469130,9126,Yes
Jan-2025,FY25,PL001,Monstera Deliciosa,Live Plants,Bengaluru Hub,2135,980,1026,80,2009,7.8,0,No,4,No,143640,4218,Yes
Jan-2025,FY25,PL002,Peace Lily,Live Plants,Delhi Hub,1590,1056,355,15,2276,4.23,0,No,9,No,31950,3072,Yes
Jan-2025,FY25,PL003,Snake Plant (Sansevieria),Live Plants,Talegaon Main (Pune),1025,1515,330,31,2179,9.39,0,No,10,No,33000,3268,Yes
Jan-2025,FY25,PL004,Fiddle Leaf Fig,Live Plants,Hyderabad Spoke,2118,683,960,90,1751,9.38,0,No,9,No,288000,7879,Yes
Jan-2025,FY25,PL005,Golden Pothos,Live Plants,Talegaon Main (Pune),1104,1511,1363,61,1191,4.48,0,No,9,No,81780,1071,Yes
Jan-2025,FY25,PL006,ZZ Plant,Live Plants,Talegaon Main (Pune),2079,1456,1600,58,1877,3.62,0,No,7,No,256000,4504,Yes
Jan-2025,FY25,PL007,Spider Plant,Live Plants,Hyderabad Spoke,1613,1721,1214,101,2019,8.32,0,No,4,No,91050,2271,Yes
Jan-2025,FY25,PL008,Money Plant (Epipremnum),Live Plants,Talegaon Main (Pune),773,656,1411,67,0,4.75,1,Yes,9,Yes,70550,0,Yes
Jan-2025,FY25,PL009,Rubber Plant,Live Plants,Delhi Hub,2176,455,991,52,1588,5.25,0,No,14,No,178380,4287,Yes
Jan-2025,FY25,PL010,Aglaonema Red,Live Plants,Delhi Hub,2114,616,827,36,1867,4.35,0,No,4,No,173670,5881,Yes
Jan-2025,FY25,PL011,Rose – Red (Grafted),Live Plants,Hyderabad Spoke,467,1396,575,37,1251,6.43,0,No,3,No,74750,2439,Yes
Jan-2025,FY25,PL012,Hibiscus – Pink,Live Plants,Delhi Hub,906,1381,1454,109,724,7.5,0,No,4,No,159940,1194,Yes
Jan-2025,FY25,PL013,Bougainvillea,Live Plants,Delhi Hub,1175,929,909,89,1106,9.79,0,No,6,No,104535,1907,Yes
Jan-2025,FY25,PL014,Ixora,Live Plants,Delhi Hub,2312,682,1117,67,1810,6.0,0,No,7,No,94945,2307,Yes
Jan-2025,FY25,PL015,Marigold Seedling,Live Plants,Talegaon Main (Pune),1395,988,807,24,1552,2.97,0,No,13,No,32280,931,Yes
Jan-2025,FY25,PL016,Aloe Vera,Live Plants,Delhi Hub,2211,1977,1257,65,2866,5.17,0,No,6,No,100560,3439,Yes
Jan-2025,FY25,PL017,Cactus Mix (3 pack),Live Plants,Talegaon Main (Pune),1675,1430,637,56,2412,8.79,0,No,14,No,41405,2351,Yes
Jan-2025,FY25,PL018,Echeveria Set of 3,Live Plants,Talegaon Main (Pune),1400,1631,1482,92,1457,6.21,0,No,9,No,140790,2076,Yes
Jan-2025,FY25,PL019,Areca Palm,Live Plants,Bengaluru Hub,2082,1856,888,54,2996,6.08,0,No,13,No,222000,11235,Yes
Jan-2025,FY25,PL020,Bamboo Palm,Live Plants,Mumbai Hub,2318,1672,671,53,3266,7.9,0,No,6,No,181170,13227,Yes
Jan-2025,FY25,SD001,Cherry Tomato Seeds,Seeds,Delhi Hub,1368,1593,892,2,2067,0.22,0,No,8,No,16056,558,Yes
Jan-2025,FY25,SD002,Spinach Seeds (50g),Seeds,Delhi Hub,261,1989,899,1,1350,0.11,0,No,13,No,12586,283,Yes
Jan-2025,FY25,SD003,Coriander Seeds (50g),Seeds,Bengaluru Hub,1037,1731,487,0,2281,0.0,0,No,12,No,5844,410,Yes
Jan-2025,FY25,SD004,Chilli Hybrid Seeds,Seeds,Mumbai Hub,298,774,368,2,702,0.54,0,No,4,No,8096,231,Yes
Jan-2025,FY25,SD005,Marigold Seeds,Seeds,Talegaon Main (Pune),2374,1161,571,0,2964,0.0,0,No,13,No,9136,711,Yes
Jan-2025,FY25,SD006,Sunflower Seeds,Seeds,Bengaluru Hub,673,802,1197,3,275,0.25,0,No,9,No,23940,82,Yes
Jan-2025,FY25,SD007,Petunia Seeds,Seeds,Hyderabad Spoke,950,1794,1122,4,1618,0.36,0,No,4,No,31416,679,Yes
Jan-2025,FY25,SD008,Methi Seeds (100g),Seeds,Bengaluru Hub,1888,461,1483,0,866,0.0,0,No,4,No,14830,129,Yes
Jan-2025,FY25,SD009,Basil Seeds,Seeds,Delhi Hub,1514,1514,713,1,2314,0.14,0,No,4,No,10695,520,Yes
Jan-2025,FY25,PT001,Ceramic Pot 5 inch – White,Pots & Planters,Bengaluru Hub,1559,405,1581,2,381,0.13,0,No,14,No,166005,600,Yes
Jan-2025,FY25,PT002,Ceramic Pot 6 inch – Terracotta look,Pots & Planters,Hyderabad Spoke,1505,961,651,1,1814,0.15,0,No,5,No,87885,3673,Yes
Jan-2025,FY25,PT003,Ceramic Pot 8 inch – Matte Black,Pots & Planters,Bengaluru Hub,1965,1955,632,4,3284,0.63,0,No,14,No,132720,10344,Yes
Jan-2025,FY25,PT004,Classic Terracotta 6in,Pots & Planters,Hyderabad Spoke,2383,1746,869,3,3257,0.35,0,No,8,No,60830,3419,Yes
Jan-2025,FY25,PT005,Self-Watering Pot 7in,Pots & Planters,Bengaluru Hub,2149,1709,1132,0,2726,0.0,0,No,6,No,271680,9813,Yes
Jan-2025,FY25,PT006,Hanging Basket Planter,Pots & Planters,Bengaluru Hub,2232,739,1548,1,1422,0.06,0,No,12,No,255420,3519,Yes
Jan-2025,FY25,PT007,Vertical Wall Planter (5 pocket),Pots & Planters,Mumbai Hub,1825,852,1002,2,1673,0.2,0,No,3,No,390780,9787,Yes
Jan-2025,FY25,PT008,Nursery Grow Bags (5 pack),Pots & Planters,Mumbai Hub,1580,490,983,4,1083,0.41,0,No,5,No,78640,1299,Yes
Jan-2025,FY25,FR001,Ugaoo NPK 19-19-19 (500g),Fertilisers,Mumbai Hub,1413,1293,1344,1,1361,0.07,0,No,4,No,127680,1939,Yes
Jan-2025,FY25,FR002,Organic Vermicompost (2kg),Fertilisers,Bengaluru Hub,1030,1248,1583,2,693,0.13,0,No,10,No,174130,1143,Yes
Jan-2025,FY25,FR003,Seaweed Liquid Fertiliser,Fertilisers,Talegaon Main (Pune),2281,619,1143,3,1754,0.26,0,No,5,No,91440,2104,Yes
Jan-2025,FY25,FR004,Bone Meal Fertiliser (500g),Fertilisers,Mumbai Hub,2337,1066,1530,3,1870,0.2,0,No,7,No,153000,2805,Yes
Jan-2025,FY25,FR005,Plant Tonic – Rooting Hormone,Fertilisers,Mumbai Hub,2269,629,1033,5,1860,0.48,0,No,13,No,72310,1953,Yes
Jan-2025,FY25,TL001,Garden Pruner – Stainless,Tools,Talegaon Main (Pune),1424,1113,582,3,1952,0.52,0,No,7,No,84390,4245,Yes
Jan-2025,FY25,TL002,Watering Can 2L,Tools,Bengaluru Hub,1565,666,1234,5,992,0.41,0,No,13,No,117230,1413,Yes
Jan-2025,FY25,TL003,Premium Potting Mix 5kg,Tools,Delhi Hub,1148,786,640,2,1292,0.31,0,No,12,No,83200,2519,Yes
Jan-2025,FY25,TL004,Pebbles Decorative 500g,Tools,Talegaon Main (Pune),1418,635,714,3,1336,0.42,0,No,11,No,39270,1102,Yes
Jan-2025,FY25,TL005,Moisture Meter,Tools,Bengaluru Hub,727,1050,1057,5,715,0.47,0,No,3,No,211400,2145,Yes
Jan-2025,FY25,GF001,Green Starter Kit,Gifting,Hyderabad Spoke,2194,622,1474,0,1342,0.0,0,No,4,No,545380,7448,Yes
Jan-2025,FY25,GF002,Plant Parent Gift Box,Gifting,Hyderabad Spoke,1383,1995,1114,1,2263,0.09,0,No,9,No,735240,22403,Yes
Jan-2025,FY25,GF003,Festive Diwali Plant Hamper,Gifting,Talegaon Main (Pune),1227,916,1191,1,951,0.08,0,No,14,No,1310100,15691,Yes
Jan-2025,FY25,GF004,Corporate Desk Plant Set,Gifting,Mumbai Hub,1124,1229,335,4,2014,1.19,0,No,4,No,180900,16313,Yes
Jan-2025,FY25,GF005,Anniversary Succulent Box,Gifting,Talegaon Main (Pune),1063,1438,456,1,2044,0.22,0,No,9,No,196080,13183,Yes
Feb-2025,FY25,PL001,Monstera Deliciosa,Live Plants,Mumbai Hub,515,1822,360,26,1951,7.22,0,No,8,No,50400,4097,Yes
Feb-2025,FY25,PL002,Peace Lily,Live Plants,Bengaluru Hub,1838,558,515,27,1854,5.24,0,No,6,No,46350,2502,Yes
Feb-2025,FY25,PL003,Snake Plant (Sansevieria),Live Plants,Talegaon Main (Pune),1269,1961,1076,55,2099,5.11,0,No,13,No,107600,3148,Yes
Feb-2025,FY25,PL004,Fiddle Leaf Fig,Live Plants,Talegaon Main (Pune),219,938,955,43,159,4.5,0,No,5,No,286500,715,Yes
Feb-2025,FY25,PL005,Golden Pothos,Live Plants,Bengaluru Hub,2002,1901,361,28,3514,7.76,0,No,8,No,21660,3162,Yes
Feb-2025,FY25,PL006,ZZ Plant,Live Plants,Delhi Hub,1442,747,1116,104,969,9.32,0,No,13,No,178560,2325,Yes
Feb-2025,FY25,PL007,Spider Plant,Live Plants,Bengaluru Hub,1916,1075,1225,95,1671,7.76,0,No,4,No,91875,1879,Yes
Feb-2025,FY25,PL008,Money Plant (Epipremnum),Live Plants,Bengaluru Hub,1627,1508,459,28,2648,6.1,0,No,10,No,22950,1986,Yes
Feb-2025,FY25,PL009,Rubber Plant,Live Plants,Hyderabad Spoke,2139,1146,1245,42,1998,3.37,0,No,9,No,224100,5394,Yes
Feb-2025,FY25,PL010,Aglaonema Red,Live Plants,Bengaluru Hub,684,945,313,16,1300,5.11,0,No,13,No,65730,4095,Yes
Feb-2025,FY25,PL011,Rose – Red (Grafted),Live Plants,Hyderabad Spoke,1795,788,750,37,1796,4.93,0,No,7,No,97500,3502,Yes
Feb-2025,FY25,PL012,Hibiscus – Pink,Live Plants,Hyderabad Spoke,1554,1366,1055,59,1806,5.59,0,No,4,No,116050,2979,Yes
Feb-2025,FY25,PL013,Bougainvillea,Live Plants,Bengaluru Hub,1209,1079,567,50,1671,8.82,0,No,8,No,65205,2882,Yes
Feb-2025,FY25,PL014,Ixora,Live Plants,Mumbai Hub,1998,580,908,74,1596,8.15,0,No,11,No,77180,2034,Yes
Feb-2025,FY25,PL015,Marigold Seedling,Live Plants,Bengaluru Hub,2436,1996,1107,47,3278,4.25,0,No,6,No,44280,1966,Yes
Feb-2025,FY25,PL016,Aloe Vera,Live Plants,Talegaon Main (Pune),522,661,768,63,352,8.2,0,No,8,No,61440,422,Yes
Feb-2025,FY25,PL017,Cactus Mix (3 pack),Live Plants,Mumbai Hub,924,1718,1178,111,1353,9.42,0,No,3,No,76570,1319,Yes
Feb-2025,FY25,PL018,Echeveria Set of 3,Live Plants,Hyderabad Spoke,1073,958,775,31,1225,4.0,0,No,13,No,73625,1745,Yes
Feb-2025,FY25,PL019,Areca Palm,Live Plants,Mumbai Hub,1127,1750,1214,53,1610,4.37,0,No,10,No,303500,6037,Yes
Feb-2025,FY25,PL020,Bamboo Palm,Live Plants,Delhi Hub,536,1378,864,64,986,7.41,0,No,3,No,233280,3993,Yes
Feb-2025,FY25,SD001,Cherry Tomato Seeds,Seeds,Mumbai Hub,744,591,327,4,1004,1.22,0,No,4,No,5886,271,Yes
Feb-2025,FY25,SD002,Spinach Seeds (50g),Seeds,Delhi Hub,360,475,825,2,8,0.24,4,Yes,13,Yes,11550,1,Yes
Feb-2025,FY25,SD003,Coriander Seeds (50g),Seeds,Hyderabad Spoke,1560,1614,591,5,2578,0.85,0,No,12,No,7092,464,Yes
Feb-2025,FY25,SD004,Chilli Hybrid Seeds,Seeds,Bengaluru Hub,347,1292,669,4,966,0.6,0,No,6,No,14718,318,Yes
Feb-2025,FY25,SD005,Marigold Seeds,Seeds,Mumbai Hub,1486,1562,373,0,2675,0.0,0,No,11,No,5968,642,Yes
Feb-2025,FY25,SD006,Sunflower Seeds,Seeds,Bengaluru Hub,862,1450,1199,3,1110,0.25,0,No,5,No,23980,333,Yes
Feb-2025,FY25,SD007,Petunia Seeds,Seeds,Delhi Hub,467,1582,1020,0,1029,0.0,0,No,5,No,28560,432,Yes
Feb-2025,FY25,SD008,Methi Seeds (100g),Seeds,Talegaon Main (Pune),881,1477,1059,1,1298,0.09,0,No,11,No,10590,194,Yes
Feb-2025,FY25,SD009,Basil Seeds,Seeds,Hyderabad Spoke,1590,1565,1146,3,2006,0.26,0,No,4,No,17190,451,Yes
Feb-2025,FY25,PT001,Ceramic Pot 5 inch – White,Pots & Planters,Delhi Hub,1401,461,1059,2,801,0.19,0,No,10,No,111195,1261,Yes
Feb-2025,FY25,PT002,Ceramic Pot 6 inch – Terracotta look,Pots & Planters,Talegaon Main (Pune),1687,1704,1252,5,2134,0.4,0,No,5,No,169020,4321,Yes
Feb-2025,FY25,PT003,Ceramic Pot 8 inch – Matte Black,Pots & Planters,Hyderabad Spoke,2068,1793,812,2,3047,0.25,0,No,4,No,170520,9598,Yes
Feb-2025,FY25,PT004,Classic Terracotta 6in,Pots & Planters,Delhi Hub,2320,1232,1162,0,2390,0.0,0,No,4,No,81340,2509,Yes
Feb-2025,FY25,PT005,Self-Watering Pot 7in,Pots & Planters,Delhi Hub,1647,1164,1244,3,1564,0.24,0,No,14,No,298560,5630,Yes
Feb-2025,FY25,PT006,Hanging Basket Planter,Pots & Planters,Bengaluru Hub,895,1017,515,3,1394,0.58,0,No,10,No,84975,3450,Yes
Feb-2025,FY25,PT007,Vertical Wall Planter (5 pocket),Pots & Planters,Bengaluru Hub,394,1886,1483,2,795,0.13,0,No,13,No,578370,4650,Yes
Feb-2025,FY25,PT008,Nursery Grow Bags (5 pack),Pots & Planters,Talegaon Main (Pune),2097,1141,1064,2,2172,0.19,0,No,10,No,85120,2606,Yes
Feb-2025,FY25,FR001,Ugaoo NPK 19-19-19 (500g),Fertilisers,Bengaluru Hub,1853,1361,991,0,2223,0.0,0,No,11,No,94145,3167,Yes
Feb-2025,FY25,FR002,Organic Vermicompost (2kg),Fertilisers,Delhi Hub,1077,414,939,2,550,0.21,0,No,12,No,103290,907,Yes
Feb-2025,FY25,FR003,Seaweed Liquid Fertiliser,Fertilisers,Bengaluru Hub,2108,1966,1141,1,2932,0.09,0,No,13,No,91280,3518,Yes
Feb-2025,FY25,FR004,Bone Meal Fertiliser (500g),Fertilisers,Bengaluru Hub,2435,770,1215,1,1989,0.08,0,No,12,No,121500,2983,Yes
Feb-2025,FY25,FR005,Plant Tonic – Rooting Hormone,Fertilisers,Mumbai Hub,617,1396,1524,2,487,0.13,0,No,7,No,106680,511,Yes
Feb-2025,FY25,TL001,Garden Pruner – Stainless,Tools,Talegaon Main (Pune),265,461,539,4,183,0.74,0,No,14,No,78155,398,Yes
Feb-2025,FY25,TL002,Watering Can 2L,Tools,Delhi Hub,2380,484,1520,0,1344,0.0,0,No,11,No,144400,1915,Yes
Feb-2025,FY25,TL003,Premium Potting Mix 5kg,Tools,Talegaon Main (Pune),1487,571,1187,1,870,0.08,0,No,14,No,154310,1696,Yes
Feb-2025,FY25,TL004,Pebbles Decorative 500g,Tools,Hyderabad Spoke,1269,1712,720,1,2260,0.14,0,No,14,No,39600,1864,Yes
Feb-2025,FY25,TL005,Moisture Meter,Tools,Delhi Hub,661,867,1518,0,10,0.0,2,Yes,6,Yes,303600,30,Yes
Feb-2025,FY25,GF001,Green Starter Kit,Gifting,Delhi Hub,2338,1670,1079,2,2927,0.19,0,No,8,No,399230,16244,Yes
Feb-2025,FY25,GF002,Plant Parent Gift Box,Gifting,Talegaon Main (Pune),1998,1337,1271,0,2064,0.0,0,No,7,No,838860,20433,Yes
Feb-2025,FY25,GF003,Festive Diwali Plant Hamper,Gifting,Hyderabad Spoke,1177,1604,1367,2,1412,0.15,0,No,14,No,1503700,23298,Yes
Feb-2025,FY25,GF004,Corporate Desk Plant Set,Gifting,Delhi Hub,1537,1298,445,1,2389,0.22,0,No,12,No,240300,19350,Yes
Feb-2025,FY25,GF005,Anniversary Succulent Box,Gifting,Hyderabad Spoke,2418,1604,584,1,3437,0.17,0,No,3,No,251120,22168,Yes
Mar-2025,FY25,PL001,Monstera Deliciosa,Live Plants,Delhi Hub,793,805,746,30,822,4.02,0,No,8,No,104440,1726,No
Mar-2025,FY25,PL002,Peace Lily,Live Plants,Talegaon Main (Pune),687,741,659,27,742,4.1,0,No,10,No,59310,1001,No
Mar-2025,FY25,PL003,Snake Plant (Sansevieria),Live Plants,Talegaon Main (Pune),813,1174,302,12,1673,3.97,0,No,5,No,30200,2509,No
Mar-2025,FY25,PL004,Fiddle Leaf Fig,Live Plants,Hyderabad Spoke,405,239,253,17,374,6.72,0,No,14,No,75900,1683,No
Mar-2025,FY25,PL005,Golden Pothos,Live Plants,Hyderabad Spoke,530,896,612,31,783,5.07,0,No,4,No,36720,704,No
Mar-2025,FY25,PL006,ZZ Plant,Live Plants,Hyderabad Spoke,213,831,192,9,843,4.69,0,No,13,No,30720,2023,No
Mar-2025,FY25,PL007,Spider Plant,Live Plants,Mumbai Hub,1727,397,387,14,1723,3.62,0,No,8,No,29025,1938,No
Mar-2025,FY25,PL008,Money Plant (Epipremnum),Live Plants,Talegaon Main (Pune),2436,891,790,77,2460,9.75,0,No,12,No,39500,1845,No
Mar-2025,FY25,PL009,Rubber Plant,Live Plants,Delhi Hub,2437,1036,83,3,3387,3.61,0,No,10,No,14940,9144,No
Mar-2025,FY25,PL010,Aglaonema Red,Live Plants,Mumbai Hub,1330,881,183,13,2015,7.1,0,No,8,No,38430,6347,No
Mar-2025,FY25,PL011,Rose – Red (Grafted),Live Plants,Delhi Hub,1505,538,776,55,1212,7.09,0,No,9,No,100880,2363,No
Mar-2025,FY25,PL012,Hibiscus – Pink,Live Plants,Mumbai Hub,1270,1102,402,37,1933,9.2,0,No,11,No,44220,3189,No
Mar-2025,FY25,PL013,Bougainvillea,Live Plants,Hyderabad Spoke,908,807,228,17,1470,7.46,0,No,6,No,26220,2535,No
Mar-2025,FY25,PL014,Ixora,Live Plants,Mumbai Hub,2494,382,884,77,1915,8.71,0,No,11,No,75140,2441,No
Mar-2025,FY25,PL015,Marigold Seedling,Live Plants,Hyderabad Spoke,1714,228,293,18,1631,6.14,0,No,14,No,11720,978,No
Mar-2025,FY25,PL016,Aloe Vera,Live Plants,Talegaon Main (Pune),944,830,193,6,1575,3.11,0,No,12,No,15440,1890,No
Mar-2025,FY25,PL017,Cactus Mix (3 pack),Live Plants,Talegaon Main (Pune),675,822,478,44,975,9.21,0,No,14,No,31070,950,No
Mar-2025,FY25,PL018,Echeveria Set of 3,Live Plants,Delhi Hub,946,921,642,32,1193,4.98,0,No,5,No,60990,1700,No
Mar-2025,FY25,PL019,Areca Palm,Live Plants,Mumbai Hub,833,1133,357,13,1596,3.64,0,No,11,No,89250,5985,No
Mar-2025,FY25,PL020,Bamboo Palm,Live Plants,Hyderabad Spoke,695,670,306,20,1039,6.54,0,No,3,No,82620,4207,No
Mar-2025,FY25,SD001,Cherry Tomato Seeds,Seeds,Delhi Hub,1520,978,191,3,2304,1.57,0,No,3,No,3438,622,No
Mar-2025,FY25,SD002,Spinach Seeds (50g),Seeds,Talegaon Main (Pune),352,673,210,1,814,0.48,0,No,13,No,2940,170,No
Mar-2025,FY25,SD003,Coriander Seeds (50g),Seeds,Bengaluru Hub,788,343,687,4,440,0.58,0,No,10,No,8244,79,No
Mar-2025,FY25,SD004,Chilli Hybrid Seeds,Seeds,Mumbai Hub,550,564,587,4,523,0.68,0,No,12,No,12914,172,No
Mar-2025,FY25,SD005,Marigold Seeds,Seeds,Mumbai Hub,2068,911,400,4,2575,1.0,0,No,9,No,6400,618,No
Mar-2025,FY25,SD006,Sunflower Seeds,Seeds,Hyderabad Spoke,224,1168,437,5,950,1.14,0,No,7,No,8740,285,No
Mar-2025,FY25,SD007,Petunia Seeds,Seeds,Delhi Hub,1050,518,707,1,860,0.14,0,No,13,No,19796,361,No
Mar-2025,FY25,SD008,Methi Seeds (100g),Seeds,Talegaon Main (Pune),2328,502,406,4,2420,0.99,0,No,5,No,4060,363,No
Mar-2025,FY25,SD009,Basil Seeds,Seeds,Mumbai Hub,1306,1183,866,5,1618,0.58,0,No,10,No,12990,364,No
Mar-2025,FY25,PT001,Ceramic Pot 5 inch – White,Pots & Planters,Mumbai Hub,1409,278,843,5,839,0.59,0,No,5,No,88515,1321,No
Mar-2025,FY25,PT002,Ceramic Pot 6 inch – Terracotta look,Pots & Planters,Mumbai Hub,300,1174,346,2,1126,0.58,0,No,4,No,46710,2280,No
Mar-2025,FY25,PT003,Ceramic Pot 8 inch – Matte Black,Pots & Planters,Hyderabad Spoke,1903,788,721,2,1968,0.28,0,No,6,No,151410,6199,No
Mar-2025,FY25,PT004,Classic Terracotta 6in,Pots & Planters,Delhi Hub,1135,383,709,4,805,0.56,0,No,5,No,49630,845,No
Mar-2025,FY25,PT005,Self-Watering Pot 7in,Pots & Planters,Hyderabad Spoke,2136,1171,350,5,2952,1.43,0,No,3,No,84000,10627,No
Mar-2025,FY25,PT006,Hanging Basket Planter,Pots & Planters,Mumbai Hub,2191,367,485,0,2073,0.0,0,No,5,No,80025,5130,No
Mar-2025,FY25,PT007,Vertical Wall Planter (5 pocket),Pots & Planters,Hyderabad Spoke,1142,648,498,0,1292,0.0,0,No,7,No,194220,7558,No
Mar-2025,FY25,PT008,Nursery Grow Bags (5 pack),Pots & Planters,Bengaluru Hub,2125,842,396,3,2568,0.76,0,No,14,No,31680,3081,No
Mar-2025,FY25,FR001,Ugaoo NPK 19-19-19 (500g),Fertilisers,Bengaluru Hub,1736,397,369,4,1760,1.08,0,No,5,No,35055,2508,No
Mar-2025,FY25,FR002,Organic Vermicompost (2kg),Fertilisers,Delhi Hub,1251,788,107,2,1930,1.87,0,No,11,No,11770,3184,No
Mar-2025,FY25,FR003,Seaweed Liquid Fertiliser,Fertilisers,Hyderabad Spoke,1692,770,749,2,1711,0.27,0,No,9,No,59920,2053,No
Mar-2025,FY25,FR004,Bone Meal Fertiliser (500g),Fertilisers,Hyderabad Spoke,2362,1004,194,3,3169,1.55,0,No,5,No,19400,4753,No
Mar-2025,FY25,FR005,Plant Tonic – Rooting Hormone,Fertilisers,Hyderabad Spoke,1111,740,178,3,1670,1.69,0,No,3,No,12460,1753,No
Mar-2025,FY25,TL001,Garden Pruner – Stainless,Tools,Talegaon Main (Pune),491,842,138,5,1190,3.62,0,No,11,No,20010,2588,No
Mar-2025,FY25,TL002,Watering Can 2L,Tools,Delhi Hub,1254,516,468,3,1299,0.64,0,No,5,No,44460,1851,No
Mar-2025,FY25,TL003,Premium Potting Mix 5kg,Tools,Hyderabad Spoke,1751,874,658,3,1964,0.46,0,No,9,No,85540,3829,No
Mar-2025,FY25,TL004,Pebbles Decorative 500g,Tools,Bengaluru Hub,1743,618,751,0,1610,0.0,0,No,10,No,41305,1328,No
Mar-2025,FY25,TL005,Moisture Meter,Tools,Talegaon Main (Pune),1492,1043,111,3,2421,2.7,0,No,6,No,22200,7263,No
Mar-2025,FY25,GF001,Green Starter Kit,Gifting,Talegaon Main (Pune),2387,424,716,2,2093,0.28,0,No,6,No,264920,11616,No
Mar-2025,FY25,GF002,Plant Parent Gift Box,Gifting,Talegaon Main (Pune),305,870,471,0,704,0.0,0,No,13,No,310860,6969,No
Mar-2025,FY25,GF003,Festive Diwali Plant Hamper,Gifting,Hyderabad Spoke,1699,760,453,4,2002,0.88,0,No,9,No,498300,33033,No
Mar-2025,FY25,GF004,Corporate Desk Plant Set,Gifting,Mumbai Hub,2031,493,198,1,2325,0.51,0,No,14,No,106920,18832,No
Mar-2025,FY25,GF005,Anniversary Succulent Box,Gifting,Mumbai Hub,389,1064,853,0,600,0.0,0,No,13,No,366790,3870,No
