month,fy,city,state,channel,total_orders,revenue_inr,avg_order_value_inr,units_sold,new_customers,returning_customers,returns,return_rate_pct,cancellations,discount_orders_pct,avg_discount_pct,city_tier
Apr-2022,FY23,Bengaluru,Karnataka,Amazon,2496,3674535,1474,2929,521,1099,244,9.8,97,19.4,6.8,Metro
Apr-2022,FY23,Bengaluru,Karnataka,Flipkart,2196,3386958,1541,3724,489,1056,267,12.2,53,26.6,7.3,Metro
Apr-2022,FY23,Bengaluru,Karnataka,Ugaoo Website,1541,2303562,1492,2037,381,526,78,5.1,84,42.1,17.1,Metro
Apr-2022,FY23,Bengaluru,Karnataka,Blinkit,920,879733,958,1327,220,422,62,6.8,54,37.3,11.3,Metro
Apr-2022,FY23,Bengaluru,Karnataka,Zepto,735,986684,1347,1297,145,369,82,11.2,27,23.5,8.9,Metro
Apr-2022,FY23,Bengaluru,Karnataka,Retail Store,1664,2504127,1506,2463,595,863,106,6.4,40,21.7,13.9,Metro
Apr-2022,FY23,Bengaluru,Karnataka,Corporate Gifting,1259,1407138,1116,2042,253,579,135,10.8,41,28.5,17.4,Metro
Apr-2022,FY23,Bengaluru,Karnataka,Meesho,280,388367,1398,345,96,127,27,9.9,7,31.1,6.0,Metro
Apr-2022,FY23,Mumbai,Maharashtra,Amazon,2530,2517815,997,4185,1009,872,308,12.2,142,34.4,13.6,Metro
Apr-2022,FY23,Mumbai,Maharashtra,Flipkart,1364,1636673,1199,1863,572,520,126,9.3,65,18.5,10.1,Metro
Apr-2022,FY23,Mumbai,Maharashtra,Ugaoo Website,1456,2193573,1504,2183,470,592,101,7.0,36,26.3,14.1,Metro
Apr-2022,FY23,Mumbai,Maharashtra,Blinkit,754,1031126,1369,1153,189,231,95,12.6,28,37.4,16.4,Metro
Apr-2022,FY23,Mumbai,Maharashtra,Zepto,794,809114,1024,1314,278,337,57,7.2,21,21.8,6.1,Metro
Apr-2022,FY23,Mumbai,Maharashtra,Retail Store,1240,1458378,1178,1704,334,416,109,8.8,45,30.9,7.8,Metro
Apr-2022,FY23,Mumbai,Maharashtra,Corporate Gifting,908,1252491,1376,1211,277,313,106,11.7,41,23.0,5.9,Metro
Apr-2022,FY23,Mumbai,Maharashtra,Meesho,257,342579,1329,288,96,114,27,10.6,13,20.7,10.7,Metro
Apr-2022,FY23,Delhi,Delhi,Amazon,1497,1799785,1201,1989,540,517,79,5.3,33,36.3,8.7,Metro
Apr-2022,FY23,Delhi,Delhi,Flipkart,785,1239442,1575,1195,229,295,73,9.4,26,37.7,13.4,Metro
Apr-2022,FY23,Delhi,Delhi,Ugaoo Website,696,927255,1329,1221,220,274,64,9.3,28,32.9,14.1,Metro
Apr-2022,FY23,Delhi,Delhi,Blinkit,465,586919,1264,547,132,175,47,10.2,11,38.3,16.6,Metro
Apr-2022,FY23,Delhi,Delhi,Zepto,415,544570,1320,709,104,145,31,7.6,16,26.6,19.9,Metro
Apr-2022,FY23,Delhi,Delhi,Retail Store,1047,1036605,991,1717,272,381,88,8.5,43,22.8,14.6,Metro
Apr-2022,FY23,Delhi,Delhi,Corporate Gifting,686,856810,1253,827,224,232,85,12.4,22,24.3,18.9,Metro
Apr-2022,FY23,Delhi,Delhi,Meesho,159,193344,1218,195,48,63,8,5.1,8,41.3,8.3,Metro
Apr-2022,FY23,Pune,Maharashtra,Amazon,857,908641,1061,1198,288,266,82,9.6,41,31.0,6.6,Metro
Apr-2022,FY23,Pune,Maharashtra,Flipkart,1036,1315166,1272,1342,256,368,109,10.6,34,40.2,14.7,Metro
Apr-2022,FY23,Pune,Maharashtra,Ugaoo Website,621,741956,1188,1042,236,312,33,5.4,19,24.0,13.2,Metro
Apr-2022,FY23,Pune,Maharashtra,Blinkit,394,576576,1476,472,143,146,38,9.8,22,39.8,15.7,Metro
Apr-2022,FY23,Pune,Maharashtra,Zepto,315,453254,1453,543,127,146,21,6.9,7,19.9,15.1,Metro
Apr-2022,FY23,Pune,Maharashtra,Retail Store,885,1365392,1542,975,251,407,92,10.4,36,29.8,14.9,Metro
Apr-2022,FY23,Pune,Maharashtra,Corporate Gifting,400,617727,1537,494,100,125,43,10.8,22,32.6,8.3,Metro
Apr-2022,FY23,Pune,Maharashtra,Meesho,199,214958,1067,273,82,85,18,9.1,4,44.6,12.6,Metro
Apr-2022,FY23,Hyderabad,Telangana,Amazon,757,1176694,1553,1154,171,333,97,12.9,37,27.3,7.8,Metro
Apr-2022,FY23,Hyderabad,Telangana,Flipkart,664,583424,877,1051,163,216,47,7.1,30,39.1,6.5,Metro
Apr-2022,FY23,Hyderabad,Telangana,Ugaoo Website,587,890346,1511,879,187,201,76,13.0,19,43.8,8.1,Metro
Apr-2022,FY23,Hyderabad,Telangana,Blinkit,294,324527,1112,357,119,120,16,5.6,16,27.0,18.0,Metro
Apr-2022,FY23,Hyderabad,Telangana,Zepto,162,201018,1226,269,40,77,15,9.5,9,38.0,17.0,Metro
Apr-2022,FY23,Hyderabad,Telangana,Retail Store,744,836335,1121,1285,262,373,63,8.6,19,29.4,17.0,Metro
Apr-2022,FY23,Hyderabad,Telangana,Corporate Gifting,315,428254,1372,404,69,154,31,10.0,16,34.5,16.3,Metro
Apr-2022,FY23,Hyderabad,Telangana,Meesho,150,130306,896,250,51,78,11,7.8,3,38.3,17.4,Metro
Apr-2022,FY23,Chennai,Tamil Nadu,Amazon,437,473843,1079,577,88,177,55,12.8,17,40.4,16.9,Non-Metro
Apr-2022,FY23,Chennai,Tamil Nadu,Flipkart,381,607163,1593,422,122,191,46,12.3,20,26.6,14.5,Non-Metro
Apr-2022,FY23,Chennai,Tamil Nadu,Ugaoo Website,382,583048,1523,493,140,123,33,8.7,16,38.6,5.6,Non-Metro
Apr-2022,FY23,Chennai,Tamil Nadu,Blinkit,201,246713,1215,282,75,106,22,11.3,11,42.0,15.5,Non-Metro
Apr-2022,FY23,Chennai,Tamil Nadu,Zepto,171,248048,1439,192,44,64,20,11.8,5,44.3,19.0,Non-Metro
Apr-2022,FY23,Chennai,Tamil Nadu,Retail Store,470,743394,1581,795,173,177,33,7.1,18,21.9,13.2,Non-Metro
Apr-2022,FY23,Chennai,Tamil Nadu,Corporate Gifting,254,405269,1589,451,98,102,14,5.7,12,37.1,19.7,Non-Metro
Apr-2022,FY23,Chennai,Tamil Nadu,Meesho,76,96561,1311,108,25,37,4,6.3,4,24.9,5.2,Non-Metro
Apr-2022,FY23,Kolkata,West Bengal,Amazon,450,603604,1351,639,84,150,57,12.7,20,31.3,14.8,Non-Metro
Apr-2022,FY23,Kolkata,West Bengal,Flipkart,240,226298,960,307,94,129,30,12.9,10,34.5,6.2,Non-Metro
Apr-2022,FY23,Kolkata,West Bengal,Ugaoo Website,263,275121,1060,418,100,103,13,5.0,13,26.5,6.7,Non-Metro
Apr-2022,FY23,Kolkata,West Bengal,Blinkit,119,137762,1134,154,47,45,13,11.6,2,28.5,5.9,Non-Metro
Apr-2022,FY23,Kolkata,West Bengal,Zepto,122,179505,1485,206,28,66,13,10.8,3,24.3,15.8,Non-Metro
Apr-2022,FY23,Kolkata,West Bengal,Retail Store,209,271365,1277,327,53,85,23,11.2,4,44.3,15.5,Non-Metro
Apr-2022,FY23,Kolkata,West Bengal,Corporate Gifting,172,197258,1128,295,41,78,10,6.1,5,34.3,10.0,Non-Metro
Apr-2022,FY23,Kolkata,West Bengal,Meesho,49,46965,1016,79,16,23,4,8.7,2,31.2,12.3,Non-Metro
Apr-2022,FY23,Ahmedabad,Gujarat,Amazon,268,394724,1482,380,60,144,28,10.6,7,32.9,17.4,Non-Metro
Apr-2022,FY23,Ahmedabad,Gujarat,Flipkart,153,192856,1268,253,49,52,9,6.0,8,34.8,20.0,Non-Metro
Apr-2022,FY23,Ahmedabad,Gujarat,Ugaoo Website,210,264954,1256,361,46,82,16,7.8,5,32.3,11.6,Non-Metro
Apr-2022,FY23,Ahmedabad,Gujarat,Blinkit,104,123468,1221,121,33,47,10,9.8,4,40.9,12.8,Non-Metro
Apr-2022,FY23,Ahmedabad,Gujarat,Zepto,85,104263,1241,144,35,41,9,11.3,1,44.0,7.1,Non-Metro
Apr-2022,FY23,Ahmedabad,Gujarat,Retail Store,213,284003,1310,260,68,109,12,5.9,7,28.7,14.3,Non-Metro
Apr-2022,FY23,Ahmedabad,Gujarat,Corporate Gifting,114,107348,983,197,38,44,8,7.5,4,24.7,7.7,Non-Metro
Apr-2022,FY23,Ahmedabad,Gujarat,Meesho,38,59793,1465,47,12,19,2,6.4,1,21.5,14.0,Non-Metro
Apr-2022,FY23,Jaipur,Rajasthan,Amazon,126,143436,1175,201,24,43,9,7.6,3,31.5,9.4,Non-Metro
Apr-2022,FY23,Jaipur,Rajasthan,Flipkart,200,268888,1364,263,52,86,21,10.6,7,25.6,8.9,Non-Metro
Apr-2022,FY23,Jaipur,Rajasthan,Ugaoo Website,172,143767,861,230,32,55,21,12.4,5,35.6,12.0,Non-Metro
Apr-2022,FY23,Jaipur,Rajasthan,Blinkit,90,97250,1077,133,33,41,10,12.1,3,20.6,12.4,Non-Metro
Apr-2022,FY23,Jaipur,Rajasthan,Zepto,56,76534,1408,90,16,23,2,5.1,2,40.8,11.0,Non-Metro
Apr-2022,FY23,Jaipur,Rajasthan,Retail Store,174,213242,1232,272,53,76,18,10.8,9,18.0,12.0,Non-Metro
Apr-2022,FY23,Jaipur,Rajasthan,Corporate Gifting,80,103978,1309,121,19,42,9,12.2,1,20.1,9.1,Non-Metro
Apr-2022,FY23,Jaipur,Rajasthan,Meesho,23,31921,1499,33,4,7,2,8.7,0,38.6,15.9,Non-Metro
Apr-2022,FY23,Gurgaon,Haryana,Amazon,179,205584,1130,207,41,83,14,7.9,4,42.6,19.7,Non-Metro
Apr-2022,FY23,Gurgaon,Haryana,Flipkart,129,132843,1060,223,46,49,7,5.9,6,33.7,12.4,Non-Metro
Apr-2022,FY23,Gurgaon,Haryana,Ugaoo Website,124,194058,1594,154,25,60,7,6.0,7,28.8,19.7,Non-Metro
Apr-2022,FY23,Gurgaon,Haryana,Blinkit,75,78767,1016,88,25,35,4,5.5,2,36.6,19.5,Non-Metro
Apr-2022,FY23,Gurgaon,Haryana,Zepto,93,137660,1450,126,28,30,7,8.4,2,43.0,17.5,Non-Metro
Apr-2022,FY23,Gurgaon,Haryana,Retail Store,137,220374,1600,175,46,72,15,11.6,5,23.5,6.8,Non-Metro
Apr-2022,FY23,Gurgaon,Haryana,Corporate Gifting,98,126777,1249,148,21,30,8,8.4,3,23.1,11.0,Non-Metro
Apr-2022,FY23,Gurgaon,Haryana,Meesho,28,36065,1172,34,7,13,2,9.0,1,44.3,6.4,Non-Metro
Apr-2022,FY23,Noida,Uttar Pradesh,Amazon,88,91267,995,131,16,46,4,5.5,5,32.0,19.4,Non-Metro
Apr-2022,FY23,Noida,Uttar Pradesh,Flipkart,76,67432,922,125,20,34,6,9.2,3,31.6,14.3,Non-Metro
Apr-2022,FY23,Noida,Uttar Pradesh,Ugaoo Website,73,106267,1411,87,22,40,6,8.6,2,38.5,6.4,Non-Metro
Apr-2022,FY23,Noida,Uttar Pradesh,Blinkit,20,15133,877,31,5,6,1,7.6,0,35.9,13.5,Non-Metro
Apr-2022,FY23,Noida,Uttar Pradesh,Zepto,28,31313,1266,46,7,8,3,11.5,0,38.6,6.3,Non-Metro
Apr-2022,FY23,Noida,Uttar Pradesh,Retail Store,56,68592,1248,87,19,21,6,11.2,1,19.6,7.5,Non-Metro
Apr-2022,FY23,Noida,Uttar Pradesh,Corporate Gifting,44,45632,1062,79,8,14,2,6.5,1,18.7,16.7,Non-Metro
Apr-2022,FY23,Noida,Uttar Pradesh,Meesho,15,23984,1430,19,5,7,1,10.4,0,24.1,11.9,Non-Metro
Apr-2022,FY23,Nashik,Maharashtra,Amazon,125,145466,1170,177,45,57,13,10.7,3,39.3,19.3,Non-Metro
Apr-2022,FY23,Nashik,Maharashtra,Flipkart,66,76491,1176,104,19,27,6,9.6,2,21.9,16.1,Non-Metro
Apr-2022,FY23,Nashik,Maharashtra,Ugaoo Website,59,95219,1537,72,16,20,3,6.2,3,34.2,18.2,Non-Metro
Apr-2022,FY23,Nashik,Maharashtra,Blinkit,31,30880,887,51,10,10,2,6.9,0,24.0,9.5,Non-Metro
Apr-2022,FY23,Nashik,Maharashtra,Zepto,20,30458,1509,26,7,6,2,10.3,1,43.1,11.6,Non-Metro
Apr-2022,FY23,Nashik,Maharashtra,Retail Store,80,111833,1438,134,23,25,8,10.3,2,20.7,19.3,Non-Metro
Apr-2022,FY23,Nashik,Maharashtra,Corporate Gifting,33,50848,1599,57,9,15,3,10.3,1,19.1,15.1,Non-Metro
Apr-2022,FY23,Nashik,Maharashtra,Meesho,8,8672,1516,14,3,2,0,7.5,0,38.8,6.6,Non-Metro
Apr-2022,FY23,Bhopal,Madhya Pradesh,Amazon,95,142995,1509,128,24,46,8,8.7,5,24.5,18.5,Non-Metro
Apr-2022,FY23,Bhopal,Madhya Pradesh,Flipkart,94,101424,1121,144,22,30,9,10.2,5,31.7,12.9,Non-Metro
Apr-2022,FY23,Bhopal,Madhya Pradesh,Ugaoo Website,50,66938,1334,74,14,23,6,12.1,1,33.4,5.1,Non-Metro
Apr-2022,FY23,Bhopal,Madhya Pradesh,Blinkit,40,42962,1012,48,9,15,3,9.3,1,20.8,18.9,Non-Metro
Apr-2022,FY23,Bhopal,Madhya Pradesh,Zepto,21,31366,1529,25,6,9,1,8.8,0,41.1,5.4,Non-Metro
Apr-2022,FY23,Bhopal,Madhya Pradesh,Retail Store,67,66612,950,86,21,26,5,8.1,1,36.3,15.1,Non-Metro
Apr-2022,FY23,Bhopal,Madhya Pradesh,Corporate Gifting,46,44779,951,56,16,15,5,10.9,1,22.7,8.6,Non-Metro
Apr-2022,FY23,Bhopal,Madhya Pradesh,Meesho,14,23145,1413,21,5,5,1,8.4,0,23.4,16.3,Non-Metro
Apr-2022,FY23,Indore,Madhya Pradesh,Amazon,128,194482,1485,190,47,53,7,6.1,4,23.3,18.7,Non-Metro
Apr-2022,FY23,Indore,Madhya Pradesh,Flipkart,70,82518,1209,112,18,33,7,10.0,2,36.7,7.5,Non-Metro
Apr-2022,FY23,Indore,Madhya Pradesh,Ugaoo Website,67,85005,1214,114,21,32,4,7.0,3,35.1,16.8,Non-Metro
Apr-2022,FY23,Indore,Madhya Pradesh,Blinkit,38,48191,1348,55,14,17,2,6.6,1,44.4,15.9,Non-Metro
Apr-2022,FY23,Indore,Madhya Pradesh,Zepto,23,22879,992,25,6,8,1,7.4,1,29.0,7.0,Non-Metro
Apr-2022,FY23,Indore,Madhya Pradesh,Retail Store,81,67358,855,91,23,38,5,6.4,4,30.7,9.8,Non-Metro
Apr-2022,FY23,Indore,Madhya Pradesh,Corporate Gifting,50,45126,873,80,19,18,2,5.3,1,32.4,9.0,Non-Metro
Apr-2022,FY23,Indore,Madhya Pradesh,Meesho,9,5276,1085,16,1,3,0,9.9,0,43.0,6.2,Non-Metro
May-2022,FY23,Bengaluru,Karnataka,Amazon,2003,3078258,1536,3557,369,964,210,10.5,88,23.3,16.8,Metro
May-2022,FY23,Bengaluru,Karnataka,Flipkart,1846,1745966,945,3172,745,995,142,7.7,71,44.0,19.8,Metro
May-2022,FY23,Bengaluru,Karnataka,Ugaoo Website,1176,1589730,1348,1434,387,490,121,10.3,27,18.9,11.2,Metro
May-2022,FY23,Bengaluru,Karnataka,Blinkit,627,971667,1542,830,211,203,69,11.1,25,38.8,5.6,Metro
May-2022,FY23,Bengaluru,Karnataka,Zepto,719,915400,1271,1017,225,250,45,6.3,16,23.4,15.0,Metro
May-2022,FY23,Bengaluru,Karnataka,Retail Store,1657,2555880,1541,2674,653,688,167,10.1,54,40.4,18.6,Metro
May-2022,FY23,Bengaluru,Karnataka,Corporate Gifting,778,1079263,1383,1157,141,261,60,7.8,39,21.2,19.7,Metro
May-2022,FY23,Bengaluru,Karnataka,Meesho,423,544436,1288,694,127,160,26,6.3,18,22.7,13.2,Metro
May-2022,FY23,Mumbai,Maharashtra,Amazon,1546,1758647,1136,2147,439,823,153,9.9,50,19.5,7.9,Metro
May-2022,FY23,Mumbai,Maharashtra,Flipkart,1359,1798152,1322,1918,392,507,137,10.1,34,33.0,5.1,Metro
May-2022,FY23,Mumbai,Maharashtra,Ugaoo Website,1180,1622988,1372,1510,396,365,71,6.1,68,27.1,5.2,Metro
May-2022,FY23,Mumbai,Maharashtra,Blinkit,487,469310,967,783,136,151,58,12.1,9,40.0,19.0,Metro
May-2022,FY23,Mumbai,Maharashtra,Zepto,716,1131442,1585,837,267,240,69,9.7,34,36.5,8.5,Metro
May-2022,FY23,Mumbai,Maharashtra,Retail Store,1564,1824918,1165,2443,310,608,104,6.7,84,40.0,17.5,Metro
May-2022,FY23,Mumbai,Maharashtra,Corporate Gifting,667,810361,1208,804,186,207,55,8.3,19,36.8,7.9,Metro
May-2022,FY23,Mumbai,Maharashtra,Meesho,249,317278,1271,389,92,111,19,8.0,13,23.8,18.3,Metro
May-2022,FY23,Delhi,Delhi,Amazon,1480,1736990,1176,2563,277,507,140,9.5,76,30.1,7.5,Metro
May-2022,FY23,Delhi,Delhi,Flipkart,1045,1332819,1272,1525,204,422,63,6.1,60,23.5,7.3,Metro
May-2022,FY23,Delhi,Delhi,Ugaoo Website,939,1269597,1352,1099,186,441,87,9.3,33,38.3,13.9,Metro
May-2022,FY23,Delhi,Delhi,Blinkit,466,495956,1071,782,100,228,47,10.3,17,28.8,19.4,Metro
May-2022,FY23,Delhi,Delhi,Zepto,433,689376,1598,580,159,152,24,5.6,20,20.1,11.5,Metro
May-2022,FY23,Delhi,Delhi,Retail Store,1063,1448875,1359,1509,215,579,77,7.3,32,41.0,9.0,Metro
May-2022,FY23,Delhi,Delhi,Corporate Gifting,386,498663,1298,556,80,171,26,6.8,8,29.4,18.8,Metro
May-2022,FY23,Delhi,Delhi,Meesho,158,153927,963,213,63,66,10,6.9,6,41.6,10.2,Metro
May-2022,FY23,Pune,Maharashtra,Amazon,811,918107,1134,963,153,370,95,11.8,23,32.3,16.2,Metro
May-2022,FY23,Pune,Maharashtra,Flipkart,815,949034,1161,1037,317,339,68,8.4,20,21.9,19.6,Metro
May-2022,FY23,Pune,Maharashtra,Ugaoo Website,748,1121987,1500,1333,217,389,50,6.7,32,44.9,14.1,Metro
May-2022,FY23,Pune,Maharashtra,Blinkit,331,457428,1382,438,93,145,32,9.9,19,20.8,12.2,Metro
May-2022,FY23,Pune,Maharashtra,Zepto,331,418093,1250,413,90,170,19,5.9,9,20.7,13.6,Metro
May-2022,FY23,Pune,Maharashtra,Retail Store,656,1032982,1577,1049,157,231,76,11.6,33,30.1,5.1,Metro
May-2022,FY23,Pune,Maharashtra,Corporate Gifting,416,613884,1485,730,114,214,41,9.9,15,42.7,18.0,Metro
May-2022,FY23,Pune,Maharashtra,Meesho,120,187900,1562,191,28,38,11,9.2,5,41.2,7.7,Metro
May-2022,FY23,Hyderabad,Telangana,Amazon,700,717472,1032,1094,168,340,84,12.0,40,26.9,11.0,Metro
May-2022,FY23,Hyderabad,Telangana,Flipkart,435,385960,877,744,124,159,22,5.1,15,27.8,17.3,Metro
May-2022,FY23,Hyderabad,Telangana,Ugaoo Website,483,558968,1152,596,177,248,27,5.6,24,31.3,14.7,Metro
May-2022,FY23,Hyderabad,Telangana,Blinkit,195,268685,1354,307,60,91,15,8.2,4,39.6,13.9,Metro
May-2022,FY23,Hyderabad,Telangana,Zepto,200,234227,1184,259,72,96,17,8.5,4,35.7,9.2,Metro
May-2022,FY23,Hyderabad,Telangana,Retail Store,413,458886,1105,618,117,157,23,5.7,24,44.2,12.5,Metro
May-2022,FY23,Hyderabad,Telangana,Corporate Gifting,322,337252,1041,400,79,146,28,8.7,12,27.1,11.5,Metro
May-2022,FY23,Hyderabad,Telangana,Meesho,95,129778,1323,127,23,44,8,9.2,2,35.0,17.1,Metro
May-2022,FY23,Chennai,Tamil Nadu,Amazon,420,466022,1110,500,144,197,33,7.9,18,42.9,5.3,Non-Metro
May-2022,FY23,Chennai,Tamil Nadu,Flipkart,598,920260,1541,789,159,303,71,12.0,35,32.0,9.6,Non-Metro
May-2022,FY23,Chennai,Tamil Nadu,Ugaoo Website,241,237997,995,349,67,74,30,12.5,10,28.4,17.1,Non-Metro
May-2022,FY23,Chennai,Tamil Nadu,Blinkit,206,211059,1024,321,44,107,16,8.0,6,35.6,12.3,Non-Metro
May-2022,FY23,Chennai,Tamil Nadu,Zepto,171,209305,1246,289,61,61,14,8.7,7,21.4,13.1,Non-Metro
May-2022,FY23,Chennai,Tamil Nadu,Retail Store,702,952648,1357,824,207,297,47,6.8,14,21.8,9.1,Non-Metro
May-2022,FY23,Chennai,Tamil Nadu,Corporate Gifting,304,393297,1307,404,98,97,17,5.8,12,30.7,15.3,Non-Metro
May-2022,FY23,Chennai,Tamil Nadu,Meesho,70,60894,892,90,14,33,8,12.6,3,18.4,15.7,Non-Metro
May-2022,FY23,Kolkata,West Bengal,Amazon,391,404889,1039,652,76,201,35,9.0,13,22.2,7.6,Non-Metro
May-2022,FY23,Kolkata,West Bengal,Flipkart,447,514070,1159,776,121,170,28,6.3,22,36.0,6.9,Non-Metro
May-2022,FY23,Kolkata,West Bengal,Ugaoo Website,199,228392,1170,277,40,103,15,7.8,11,29.8,16.7,Non-Metro
May-2022,FY23,Kolkata,West Bengal,Blinkit,110,125496,1138,186,41,43,11,10.5,4,18.2,9.8,Non-Metro
May-2022,FY23,Kolkata,West Bengal,Zepto,100,126990,1280,118,20,33,12,12.7,3,32.0,11.7,Non-Metro
May-2022,FY23,Kolkata,West Bengal,Retail Store,294,303885,1035,340,67,156,23,7.9,6,28.4,11.2,Non-Metro
May-2022,FY23,Kolkata,West Bengal,Corporate Gifting,205,308872,1529,331,68,96,19,9.7,7,34.5,17.6,Non-Metro
May-2022,FY23,Kolkata,West Bengal,Meesho,43,52506,1177,64,15,19,2,6.8,1,37.9,8.3,Non-Metro
May-2022,FY23,Ahmedabad,Gujarat,Amazon,275,360942,1298,351,82,129,29,10.9,6,25.7,14.3,Non-Metro
May-2022,FY23,Ahmedabad,Gujarat,Flipkart,225,333149,1485,279,75,103,26,11.9,10,19.9,9.4,Non-Metro
May-2022,FY23,Ahmedabad,Gujarat,Ugaoo Website,161,245975,1541,278,48,73,15,9.9,3,35.0,16.0,Non-Metro
May-2022,FY23,Ahmedabad,Gujarat,Blinkit,89,87905,999,119,31,29,9,10.9,3,37.5,19.3,Non-Metro
May-2022,FY23,Ahmedabad,Gujarat,Zepto,94,88844,904,130,31,44,7,7.9,3,27.3,5.8,Non-Metro
May-2022,FY23,Ahmedabad,Gujarat,Retail Store,217,276426,1263,340,57,86,19,8.8,8,23.1,18.5,Non-Metro
May-2022,FY23,Ahmedabad,Gujarat,Corporate Gifting,113,110599,1010,145,25,56,7,6.4,3,30.2,8.6,Non-Metro
May-2022,FY23,Ahmedabad,Gujarat,Meesho,35,59561,1598,56,9,13,2,8.2,1,20.3,5.4,Non-Metro
May-2022,FY23,Jaipur,Rajasthan,Amazon,228,291112,1270,278,52,86,14,6.3,5,20.4,13.8,Non-Metro
May-2022,FY23,Jaipur,Rajasthan,Flipkart,112,105608,975,127,35,43,9,8.9,3,44.0,12.8,Non-Metro
May-2022,FY23,Jaipur,Rajasthan,Ugaoo Website,79,104513,1308,137,28,26,6,8.6,2,29.1,6.5,Non-Metro
May-2022,FY23,Jaipur,Rajasthan,Blinkit,55,48280,859,71,15,17,3,6.3,1,31.4,10.3,Non-Metro
May-2022,FY23,Jaipur,Rajasthan,Zepto,60,77102,1309,66,21,23,3,5.1,3,34.3,10.8,Non-Metro
May-2022,FY23,Jaipur,Rajasthan,Retail Store,127,128528,1045,165,47,55,15,12.0,7,33.2,14.9,Non-Metro
May-2022,FY23,Jaipur,Rajasthan,Corporate Gifting,64,81397,1335,113,15,33,4,7.4,2,24.3,7.4,Non-Metro
May-2022,FY23,Jaipur,Rajasthan,Meesho,30,30146,876,45,10,12,2,8.1,1,27.4,17.6,Non-Metro
May-2022,FY23,Gurgaon,Haryana,Amazon,167,257523,1565,262,57,67,13,8.2,8,24.7,12.0,Non-Metro
May-2022,FY23,Gurgaon,Haryana,Flipkart,134,203876,1516,198,34,59,8,6.3,6,26.3,17.8,Non-Metro
May-2022,FY23,Gurgaon,Haryana,Ugaoo Website,95,148874,1550,139,36,51,9,9.9,1,42.6,17.2,Non-Metro
May-2022,FY23,Gurgaon,Haryana,Blinkit,60,77483,1289,101,23,27,6,10.9,3,21.4,14.1,Non-Metro
May-2022,FY23,Gurgaon,Haryana,Zepto,54,72933,1337,61,9,24,3,6.4,1,27.4,5.2,Non-Metro
May-2022,FY23,Gurgaon,Haryana,Retail Store,156,143100,895,258,54,80,19,12.4,8,18.2,16.3,Non-Metro
May-2022,FY23,Gurgaon,Haryana,Corporate Gifting,66,99496,1471,79,25,20,4,6.6,1,21.0,10.0,Non-Metro
May-2022,FY23,Gurgaon,Haryana,Meesho,27,43676,1450,30,8,13,1,5.4,1,34.5,12.1,Non-Metro
May-2022,FY23,Noida,Uttar Pradesh,Amazon,91,135392,1486,112,28,41,10,11.7,3,30.7,17.4,Non-Metro
May-2022,FY23,Noida,Uttar Pradesh,Flipkart,97,114762,1182,131,36,33,9,9.9,2,41.0,15.0,Non-Metro
May-2022,FY23,Noida,Uttar Pradesh,Ugaoo Website,49,46238,985,58,18,17,3,6.3,1,32.7,19.3,Non-Metro
May-2022,FY23,Noida,Uttar Pradesh,Blinkit,38,47745,1133,42,15,11,4,12.1,1,33.0,17.8,Non-Metro
May-2022,FY23,Noida,Uttar Pradesh,Zepto,18,24210,1339,20,7,6,1,9.9,0,40.7,9.1,Non-Metro
May-2022,FY23,Noida,Uttar Pradesh,Retail Store,58,57583,1015,90,12,18,7,12.5,2,27.1,17.5,Non-Metro
May-2022,FY23,Noida,Uttar Pradesh,Corporate Gifting,51,41109,868,89,11,26,6,13.0,1,31.6,18.1,Non-Metro
May-2022,FY23,Noida,Uttar Pradesh,Meesho,10,12329,1487,16,2,4,1,10.3,0,42.6,10.8,Non-Metro
May-2022,FY23,Nashik,Maharashtra,Amazon,88,111638,1276,146,30,29,6,7.8,4,24.6,12.9,Non-Metro
May-2022,FY23,Nashik,Maharashtra,Flipkart,74,92677,1246,116,25,32,6,8.4,3,21.0,5.9,Non-Metro
May-2022,FY23,Nashik,Maharashtra,Ugaoo Website,41,60991,1434,73,16,20,3,9.5,2,44.1,12.4,Non-Metro
May-2022,FY23,Nashik,Maharashtra,Blinkit,36,34262,886,48,14,18,3,10.2,1,29.4,10.6,Non-Metro
May-2022,FY23,Nashik,Maharashtra,Zepto,36,31441,916,51,13,18,3,10.0,2,37.2,19.2,Non-Metro
May-2022,FY23,Nashik,Maharashtra,Retail Store,71,97098,1402,99,23,38,3,5.2,4,23.7,11.2,Non-Metro
May-2022,FY23,Nashik,Maharashtra,Corporate Gifting,32,29717,970,51,8,16,3,9.5,1,22.4,15.7,Non-Metro
May-2022,FY23,Nashik,Maharashtra,Meesho,8,6188,917,12,2,4,0,11.9,0,30.0,12.5,Non-Metro
May-2022,FY23,Bhopal,Madhya Pradesh,Amazon,120,101545,863,187,32,53,11,9.8,4,35.7,16.4,Non-Metro
May-2022,FY23,Bhopal,Madhya Pradesh,Flipkart,58,87160,1534,66,16,17,3,5.2,1,42.2,15.5,Non-Metro
May-2022,FY23,Bhopal,Madhya Pradesh,Ugaoo Website,71,92416,1294,88,12,26,7,11.0,3,41.1,11.5,Non-Metro
May-2022,FY23,Bhopal,Madhya Pradesh,Blinkit,33,40100,1222,48,11,13,1,6.0,0,27.4,14.5,Non-Metro
May-2022,FY23,Bhopal,Madhya Pradesh,Zepto,25,35501,1388,33,9,13,2,11.1,1,24.3,8.0,Non-Metro
May-2022,FY23,Bhopal,Madhya Pradesh,Retail Store,59,85460,1443,83,14,24,5,9.6,1,38.4,15.0,Non-Metro
May-2022,FY23,Bhopal,Madhya Pradesh,Corporate Gifting,28,31226,944,46,5,9,2,7.8,0,40.9,9.0,Non-Metro
May-2022,FY23,Bhopal,Madhya Pradesh,Meesho,12,15740,956,15,2,5,0,5.9,0,41.2,5.5,Non-Metro
May-2022,FY23,Indore,Madhya Pradesh,Amazon,86,133334,1567,126,25,38,8,9.8,4,44.2,19.0,Non-Metro
May-2022,FY23,Indore,Madhya Pradesh,Flipkart,74,115165,1583,83,17,38,7,10.5,3,25.5,15.3,Non-Metro
May-2022,FY23,Indore,Madhya Pradesh,Ugaoo Website,48,70514,1455,55,10,22,2,5.2,2,42.9,18.0,Non-Metro
May-2022,FY23,Indore,Madhya Pradesh,Blinkit,35,45209,1393,50,8,11,4,12.7,1,41.7,17.4,Non-Metro
May-2022,FY23,Indore,Madhya Pradesh,Zepto,27,38038,1349,32,6,10,1,7.1,1,18.2,9.3,Non-Metro
May-2022,FY23,Indore,Madhya Pradesh,Retail Store,61,55697,874,81,20,30,5,8.6,2,34.8,10.0,Non-Metro
May-2022,FY23,Indore,Madhya Pradesh,Corporate Gifting,33,41743,1156,50,6,13,4,12.7,1,19.9,17.3,Non-Metro
May-2022,FY23,Indore,Madhya Pradesh,Meesho,7,5597,1504,10,1,2,0,11.9,0,21.8,11.5,Non-Metro
Jun-2022,FY23,Bengaluru,Karnataka,Amazon,2605,3556079,1365,3169,712,1337,237,9.1,68,23.3,10.4,Metro
Jun-2022,FY23,Bengaluru,Karnataka,Flipkart,1638,2444565,1495,2391,587,633,140,8.6,71,33.0,10.8,Metro
Jun-2022,FY23,Bengaluru,Karnataka,Ugaoo Website,1446,1448845,1003,1787,535,714,143,9.9,84,35.9,5.1,Metro
Jun-2022,FY23,Bengaluru,Karnataka,Blinkit,565,485369,851,953,157,229,67,11.9,25,31.9,14.8,Metro
Jun-2022,FY23,Bengaluru,Karnataka,Zepto,665,899321,1352,819,236,312,53,8.0,21,25.4,16.8,Metro
Jun-2022,FY23,Bengaluru,Karnataka,Retail Store,974,1033049,1061,1722,323,513,106,10.9,50,42.6,8.9,Metro
Jun-2022,FY23,Bengaluru,Karnataka,Corporate Gifting,861,821982,954,1132,327,401,97,11.3,31,24.9,5.4,Metro
Jun-2022,FY23,Bengaluru,Karnataka,Meesho,426,517310,1215,763,154,187,27,6.4,14,40.1,12.7,Metro
Jun-2022,FY23,Mumbai,Maharashtra,Amazon,1606,2208172,1373,2517,354,880,179,11.2,89,43.3,10.9,Metro
Jun-2022,FY23,Mumbai,Maharashtra,Flipkart,1333,1851492,1388,1527,263,598,121,9.1,42,34.0,7.7,Metro
Jun-2022,FY23,Mumbai,Maharashtra,Ugaoo Website,1136,1303473,1150,1691,226,391,86,7.6,66,32.5,9.7,Metro
Jun-2022,FY23,Mumbai,Maharashtra,Blinkit,642,778506,1216,759,191,352,65,10.2,30,33.9,18.4,Metro
Jun-2022,FY23,Mumbai,Maharashtra,Zepto,546,587263,1069,933,151,280,70,13.0,22,24.6,7.6,Metro
Jun-2022,FY23,Mumbai,Maharashtra,Retail Store,1856,2301038,1240,2365,544,923,161,8.7,97,41.4,19.5,Metro
Jun-2022,FY23,Mumbai,Maharashtra,Corporate Gifting,668,669014,997,1052,143,293,54,8.1,21,30.0,16.6,Metro
Jun-2022,FY23,Mumbai,Maharashtra,Meesho,223,264985,1197,395,43,110,12,5.4,10,24.7,18.7,Metro
Jun-2022,FY23,Delhi,Delhi,Amazon,1434,1297321,905,2187,580,570,134,9.4,78,19.5,9.9,Metro
Jun-2022,FY23,Delhi,Delhi,Flipkart,1053,1592202,1508,1860,206,510,86,8.2,51,42.1,9.1,Metro
Jun-2022,FY23,Delhi,Delhi,Ugaoo Website,648,655034,1016,908,157,331,81,12.6,35,41.8,7.4,Metro
Jun-2022,FY23,Delhi,Delhi,Blinkit,589,776029,1320,980,188,307,38,6.5,31,34.6,10.5,Metro
Jun-2022,FY23,Delhi,Delhi,Zepto,392,598679,1532,535,75,161,43,11.0,11,24.5,5.4,Metro
Jun-2022,FY23,Delhi,Delhi,Retail Store,1102,1453763,1317,1472,405,433,66,6.0,58,44.9,5.6,Metro
Jun-2022,FY23,Delhi,Delhi,Corporate Gifting,472,407829,866,534,141,194,26,5.6,27,21.4,11.9,Metro
Jun-2022,FY23,Delhi,Delhi,Meesho,233,281853,1226,264,91,128,24,10.7,9,42.9,13.6,Metro
Jun-2022,FY23,Pune,Maharashtra,Amazon,1141,1306793,1148,1840,341,497,114,10.0,36,28.9,17.9,Metro
Jun-2022,FY23,Pune,Maharashtra,Flipkart,772,1221560,1588,953,278,346,57,7.4,37,37.8,14.7,Metro
Jun-2022,FY23,Pune,Maharashtra,Ugaoo Website,675,625311,922,1032,273,227,78,11.6,25,43.3,8.0,Metro
Jun-2022,FY23,Pune,Maharashtra,Blinkit,463,618088,1341,554,107,240,41,9.0,10,33.4,16.9,Metro
Jun-2022,FY23,Pune,Maharashtra,Zepto,403,626784,1562,550,102,142,37,9.4,14,43.5,17.2,Metro
Jun-2022,FY23,Pune,Maharashtra,Retail Store,1093,1398899,1277,1414,227,431,77,7.1,64,20.3,6.2,Metro
Jun-2022,FY23,Pune,Maharashtra,Corporate Gifting,485,650037,1350,623,187,252,33,6.9,24,38.2,11.4,Metro
Jun-2022,FY23,Pune,Maharashtra,Meesho,134,178425,1306,153,56,66,9,7.0,6,41.4,8.7,Metro
Jun-2022,FY23,Hyderabad,Telangana,Amazon,683,954199,1399,974,148,218,53,7.8,30,19.1,11.4,Metro
Jun-2022,FY23,Hyderabad,Telangana,Flipkart,724,750425,1039,938,148,315,87,12.1,33,25.7,7.6,Metro
Jun-2022,FY23,Hyderabad,Telangana,Ugaoo Website,369,426118,1142,518,119,125,43,11.9,14,30.0,17.6,Metro
Jun-2022,FY23,Hyderabad,Telangana,Blinkit,220,224802,1028,391,55,113,25,11.5,6,20.5,8.9,Metro
Jun-2022,FY23,Hyderabad,Telangana,Zepto,220,197160,910,360,63,85,21,9.7,5,26.2,19.5,Metro
Jun-2022,FY23,Hyderabad,Telangana,Retail Store,498,464933,930,659,110,228,61,12.4,10,41.6,6.6,Metro
Jun-2022,FY23,Hyderabad,Telangana,Corporate Gifting,268,337277,1240,474,103,123,32,12.0,5,19.6,11.7,Metro
Jun-2022,FY23,Hyderabad,Telangana,Meesho,84,85048,1068,101,19,38,6,8.3,3,19.8,17.9,Metro
Jun-2022,FY23,Chennai,Tamil Nadu,Amazon,490,444906,898,624,124,165,51,10.6,12,25.0,12.7,Non-Metro
Jun-2022,FY23,Chennai,Tamil Nadu,Flipkart,414,439813,1061,548,87,181,47,11.4,10,30.4,8.8,Non-Metro
Jun-2022,FY23,Chennai,Tamil Nadu,Ugaoo Website,387,609400,1585,522,109,199,35,9.2,17,22.0,11.7,Non-Metro
Jun-2022,FY23,Chennai,Tamil Nadu,Blinkit,221,350959,1594,304,46,111,14,6.4,12,18.8,11.0,Non-Metro
Jun-2022,FY23,Chennai,Tamil Nadu,Zepto,190,190800,994,304,51,100,11,6.0,11,33.4,13.3,Non-Metro
Jun-2022,FY23,Chennai,Tamil Nadu,Retail Store,599,696542,1167,766,177,194,52,8.7,27,43.9,9.4,Non-Metro
Jun-2022,FY23,Chennai,Tamil Nadu,Corporate Gifting,220,242039,1093,273,77,80,11,5.1,13,28.6,14.6,Non-Metro
Jun-2022,FY23,Chennai,Tamil Nadu,Meesho,76,78097,995,129,16,30,6,8.6,1,35.3,12.9,Non-Metro
Jun-2022,FY23,Kolkata,West Bengal,Amazon,278,420527,1505,412,106,141,22,8.2,13,32.4,18.4,Non-Metro
Jun-2022,FY23,Kolkata,West Bengal,Flipkart,231,314043,1342,327,71,76,27,11.9,12,41.6,14.3,Non-Metro
Jun-2022,FY23,Kolkata,West Bengal,Ugaoo Website,289,292375,1007,447,114,122,19,6.7,16,38.8,15.9,Non-Metro
Jun-2022,FY23,Kolkata,West Bengal,Blinkit,119,118368,958,136,49,36,11,9.5,3,38.6,8.1,Non-Metro
Jun-2022,FY23,Kolkata,West Bengal,Zepto,74,76424,1043,87,24,25,3,5.3,1,26.0,18.2,Non-Metro
Jun-2022,FY23,Kolkata,West Bengal,Retail Store,396,410511,1044,648,143,155,34,8.8,16,35.0,5.9,Non-Metro
Jun-2022,FY23,Kolkata,West Bengal,Corporate Gifting,162,188991,1148,182,58,58,16,10.4,6,19.5,13.3,Non-Metro
Jun-2022,FY23,Kolkata,West Bengal,Meesho,45,41697,881,51,18,16,4,9.0,0,30.2,6.7,Non-Metro
Jun-2022,FY23,Ahmedabad,Gujarat,Amazon,304,345036,1131,495,57,119,29,9.6,17,36.0,15.7,Non-Metro
Jun-2022,FY23,Ahmedabad,Gujarat,Flipkart,179,165080,940,304,48,94,12,7.2,8,24.4,19.6,Non-Metro
Jun-2022,FY23,Ahmedabad,Gujarat,Ugaoo Website,160,138010,854,178,32,78,10,6.8,4,26.7,9.6,Non-Metro
Jun-2022,FY23,Ahmedabad,Gujarat,Blinkit,94,143032,1527,145,35,49,10,11.4,3,19.5,11.3,Non-Metro
Jun-2022,FY23,Ahmedabad,Gujarat,Zepto,63,67997,1050,90,23,24,7,11.4,1,40.0,16.5,Non-Metro
Jun-2022,FY23,Ahmedabad,Gujarat,Retail Store,224,209891,949,280,90,78,25,11.3,11,32.8,11.4,Non-Metro
Jun-2022,FY23,Ahmedabad,Gujarat,Corporate Gifting,116,102456,906,136,31,57,12,10.4,2,40.5,15.2,Non-Metro
Jun-2022,FY23,Ahmedabad,Gujarat,Meesho,34,36765,950,47,6,18,4,12.8,1,26.4,14.8,Non-Metro
Jun-2022,FY23,Jaipur,Rajasthan,Amazon,192,159200,854,225,56,60,18,9.7,4,38.4,17.9,Non-Metro
Jun-2022,FY23,Jaipur,Rajasthan,Flipkart,146,169126,1191,183,52,76,7,5.1,8,30.3,13.7,Non-Metro
Jun-2022,FY23,Jaipur,Rajasthan,Ugaoo Website,160,177851,1126,250,42,61,11,7.2,8,34.1,5.1,Non-Metro
Jun-2022,FY23,Jaipur,Rajasthan,Blinkit,77,107347,1432,122,19,36,7,10.1,3,36.1,9.0,Non-Metro
Jun-2022,FY23,Jaipur,Rajasthan,Zepto,85,74906,855,137,22,36,5,7.0,5,18.2,19.1,Non-Metro
Jun-2022,FY23,Jaipur,Rajasthan,Retail Store,135,219938,1595,204,52,49,10,7.5,7,25.6,18.2,Non-Metro
Jun-2022,FY23,Jaipur,Rajasthan,Corporate Gifting,73,113702,1536,110,30,32,7,9.8,3,38.5,18.6,Non-Metro
Jun-2022,FY23,Jaipur,Rajasthan,Meesho,30,39899,1220,35,7,9,3,11.7,1,26.6,8.5,Non-Metro
Jun-2022,FY23,Gurgaon,Haryana,Amazon,127,172039,1345,147,40,44,13,11.0,6,44.6,10.4,Non-Metro
Jun-2022,FY23,Gurgaon,Haryana,Flipkart,146,129252,898,225,30,68,16,11.4,6,26.0,18.1,Non-Metro
Jun-2022,FY23,Gurgaon,Haryana,Ugaoo Website,121,175858,1420,184,33,46,15,12.9,4,33.4,15.7,Non-Metro
Jun-2022,FY23,Gurgaon,Haryana,Blinkit,75,82490,1116,120,26,23,6,8.9,3,37.1,7.3,Non-Metro
Jun-2022,FY23,Gurgaon,Haryana,Zepto,53,71770,1288,58,20,19,4,8.2,1,39.5,12.6,Non-Metro
Jun-2022,FY23,Gurgaon,Haryana,Retail Store,178,262022,1493,223,35,80,14,8.0,9,27.3,8.1,Non-Metro
Jun-2022,FY23,Gurgaon,Haryana,Corporate Gifting,82,100951,1276,110,26,41,7,9.6,2,39.4,8.3,Non-Metro
Jun-2022,FY23,Gurgaon,Haryana,Meesho,33,46323,1322,42,10,13,1,5.4,1,44.1,18.2,Non-Metro
Jun-2022,FY23,Noida,Uttar Pradesh,Amazon,98,88966,890,161,40,34,12,12.4,2,23.5,7.6,Non-Metro
Jun-2022,FY23,Noida,Uttar Pradesh,Flipkart,80,67898,850,91,20,27,7,9.8,3,21.7,14.1,Non-Metro
Jun-2022,FY23,Noida,Uttar Pradesh,Ugaoo Website,80,91364,1092,97,15,28,10,12.8,4,36.2,19.6,Non-Metro
Jun-2022,FY23,Noida,Uttar Pradesh,Blinkit,40,37010,885,48,10,12,2,6.6,1,43.1,17.8,Non-Metro
Jun-2022,FY23,Noida,Uttar Pradesh,Zepto,24,25471,976,35,7,9,1,6.3,1,26.8,14.8,Non-Metro
Jun-2022,FY23,Noida,Uttar Pradesh,Retail Store,72,67619,934,86,23,24,3,5.2,2,33.8,13.7,Non-Metro
Jun-2022,FY23,Noida,Uttar Pradesh,Corporate Gifting,30,32549,1096,34,7,12,2,7.2,0,28.9,11.7,Non-Metro
Jun-2022,FY23,Noida,Uttar Pradesh,Meesho,11,7616,1132,13,2,4,1,11.3,0,24.3,11.7,Non-Metro
Jun-2022,FY23,Nashik,Maharashtra,Amazon,92,132199,1450,161,28,47,9,10.1,2,39.9,15.7,Non-Metro
Jun-2022,FY23,Nashik,Maharashtra,Flipkart,91,138787,1491,109,32,37,9,10.6,5,41.0,7.7,Non-Metro
Jun-2022,FY23,Nashik,Maharashtra,Ugaoo Website,78,94492,1252,93,15,39,5,7.1,3,37.1,8.6,Non-Metro
Jun-2022,FY23,Nashik,Maharashtra,Blinkit,43,54753,1281,66,11,14,4,10.5,1,30.8,10.7,Non-Metro
Jun-2022,FY23,Nashik,Maharashtra,Zepto,21,24754,1031,37,7,6,1,6.4,0,29.1,17.0,Non-Metro
Jun-2022,FY23,Nashik,Maharashtra,Retail Store,106,164545,1516,131,40,42,7,7.2,5,24.6,12.8,Non-Metro
Jun-2022,FY23,Nashik,Maharashtra,Corporate Gifting,49,60065,1304,68,9,22,5,11.3,2,19.5,16.4,Non-Metro
Jun-2022,FY23,Nashik,Maharashtra,Meesho,14,18565,1103,20,5,7,1,10.0,0,41.1,11.7,Non-Metro
Jun-2022,FY23,Bhopal,Madhya Pradesh,Amazon,38,43093,1148,55,8,20,3,9.7,2,44.7,7.5,Non-Metro
Jun-2022,FY23,Bhopal,Madhya Pradesh,Flipkart,78,87728,1097,140,32,26,8,10.9,2,43.4,6.6,Non-Metro
Jun-2022,FY23,Bhopal,Madhya Pradesh,Ugaoo Website,72,84890,1148,119,15,30,3,5.4,1,21.6,16.4,Non-Metro
Jun-2022,FY23,Bhopal,Madhya Pradesh,Blinkit,26,38996,1385,46,8,11,1,6.9,1,21.2,10.4,Non-Metro
Jun-2022,FY23,Bhopal,Madhya Pradesh,Zepto,30,41328,1261,40,8,9,1,5.6,1,31.7,16.4,Non-Metro
Jun-2022,FY23,Bhopal,Madhya Pradesh,Retail Store,104,85481,850,128,26,43,10,9.8,3,40.9,10.1,Non-Metro
Jun-2022,FY23,Bhopal,Madhya Pradesh,Corporate Gifting,46,63605,1447,51,9,18,4,10.0,1,35.0,14.9,Non-Metro
Jun-2022,FY23,Bhopal,Madhya Pradesh,Meesho,13,18419,1097,21,4,6,1,13.0,0,39.9,17.3,Non-Metro
Jun-2022,FY23,Indore,Madhya Pradesh,Amazon,113,175264,1545,155,32,56,12,11.1,4,26.1,17.9,Non-Metro
Jun-2022,FY23,Indore,Madhya Pradesh,Flipkart,59,61209,980,82,21,19,6,11.4,1,42.3,5.2,Non-Metro
Jun-2022,FY23,Indore,Madhya Pradesh,Ugaoo Website,64,92744,1486,108,11,32,7,12.2,2,43.1,8.3,Non-Metro
Jun-2022,FY23,Indore,Madhya Pradesh,Blinkit,28,36788,1408,47,5,13,2,7.6,0,44.3,6.5,Non-Metro
Jun-2022,FY23,Indore,Madhya Pradesh,Zepto,33,34103,1064,53,12,12,3,11.7,0,38.6,9.7,Non-Metro
Jun-2022,FY23,Indore,Madhya Pradesh,Retail Store,85,130484,1586,97,33,30,4,5.5,2,37.3,5.5,Non-Metro
Jun-2022,FY23,Indore,Madhya Pradesh,Corporate Gifting,30,44409,1561,33,9,11,2,9.7,1,30.5,18.9,Non-Metro
Jun-2022,FY23,Indore,Madhya Pradesh,Meesho,10,17519,1578,14,2,4,0,7.4,0,33.0,8.6,Non-Metro
Jul-2022,FY23,Bengaluru,Karnataka,Amazon,2766,2718353,984,4255,720,1426,276,10.0,55,28.5,17.8,Metro
Jul-2022,FY23,Bengaluru,Karnataka,Flipkart,2610,3116949,1195,4073,782,1094,307,11.8,106,26.8,11.7,Metro
Jul-2022,FY23,Bengaluru,Karnataka,Ugaoo Website,1804,2234928,1239,2851,504,853,185,10.3,107,21.6,19.0,Metro
Jul-2022,FY23,Bengaluru,Karnataka,Blinkit,964,1181308,1223,1586,396,363,58,6.1,39,27.3,9.0,Metro
Jul-2022,FY23,Bengaluru,Karnataka,Zepto,909,1168918,1284,1064,272,390,77,8.5,46,43.4,9.5,Metro
Jul-2022,FY23,Bengaluru,Karnataka,Retail Store,1437,1638908,1141,2423,603,733,114,8.0,64,42.7,11.1,Metro
Jul-2022,FY23,Bengaluru,Karnataka,Corporate Gifting,1552,1929893,1245,2144,288,479,195,12.6,74,26.2,11.5,Metro
Jul-2022,FY23,Bengaluru,Karnataka,Meesho,320,436446,1372,532,110,119,16,5.2,10,38.1,13.2,Metro
Jul-2022,FY23,Mumbai,Maharashtra,Amazon,1189,1058623,888,1875,466,428,90,7.6,39,27.2,17.4,Metro
Jul-2022,FY23,Mumbai,Maharashtra,Flipkart,1971,2946593,1493,2441,807,610,104,5.3,75,38.8,17.0,Metro
Jul-2022,FY23,Mumbai,Maharashtra,Ugaoo Website,1132,1160299,1022,1886,228,605,80,7.1,38,39.8,14.6,Metro
Jul-2022,FY23,Mumbai,Maharashtra,Blinkit,474,732473,1541,747,135,253,45,9.6,22,36.6,11.2,Metro
Jul-2022,FY23,Mumbai,Maharashtra,Zepto,787,828616,1058,1351,276,381,84,10.8,23,43.7,7.1,Metro
Jul-2022,FY23,Mumbai,Maharashtra,Retail Store,1568,2404601,1536,1894,435,718,192,12.3,68,29.1,7.8,Metro
Jul-2022,FY23,Mumbai,Maharashtra,Corporate Gifting,762,761357,997,1006,198,386,85,11.2,26,21.1,17.3,Metro
Jul-2022,FY23,Mumbai,Maharashtra,Meesho,182,192761,1070,277,47,62,17,9.5,10,27.8,8.8,Metro
Jul-2022,FY23,Delhi,Delhi,Amazon,1552,1917271,1236,1865,308,781,83,5.4,33,26.8,8.0,Metro
Jul-2022,FY23,Delhi,Delhi,Flipkart,1460,1490514,1018,2397,350,765,178,12.2,67,22.8,14.8,Metro
Jul-2022,FY23,Delhi,Delhi,Ugaoo Website,1012,1234441,1220,1725,369,379,123,12.2,40,33.5,7.6,Metro
Jul-2022,FY23,Delhi,Delhi,Blinkit,656,880863,1347,937,146,316,57,8.7,19,42.5,14.3,Metro
Jul-2022,FY23,Delhi,Delhi,Zepto,543,500115,916,603,209,164,53,9.9,13,30.4,11.3,Metro
Jul-2022,FY23,Delhi,Delhi,Retail Store,1227,1087549,890,1962,357,504,95,7.8,68,38.8,18.9,Metro
Jul-2022,FY23,Delhi,Delhi,Corporate Gifting,631,704706,1122,961,167,335,48,7.7,17,27.8,18.6,Metro
Jul-2022,FY23,Delhi,Delhi,Meesho,217,265913,1242,295,68,74,27,12.9,5,19.6,12.3,Metro
Jul-2022,FY23,Pune,Maharashtra,Amazon,1370,1780690,1297,2233,297,489,165,12.1,33,42.4,13.8,Metro
Jul-2022,FY23,Pune,Maharashtra,Flipkart,628,879339,1399,939,120,291,43,6.9,27,27.1,13.8,Metro
Jul-2022,FY23,Pune,Maharashtra,Ugaoo Website,858,770327,897,1483,272,286,70,8.2,39,36.7,9.7,Metro
Jul-2022,FY23,Pune,Maharashtra,Blinkit,369,555742,1511,431,68,194,43,11.7,8,36.8,5.6,Metro
Jul-2022,FY23,Pune,Maharashtra,Zepto,387,520822,1338,490,145,138,20,5.3,17,29.5,12.8,Metro
Jul-2022,FY23,Pune,Maharashtra,Retail Store,1058,1567162,1485,1346,334,366,98,9.3,39,29.2,16.2,Metro
Jul-2022,FY23,Pune,Maharashtra,Corporate Gifting,511,775336,1508,770,141,155,64,12.7,20,20.5,18.2,Metro
Jul-2022,FY23,Pune,Maharashtra,Meesho,160,134091,853,192,29,73,18,11.7,5,25.2,17.8,Metro
Jul-2022,FY23,Hyderabad,Telangana,Amazon,875,933570,1070,1131,305,333,100,11.5,25,28.6,17.3,Metro
Jul-2022,FY23,Hyderabad,Telangana,Flipkart,768,1172559,1528,958,224,316,53,7.0,37,42.2,10.3,Metro
Jul-2022,FY23,Hyderabad,Telangana,Ugaoo Website,491,466420,942,562,167,155,37,7.6,11,25.0,11.6,Metro
Jul-2022,FY23,Hyderabad,Telangana,Blinkit,318,387505,1218,390,131,98,30,9.5,13,39.9,6.5,Metro
Jul-2022,FY23,Hyderabad,Telangana,Zepto,311,300786,957,438,92,165,22,7.1,18,36.7,9.6,Metro
Jul-2022,FY23,Hyderabad,Telangana,Retail Store,931,1199760,1287,1150,386,464,75,8.1,19,30.0,11.1,Metro
Jul-2022,FY23,Hyderabad,Telangana,Corporate Gifting,440,644316,1473,604,167,139,25,5.8,15,31.6,17.7,Metro
Jul-2022,FY23,Hyderabad,Telangana,Meesho,104,84362,851,127,22,37,9,9.4,3,27.2,16.5,Metro
Jul-2022,FY23,Chennai,Tamil Nadu,Amazon,659,598819,904,778,241,357,82,12.5,16,21.7,10.9,Non-Metro
Jul-2022,FY23,Chennai,Tamil Nadu,Flipkart,683,617085,898,1117,202,266,61,9.0,35,32.6,9.5,Non-Metro
Jul-2022,FY23,Chennai,Tamil Nadu,Ugaoo Website,425,442005,1047,623,144,152,25,6.1,15,36.2,17.0,Non-Metro
Jul-2022,FY23,Chennai,Tamil Nadu,Blinkit,206,225266,1086,328,77,100,20,10.0,7,29.3,13.2,Non-Metro
Jul-2022,FY23,Chennai,Tamil Nadu,Zepto,193,174493,899,321,39,85,10,5.6,7,38.3,7.8,Non-Metro
Jul-2022,FY23,Chennai,Tamil Nadu,Retail Store,482,585670,1215,732,153,154,55,11.5,10,30.5,13.3,Non-Metro
Jul-2022,FY23,Chennai,Tamil Nadu,Corporate Gifting,292,376972,1295,419,112,110,36,12.6,5,31.8,5.6,Non-Metro
Jul-2022,FY23,Chennai,Tamil Nadu,Meesho,89,129293,1422,106,18,26,7,8.1,3,29.5,6.6,Non-Metro
Jul-2022,FY23,Kolkata,West Bengal,Amazon,413,421890,1026,458,139,149,35,8.5,16,24.6,6.5,Non-Metro
Jul-2022,FY23,Kolkata,West Bengal,Flipkart,361,333928,928,535,121,189,19,5.4,12,26.6,13.3,Non-Metro
Jul-2022,FY23,Kolkata,West Bengal,Ugaoo Website,365,323604,879,549,125,171,47,13.0,13,37.2,18.8,Non-Metro
Jul-2022,FY23,Kolkata,West Bengal,Blinkit,137,137994,1020,151,45,57,11,8.7,2,29.4,13.3,Non-Metro
Jul-2022,FY23,Kolkata,West Bengal,Zepto,123,171041,1357,137,51,59,13,10.6,6,19.7,19.0,Non-Metro
Jul-2022,FY23,Kolkata,West Bengal,Retail Store,316,333775,1048,472,124,103,20,6.4,13,26.5,11.2,Non-Metro
Jul-2022,FY23,Kolkata,West Bengal,Corporate Gifting,168,211840,1275,282,64,66,15,9.0,9,31.2,13.3,Non-Metro
Jul-2022,FY23,Kolkata,West Bengal,Meesho,79,78456,959,88,30,42,7,9.7,3,25.9,13.6,Non-Metro
Jul-2022,FY23,Ahmedabad,Gujarat,Amazon,249,218988,885,404,51,133,30,12.1,10,31.0,14.5,Non-Metro
Jul-2022,FY23,Ahmedabad,Gujarat,Flipkart,294,338053,1143,437,89,132,19,6.8,6,31.5,16.1,Non-Metro
Jul-2022,FY23,Ahmedabad,Gujarat,Ugaoo Website,260,410431,1584,379,69,135,24,9.6,6,33.2,6.7,Non-Metro
Jul-2022,FY23,Ahmedabad,Gujarat,Blinkit,115,157094,1340,139,48,55,11,10.2,5,41.7,11.8,Non-Metro
Jul-2022,FY23,Ahmedabad,Gujarat,Zepto,133,157723,1175,181,46,47,7,5.7,4,21.7,7.7,Non-Metro
Jul-2022,FY23,Ahmedabad,Gujarat,Retail Store,209,287117,1383,251,55,91,11,5.5,10,25.0,14.3,Non-Metro
Jul-2022,FY23,Ahmedabad,Gujarat,Corporate Gifting,141,203275,1455,242,34,42,7,5.2,3,30.3,8.0,Non-Metro
Jul-2022,FY23,Ahmedabad,Gujarat,Meesho,34,30657,877,57,6,18,2,6.7,1,43.3,12.4,Non-Metro
Jul-2022,FY23,Jaipur,Rajasthan,Amazon,236,321629,1344,299,90,105,18,7.7,11,43.2,17.9,Non-Metro
Jul-2022,FY23,Jaipur,Rajasthan,Flipkart,213,316248,1481,326,42,116,10,5.0,6,43.5,7.3,Non-Metro
Jul-2022,FY23,Jaipur,Rajasthan,Ugaoo Website,112,135535,1199,133,31,47,9,8.2,4,21.2,13.0,Non-Metro
Jul-2022,FY23,Jaipur,Rajasthan,Blinkit,72,80076,1052,102,14,26,3,5.1,2,19.6,8.6,Non-Metro
Jul-2022,FY23,Jaipur,Rajasthan,Zepto,88,79605,954,105,23,43,5,5.9,4,21.3,8.1,Non-Metro
Jul-2022,FY23,Jaipur,Rajasthan,Retail Store,133,128793,968,176,53,52,6,5.2,3,19.9,19.1,Non-Metro
Jul-2022,FY23,Jaipur,Rajasthan,Corporate Gifting,115,112514,1014,168,29,49,12,10.8,6,28.6,9.7,Non-Metro
Jul-2022,FY23,Jaipur,Rajasthan,Meesho,29,32394,1253,41,10,12,3,11.5,0,32.0,6.6,Non-Metro
Jul-2022,FY23,Gurgaon,Haryana,Amazon,176,274329,1550,233,64,76,15,9.0,7,22.8,12.6,Non-Metro
Jul-2022,FY23,Gurgaon,Haryana,Flipkart,153,235100,1533,259,34,49,12,8.4,5,21.8,7.7,Non-Metro
Jul-2022,FY23,Gurgaon,Haryana,Ugaoo Website,130,196564,1480,182,25,63,6,5.3,4,29.0,14.0,Non-Metro
Jul-2022,FY23,Gurgaon,Haryana,Blinkit,75,85852,1206,106,31,25,4,6.1,2,36.9,12.4,Non-Metro
Jul-2022,FY23,Gurgaon,Haryana,Zepto,92,120331,1308,106,27,49,7,7.7,2,23.8,18.8,Non-Metro
Jul-2022,FY23,Gurgaon,Haryana,Retail Store,215,284803,1305,319,75,75,24,11.3,8,31.5,10.4,Non-Metro
Jul-2022,FY23,Gurgaon,Haryana,Corporate Gifting,67,90472,1311,101,14,33,4,7.4,2,37.6,19.5,Non-Metro
Jul-2022,FY23,Gurgaon,Haryana,Meesho,18,13055,1001,29,4,8,1,7.8,0,39.0,9.1,Non-Metro
Jul-2022,FY23,Noida,Uttar Pradesh,Amazon,99,129282,1332,116,39,44,6,6.6,2,26.0,9.5,Non-Metro
Jul-2022,FY23,Noida,Uttar Pradesh,Flipkart,93,112799,1167,146,25,41,6,7.0,2,36.3,9.3,Non-Metro
Jul-2022,FY23,Noida,Uttar Pradesh,Ugaoo Website,98,139442,1467,148,28,47,7,7.6,4,36.3,5.8,Non-Metro
Jul-2022,FY23,Noida,Uttar Pradesh,Blinkit,18,15735,1124,23,7,9,1,6.6,0,41.6,9.8,Non-Metro
Jul-2022,FY23,Noida,Uttar Pradesh,Zepto,35,42859,1202,62,9,14,2,6.5,1,25.5,11.1,Non-Metro
Jul-2022,FY23,Noida,Uttar Pradesh,Retail Store,102,150322,1471,175,38,39,5,5.5,2,43.2,6.7,Non-Metro
Jul-2022,FY23,Noida,Uttar Pradesh,Corporate Gifting,64,95550,1512,104,11,27,4,6.3,1,44.2,12.0,Non-Metro
Jul-2022,FY23,Noida,Uttar Pradesh,Meesho,18,12123,902,27,3,5,1,10.5,0,24.2,13.0,Non-Metro
Jul-2022,FY23,Nashik,Maharashtra,Amazon,124,185429,1535,196,45,52,10,8.3,3,40.7,19.6,Non-Metro
Jul-2022,FY23,Nashik,Maharashtra,Flipkart,100,155739,1599,153,21,45,12,12.9,5,34.1,20.0,Non-Metro
Jul-2022,FY23,Nashik,Maharashtra,Ugaoo Website,67,69124,1094,83,15,31,5,7.9,1,37.0,14.7,Non-Metro
Jul-2022,FY23,Nashik,Maharashtra,Blinkit,53,65172,1305,74,21,23,6,11.4,2,21.2,16.0,Non-Metro
Jul-2022,FY23,Nashik,Maharashtra,Zepto,33,35147,1080,52,10,15,2,6.3,1,40.7,5.3,Non-Metro
Jul-2022,FY23,Nashik,Maharashtra,Retail Store,89,91385,1066,152,16,46,8,9.9,4,31.7,8.3,Non-Metro
Jul-2022,FY23,Nashik,Maharashtra,Corporate Gifting,52,84535,1586,63,20,26,5,10.4,1,31.9,17.2,Non-Metro
Jul-2022,FY23,Nashik,Maharashtra,Meesho,16,26073,1527,19,4,7,1,7.4,0,34.1,19.4,Non-Metro
Jul-2022,FY23,Bhopal,Madhya Pradesh,Amazon,69,71688,1057,81,24,31,7,11.0,3,20.2,13.7,Non-Metro
Jul-2022,FY23,Bhopal,Madhya Pradesh,Flipkart,87,139741,1578,134,30,41,7,8.3,4,22.0,8.3,Non-Metro
Jul-2022,FY23,Bhopal,Madhya Pradesh,Ugaoo Website,59,75795,1210,67,14,23,6,10.6,2,22.5,13.7,Non-Metro
Jul-2022,FY23,Bhopal,Madhya Pradesh,Blinkit,41,61421,1434,66,10,16,4,11.7,1,19.8,5.3,Non-Metro
Jul-2022,FY23,Bhopal,Madhya Pradesh,Zepto,32,41878,1407,54,10,16,2,6.5,1,21.9,7.1,Non-Metro
Jul-2022,FY23,Bhopal,Madhya Pradesh,Retail Store,110,100328,922,194,31,50,11,10.0,5,22.5,6.0,Non-Metro
Jul-2022,FY23,Bhopal,Madhya Pradesh,Corporate Gifting,46,62904,1360,53,17,17,5,12.6,2,39.1,9.8,Non-Metro
Jul-2022,FY23,Bhopal,Madhya Pradesh,Meesho,18,26571,1434,29,3,7,1,5.9,0,32.4,14.0,Non-Metro
Jul-2022,FY23,Indore,Madhya Pradesh,Amazon,86,122349,1458,140,27,45,4,5.3,3,19.8,10.0,Non-Metro
Jul-2022,FY23,Indore,Madhya Pradesh,Flipkart,89,96719,1135,148,20,44,9,10.9,4,44.6,16.4,Non-Metro
Jul-2022,FY23,Indore,Madhya Pradesh,Ugaoo Website,64,68224,1076,109,19,27,3,5.5,2,27.9,11.0,Non-Metro
Jul-2022,FY23,Indore,Madhya Pradesh,Blinkit,34,47516,1510,42,10,11,3,11.0,1,41.8,18.1,Non-Metro
Jul-2022,FY23,Indore,Madhya Pradesh,Zepto,38,56301,1538,49,13,20,4,11.5,2,25.9,19.1,Non-Metro
Jul-2022,FY23,Indore,Madhya Pradesh,Retail Store,86,77629,862,137,31,38,4,5.5,3,44.8,12.0,Non-Metro
Jul-2022,FY23,Indore,Madhya Pradesh,Corporate Gifting,55,82947,1549,97,20,17,3,6.1,1,33.3,12.1,Non-Metro
Jul-2022,FY23,Indore,Madhya Pradesh,Meesho,15,24899,1439,21,3,4,1,7.1,0,30.1,9.5,Non-Metro
Aug-2022,FY23,Bengaluru,Karnataka,Amazon,2695,2690538,1000,3976,961,856,194,7.2,92,42.0,14.0,Metro
Aug-2022,FY23,Bengaluru,Karnataka,Flipkart,2038,2518131,1235,3431,751,1114,232,11.4,74,24.5,17.7,Metro
Aug-2022,FY23,Bengaluru,Karnataka,Ugaoo Website,1664,2612955,1571,2080,318,828,146,8.8,94,31.5,19.7,Metro
Aug-2022,FY23,Bengaluru,Karnataka,Blinkit,679,720701,1066,895,169,341,45,6.7,30,42.0,9.1,Metro
Aug-2022,FY23,Bengaluru,Karnataka,Zepto,899,987901,1102,1567,329,291,60,6.7,39,23.3,17.3,Metro
Aug-2022,FY23,Bengaluru,Karnataka,Retail Store,2149,3393840,1577,3363,802,727,171,8.0,89,41.6,16.5,Metro
Aug-2022,FY23,Bengaluru,Karnataka,Corporate Gifting,1435,1859426,1295,1856,515,548,126,8.8,44,35.3,18.6,Metro
Aug-2022,FY23,Bengaluru,Karnataka,Meesho,349,386639,1100,615,98,188,18,5.2,20,27.5,12.5,Metro
Aug-2022,FY23,Mumbai,Maharashtra,Amazon,1825,2038115,1118,2739,721,717,166,9.1,98,27.0,18.9,Metro
Aug-2022,FY23,Mumbai,Maharashtra,Flipkart,2175,3205310,1472,3214,551,925,221,10.2,52,27.6,14.9,Metro
Aug-2022,FY23,Mumbai,Maharashtra,Ugaoo Website,1017,1423350,1395,1263,367,545,96,9.5,32,31.0,9.7,Metro
Aug-2022,FY23,Mumbai,Maharashtra,Blinkit,844,1328516,1572,1050,223,296,104,12.4,42,37.6,13.6,Metro
Aug-2022,FY23,Mumbai,Maharashtra,Zepto,461,632728,1375,804,113,172,53,11.7,11,23.3,8.3,Metro
Aug-2022,FY23,Mumbai,Maharashtra,Retail Store,1831,2462641,1345,2215,403,861,102,5.6,102,29.1,10.3,Metro
Aug-2022,FY23,Mumbai,Maharashtra,Corporate Gifting,1000,1072006,1069,1423,363,446,124,12.4,45,41.0,15.6,Metro
Aug-2022,FY23,Mumbai,Maharashtra,Meesho,277,271878,998,446,86,106,23,8.4,16,38.4,13.5,Metro
Aug-2022,FY23,Delhi,Delhi,Amazon,1508,2219890,1472,1983,291,813,78,5.2,38,26.7,6.5,Metro
Aug-2022,FY23,Delhi,Delhi,Flipkart,1385,2152158,1553,2451,257,545,144,10.4,31,42.5,9.7,Metro
Aug-2022,FY23,Delhi,Delhi,Ugaoo Website,1354,1748721,1291,1680,423,669,162,12.0,49,23.4,11.8,Metro
Aug-2022,FY23,Delhi,Delhi,Blinkit,590,590233,992,656,185,182,47,8.1,17,39.4,11.4,Metro
Aug-2022,FY23,Delhi,Delhi,Zepto,362,561426,1542,634,91,155,34,9.6,15,31.8,5.9,Metro
Aug-2022,FY23,Delhi,Delhi,Retail Store,1220,1267406,1037,1889,249,447,139,11.4,25,26.7,18.3,Metro
Aug-2022,FY23,Delhi,Delhi,Corporate Gifting,562,646022,1146,957,180,301,68,12.2,16,42.9,6.9,Metro
Aug-2022,FY23,Delhi,Delhi,Meesho,163,157680,937,231,56,86,17,10.8,8,28.4,10.9,Metro
Aug-2022,FY23,Pune,Maharashtra,Amazon,1048,1175453,1119,1365,357,520,96,9.2,23,19.5,11.1,Metro
Aug-2022,FY23,Pune,Maharashtra,Flipkart,1123,1705886,1523,1274,412,471,57,5.1,30,27.4,10.8,Metro
Aug-2022,FY23,Pune,Maharashtra,Ugaoo Website,737,952773,1288,917,255,308,68,9.3,28,40.3,7.1,Metro
Aug-2022,FY23,Pune,Maharashtra,Blinkit,271,354977,1304,416,111,143,21,7.8,9,26.3,6.0,Metro
Aug-2022,FY23,Pune,Maharashtra,Zepto,425,454041,1068,720,80,164,43,10.2,16,24.7,12.6,Metro
Aug-2022,FY23,Pune,Maharashtra,Retail Store,1112,1252385,1123,1365,440,354,135,12.2,36,36.5,7.0,Metro
Aug-2022,FY23,Pune,Maharashtra,Corporate Gifting,540,689811,1285,748,155,273,45,8.5,12,42.2,8.9,Metro
Aug-2022,FY23,Pune,Maharashtra,Meesho,151,155803,1021,252,52,53,10,7.0,7,32.8,13.5,Metro
Aug-2022,FY23,Hyderabad,Telangana,Amazon,606,591071,983,1043,162,304,58,9.7,23,37.1,7.8,Metro
Aug-2022,FY23,Hyderabad,Telangana,Flipkart,511,603721,1188,752,177,213,54,10.6,19,35.1,14.3,Metro
Aug-2022,FY23,Hyderabad,Telangana,Ugaoo Website,525,638085,1211,680,101,182,32,6.2,20,18.1,6.5,Metro
Aug-2022,FY23,Hyderabad,Telangana,Blinkit,329,435513,1312,467,97,102,34,10.5,10,41.6,10.7,Metro
Aug-2022,FY23,Hyderabad,Telangana,Zepto,205,324352,1569,241,56,78,18,8.8,5,39.7,16.6,Metro
Aug-2022,FY23,Hyderabad,Telangana,Retail Store,630,897513,1424,884,253,235,70,11.2,29,41.3,6.1,Metro
Aug-2022,FY23,Hyderabad,Telangana,Corporate Gifting,365,385471,1046,441,115,166,29,8.1,21,25.8,5.3,Metro
Aug-2022,FY23,Hyderabad,Telangana,Meesho,116,149943,1271,152,38,51,7,6.6,2,26.2,9.1,Metro
Aug-2022,FY23,Chennai,Tamil Nadu,Amazon,497,456209,925,546,208,207,61,12.3,23,25.0,12.4,Non-Metro
Aug-2022,FY23,Chennai,Tamil Nadu,Flipkart,472,583865,1230,664,103,171,42,8.9,28,43.4,19.2,Non-Metro
Aug-2022,FY23,Chennai,Tamil Nadu,Ugaoo Website,389,590871,1524,661,110,170,43,11.1,13,20.3,8.1,Non-Metro
Aug-2022,FY23,Chennai,Tamil Nadu,Blinkit,322,445595,1378,465,101,101,28,8.7,14,20.9,6.1,Non-Metro
Aug-2022,FY23,Chennai,Tamil Nadu,Zepto,205,252862,1233,228,62,86,18,8.8,6,18.1,9.6,Non-Metro
Aug-2022,FY23,Chennai,Tamil Nadu,Retail Store,581,768194,1317,887,214,319,42,7.3,17,26.0,14.0,Non-Metro
Aug-2022,FY23,Chennai,Tamil Nadu,Corporate Gifting,230,337144,1473,266,77,69,14,6.3,8,22.1,9.0,Non-Metro
Aug-2022,FY23,Chennai,Tamil Nadu,Meesho,94,134895,1427,124,34,43,6,7.0,5,20.1,7.3,Non-Metro
Aug-2022,FY23,Kolkata,West Bengal,Amazon,524,624425,1189,651,214,241,42,8.2,21,33.0,8.1,Non-Metro
Aug-2022,FY23,Kolkata,West Bengal,Flipkart,378,546809,1458,548,98,202,40,10.8,20,22.3,6.1,Non-Metro
Aug-2022,FY23,Kolkata,West Bengal,Ugaoo Website,361,547502,1512,513,92,142,28,8.0,7,35.2,15.8,Non-Metro
Aug-2022,FY23,Kolkata,West Bengal,Blinkit,114,161549,1443,173,28,60,13,12.1,5,33.9,12.7,Non-Metro
Aug-2022,FY23,Kolkata,West Bengal,Zepto,134,197070,1499,218,44,53,13,10.0,2,32.5,7.4,Non-Metro
Aug-2022,FY23,Kolkata,West Bengal,Retail Store,407,372272,919,451,154,147,29,7.2,21,24.0,13.5,Non-Metro
Aug-2022,FY23,Kolkata,West Bengal,Corporate Gifting,209,299602,1424,341,74,75,21,10.1,11,21.6,8.0,Non-Metro
Aug-2022,FY23,Kolkata,West Bengal,Meesho,66,81042,1241,96,16,27,5,9.0,3,44.6,7.4,Non-Metro
Aug-2022,FY23,Ahmedabad,Gujarat,Amazon,363,432616,1203,404,126,159,45,12.5,18,23.3,11.1,Non-Metro
Aug-2022,FY23,Ahmedabad,Gujarat,Flipkart,228,341333,1487,263,44,102,21,9.3,10,19.9,18.3,Non-Metro
Aug-2022,FY23,Ahmedabad,Gujarat,Ugaoo Website,268,346572,1284,477,107,99,34,12.8,12,43.9,5.6,Non-Metro
Aug-2022,FY23,Ahmedabad,Gujarat,Blinkit,111,106334,952,147,31,37,11,10.3,5,22.7,10.8,Non-Metro
Aug-2022,FY23,Ahmedabad,Gujarat,Zepto,127,136443,1067,210,37,60,9,7.4,5,35.9,15.2,Non-Metro
Aug-2022,FY23,Ahmedabad,Gujarat,Retail Store,304,336659,1118,380,59,131,23,7.7,6,18.4,12.4,Non-Metro
Aug-2022,FY23,Ahmedabad,Gujarat,Corporate Gifting,128,117538,909,172,35,67,8,6.6,3,42.3,13.9,Non-Metro
Aug-2022,FY23,Ahmedabad,Gujarat,Meesho,39,40261,1087,68,13,15,3,8.1,2,39.2,15.4,Non-Metro
Aug-2022,FY23,Jaipur,Rajasthan,Amazon,179,228081,1277,231,36,72,17,9.8,8,45.0,18.6,Non-Metro
Aug-2022,FY23,Jaipur,Rajasthan,Flipkart,214,239405,1114,311,87,111,25,11.8,9,40.1,7.7,Non-Metro
Aug-2022,FY23,Jaipur,Rajasthan,Ugaoo Website,165,254563,1533,266,43,68,13,8.0,7,32.5,13.5,Non-Metro
Aug-2022,FY23,Jaipur,Rajasthan,Blinkit,96,93496,944,160,32,40,7,7.6,3,33.2,14.4,Non-Metro
Aug-2022,FY23,Jaipur,Rajasthan,Zepto,60,61166,1048,91,21,22,3,6.3,3,21.0,7.6,Non-Metro
Aug-2022,FY23,Jaipur,Rajasthan,Retail Store,168,157684,936,207,50,74,11,7.0,6,36.7,9.1,Non-Metro
Aug-2022,FY23,Jaipur,Rajasthan,Corporate Gifting,108,113694,1081,121,33,55,10,9.4,6,34.3,17.4,Non-Metro
Aug-2022,FY23,Jaipur,Rajasthan,Meesho,31,25576,986,50,7,13,1,6.3,0,33.8,5.7,Non-Metro
Aug-2022,FY23,Gurgaon,Haryana,Amazon,148,225052,1547,221,47,52,18,12.8,7,44.5,6.6,Non-Metro
Aug-2022,FY23,Gurgaon,Haryana,Flipkart,207,251595,1233,240,64,98,20,9.9,6,32.2,6.7,Non-Metro
Aug-2022,FY23,Gurgaon,Haryana,Ugaoo Website,201,301844,1496,223,83,81,18,9.1,6,18.8,18.2,Non-Metro
Aug-2022,FY23,Gurgaon,Haryana,Blinkit,78,74113,944,115,30,36,7,9.8,3,22.4,12.6,Non-Metro
Aug-2022,FY23,Gurgaon,Haryana,Zepto,72,82092,1087,86,22,27,8,12.2,3,31.9,7.9,Non-Metro
Aug-2022,FY23,Gurgaon,Haryana,Retail Store,165,258525,1568,243,63,78,9,5.7,5,18.6,15.7,Non-Metro
Aug-2022,FY23,Gurgaon,Haryana,Corporate Gifting,94,134491,1425,111,21,36,11,11.8,4,18.7,8.9,Non-Metro
Aug-2022,FY23,Gurgaon,Haryana,Meesho,38,55055,1372,60,11,12,3,10.3,1,42.7,7.3,Non-Metro
Aug-2022,FY23,Noida,Uttar Pradesh,Amazon,87,109082,1256,148,18,45,5,5.9,4,35.7,9.4,Non-Metro
Aug-2022,FY23,Noida,Uttar Pradesh,Flipkart,92,115008,1271,146,22,38,6,6.6,3,44.3,16.7,Non-Metro
Aug-2022,FY23,Noida,Uttar Pradesh,Ugaoo Website,81,124366,1540,106,23,27,5,6.4,1,33.0,17.9,Non-Metro
Aug-2022,FY23,Noida,Uttar Pradesh,Blinkit,36,59198,1554,60,7,16,3,10.9,1,25.1,13.8,Non-Metro
Aug-2022,FY23,Noida,Uttar Pradesh,Zepto,32,39203,1112,54,13,16,2,9.3,0,32.3,14.2,Non-Metro
Aug-2022,FY23,Noida,Uttar Pradesh,Retail Store,100,95710,992,170,22,32,8,8.3,3,41.8,9.4,Non-Metro
Aug-2022,FY23,Noida,Uttar Pradesh,Corporate Gifting,44,41324,907,54,18,16,3,7.9,1,34.3,14.5,Non-Metro
Aug-2022,FY23,Noida,Uttar Pradesh,Meesho,13,22326,1456,17,3,4,0,6.7,0,31.4,10.1,Non-Metro
Aug-2022,FY23,Nashik,Maharashtra,Amazon,71,83648,1145,104,15,33,8,11.8,3,31.3,19.4,Non-Metro
Aug-2022,FY23,Nashik,Maharashtra,Flipkart,70,86205,1283,118,28,35,5,7.4,2,38.7,19.8,Non-Metro
Aug-2022,FY23,Nashik,Maharashtra,Ugaoo Website,88,110010,1195,126,29,40,6,7.9,2,43.6,8.3,Non-Metro
Aug-2022,FY23,Nashik,Maharashtra,Blinkit,46,51295,1083,82,9,21,3,8.0,1,22.6,18.2,Non-Metro
Aug-2022,FY23,Nashik,Maharashtra,Zepto,29,34993,1377,39,9,10,1,6.4,1,22.4,15.2,Non-Metro
Aug-2022,FY23,Nashik,Maharashtra,Retail Store,87,81520,956,155,16,26,4,5.2,2,44.5,9.7,Non-Metro
Aug-2022,FY23,Nashik,Maharashtra,Corporate Gifting,47,46861,1014,83,12,16,4,9.5,2,37.6,14.3,Non-Metro
Aug-2022,FY23,Nashik,Maharashtra,Meesho,12,10408,1093,20,4,5,1,12.5,0,36.6,19.0,Non-Metro
Aug-2022,FY23,Bhopal,Madhya Pradesh,Amazon,147,156626,1087,236,40,75,7,5.1,6,18.0,19.4,Non-Metro
Aug-2022,FY23,Bhopal,Madhya Pradesh,Flipkart,103,140229,1391,131,41,49,9,9.5,2,29.2,5.3,Non-Metro
Aug-2022,FY23,Bhopal,Madhya Pradesh,Ugaoo Website,96,130632,1343,160,35,51,9,10.3,4,43.1,11.7,Non-Metro
Aug-2022,FY23,Bhopal,Madhya Pradesh,Blinkit,39,59178,1539,54,13,17,3,9.3,0,41.5,15.6,Non-Metro
Aug-2022,FY23,Bhopal,Madhya Pradesh,Zepto,27,28642,879,36,10,11,2,8.6,0,24.3,14.1,Non-Metro
Aug-2022,FY23,Bhopal,Madhya Pradesh,Retail Store,95,126270,1283,162,24,33,10,11.3,2,35.6,10.0,Non-Metro
Aug-2022,FY23,Bhopal,Madhya Pradesh,Corporate Gifting,52,70071,1421,75,11,21,3,6.4,2,41.1,18.8,Non-Metro
Aug-2022,FY23,Bhopal,Madhya Pradesh,Meesho,12,16486,1168,14,3,6,1,8.4,0,27.3,12.4,Non-Metro
Aug-2022,FY23,Indore,Madhya Pradesh,Amazon,90,93523,1008,118,18,37,7,8.5,3,36.8,13.1,Non-Metro
Aug-2022,FY23,Indore,Madhya Pradesh,Flipkart,57,65966,1245,82,19,29,7,12.9,3,20.8,16.1,Non-Metro
Aug-2022,FY23,Indore,Madhya Pradesh,Ugaoo Website,73,105451,1442,123,17,31,9,12.5,3,38.2,13.4,Non-Metro
Aug-2022,FY23,Indore,Madhya Pradesh,Blinkit,32,33802,1068,46,13,15,3,11.6,0,21.4,15.6,Non-Metro
Aug-2022,FY23,Indore,Madhya Pradesh,Zepto,36,34229,1038,61,13,13,1,5.4,1,41.6,5.8,Non-Metro
Aug-2022,FY23,Indore,Madhya Pradesh,Retail Store,63,97354,1468,106,11,27,4,7.8,2,18.4,8.8,Non-Metro
Aug-2022,FY23,Indore,Madhya Pradesh,Corporate Gifting,57,58938,1024,81,10,29,4,8.2,2,25.9,5.7,Non-Metro
Aug-2022,FY23,Indore,Madhya Pradesh,Meesho,19,15629,893,21,4,10,2,11.8,0,23.7,18.9,Non-Metro
Sep-2022,FY23,Bengaluru,Karnataka,Amazon,3305,4044340,1224,3948,1211,1076,264,8.0,125,18.3,18.3,Metro
Sep-2022,FY23,Bengaluru,Karnataka,Flipkart,2514,2150888,855,4024,782,1330,145,5.8,89,41.4,16.3,Metro
Sep-2022,FY23,Bengaluru,Karnataka,Ugaoo Website,1791,1792198,1000,3060,694,799,223,12.5,87,26.6,16.5,Metro
Sep-2022,FY23,Bengaluru,Karnataka,Blinkit,1081,1489645,1378,1673,284,476,124,11.5,53,44.7,12.4,Metro
Sep-2022,FY23,Bengaluru,Karnataka,Zepto,898,1300675,1452,1153,201,335,79,8.8,38,19.5,7.5,Metro
Sep-2022,FY23,Bengaluru,Karnataka,Retail Store,2703,4068913,1506,3279,564,991,324,12.0,71,31.6,17.3,Metro
Sep-2022,FY23,Bengaluru,Karnataka,Corporate Gifting,1368,1669811,1224,2440,297,738,138,10.1,73,39.9,19.3,Metro
Sep-2022,FY23,Bengaluru,Karnataka,Meesho,367,448104,1213,469,107,169,44,12.2,9,44.7,15.2,Metro
Sep-2022,FY23,Mumbai,Maharashtra,Amazon,2369,2616689,1103,2757,736,725,213,9.0,89,33.7,7.2,Metro
Sep-2022,FY23,Mumbai,Maharashtra,Flipkart,1938,2051348,1061,2730,613,904,131,6.8,38,32.4,10.9,Metro
Sep-2022,FY23,Mumbai,Maharashtra,Ugaoo Website,1247,1708664,1372,1995,498,393,129,10.4,37,39.3,19.1,Metro
Sep-2022,FY23,Mumbai,Maharashtra,Blinkit,1015,1091791,1075,1270,334,401,61,6.1,57,26.7,17.7,Metro
Sep-2022,FY23,Mumbai,Maharashtra,Zepto,594,515450,862,1005,201,188,55,9.3,17,22.2,8.3,Metro
Sep-2022,FY23,Mumbai,Maharashtra,Retail Store,2181,2967638,1362,3484,660,785,161,7.4,84,37.2,11.5,Metro
Sep-2022,FY23,Mumbai,Maharashtra,Corporate Gifting,771,1051361,1369,964,169,389,84,10.9,39,32.6,6.0,Metro
Sep-2022,FY23,Mumbai,Maharashtra,Meesho,247,236240,962,338,48,134,16,6.5,11,36.8,19.6,Metro
Sep-2022,FY23,Delhi,Delhi,Amazon,1887,1640584,867,2449,664,863,124,6.6,104,40.2,15.7,Metro
Sep-2022,FY23,Delhi,Delhi,Flipkart,1546,2410054,1557,2470,467,747,194,12.6,89,41.7,15.6,Metro
Sep-2022,FY23,Delhi,Delhi,Ugaoo Website,999,1474807,1475,1154,186,428,92,9.3,39,36.7,17.6,Metro
Sep-2022,FY23,Delhi,Delhi,Blinkit,718,969438,1345,963,281,371,59,8.3,41,22.4,16.5,Metro
Sep-2022,FY23,Delhi,Delhi,Zepto,499,662344,1331,749,176,171,30,6.1,11,32.2,8.1,Metro
Sep-2022,FY23,Delhi,Delhi,Retail Store,1196,1819583,1525,1358,391,529,59,5.0,67,35.6,10.3,Metro
Sep-2022,FY23,Delhi,Delhi,Corporate Gifting,372,568176,1528,538,92,115,24,6.5,11,24.4,15.0,Metro
Sep-2022,FY23,Delhi,Delhi,Meesho,172,225076,1292,263,44,90,13,7.6,9,39.5,16.9,Metro
Sep-2022,FY23,Pune,Maharashtra,Amazon,778,1025610,1313,1040,182,369,65,8.4,26,24.1,14.9,Metro
Sep-2022,FY23,Pune,Maharashtra,Flipkart,1303,1624539,1249,2035,296,562,91,7.0,52,37.2,12.3,Metro
Sep-2022,FY23,Pune,Maharashtra,Ugaoo Website,604,638068,1049,997,198,315,60,10.0,30,18.6,6.5,Metro
Sep-2022,FY23,Pune,Maharashtra,Blinkit,670,736421,1095,1079,269,260,66,9.9,28,35.6,11.3,Metro
Sep-2022,FY23,Pune,Maharashtra,Zepto,353,545060,1533,537,126,189,40,11.6,17,28.7,14.4,Metro
Sep-2022,FY23,Pune,Maharashtra,Retail Store,967,1008315,1040,1518,214,466,60,6.3,49,30.9,5.3,Metro
Sep-2022,FY23,Pune,Maharashtra,Corporate Gifting,546,557747,1015,628,116,209,43,7.9,21,43.2,12.3,Metro
Sep-2022,FY23,Pune,Maharashtra,Meesho,153,133585,901,179,60,55,11,7.2,6,37.1,16.3,Metro
Sep-2022,FY23,Hyderabad,Telangana,Amazon,826,923352,1120,994,237,377,78,9.5,27,27.8,12.3,Metro
Sep-2022,FY23,Hyderabad,Telangana,Flipkart,839,1197607,1422,1362,254,385,93,11.1,47,31.5,11.8,Metro
Sep-2022,FY23,Hyderabad,Telangana,Ugaoo Website,835,1092858,1314,1281,177,388,101,12.2,41,36.3,15.1,Metro
Sep-2022,FY23,Hyderabad,Telangana,Blinkit,347,463091,1334,468,140,151,32,9.4,13,30.6,14.4,Metro
Sep-2022,FY23,Hyderabad,Telangana,Zepto,265,410229,1541,336,76,85,28,10.9,11,21.3,6.7,Metro
Sep-2022,FY23,Hyderabad,Telangana,Retail Store,764,812617,1062,1244,275,298,62,8.2,42,30.0,7.3,Metro
Sep-2022,FY23,Hyderabad,Telangana,Corporate Gifting,380,532327,1407,672,93,201,33,8.9,19,31.2,16.6,Metro
Sep-2022,FY23,Hyderabad,Telangana,Meesho,142,195610,1388,193,55,52,18,12.7,5,42.6,5.8,Metro
Sep-2022,FY23,Chennai,Tamil Nadu,Amazon,837,1329291,1586,1133,339,381,62,7.5,40,41.0,13.3,Non-Metro
Sep-2022,FY23,Chennai,Tamil Nadu,Flipkart,609,666765,1100,784,170,320,66,10.9,33,22.5,8.4,Non-Metro
Sep-2022,FY23,Chennai,Tamil Nadu,Ugaoo Website,343,424757,1233,452,112,146,39,11.5,18,37.3,15.9,Non-Metro
Sep-2022,FY23,Chennai,Tamil Nadu,Blinkit,202,310006,1525,338,49,81,15,7.5,5,20.7,19.8,Non-Metro
Sep-2022,FY23,Chennai,Tamil Nadu,Zepto,162,232028,1435,279,53,81,11,7.4,4,34.8,15.4,Non-Metro
Sep-2022,FY23,Chennai,Tamil Nadu,Retail Store,679,689888,1018,828,122,285,72,10.7,32,37.2,14.2,Non-Metro
Sep-2022,FY23,Chennai,Tamil Nadu,Corporate Gifting,213,269130,1267,360,87,85,24,11.5,5,41.4,19.0,Non-Metro
Sep-2022,FY23,Chennai,Tamil Nadu,Meesho,76,117418,1534,131,14,23,7,10.3,3,26.6,16.4,Non-Metro
Sep-2022,FY23,Kolkata,West Bengal,Amazon,606,588114,974,1025,247,260,71,11.8,13,21.4,11.2,Non-Metro
Sep-2022,FY23,Kolkata,West Bengal,Flipkart,354,381933,1083,540,127,145,24,6.9,9,32.9,8.2,Non-Metro
Sep-2022,FY23,Kolkata,West Bengal,Ugaoo Website,243,320904,1330,353,93,116,27,11.4,12,32.6,19.6,Non-Metro
Sep-2022,FY23,Kolkata,West Bengal,Blinkit,142,210086,1474,220,57,64,12,8.6,5,35.1,16.9,Non-Metro
Sep-2022,FY23,Kolkata,West Bengal,Zepto,122,149964,1240,211,49,38,9,7.8,4,19.9,12.4,Non-Metro
Sep-2022,FY23,Kolkata,West Bengal,Retail Store,466,401264,851,808,169,163,39,8.5,27,21.5,13.2,Non-Metro
Sep-2022,FY23,Kolkata,West Bengal,Corporate Gifting,205,182776,905,253,55,84,25,12.6,6,37.5,7.4,Non-Metro
Sep-2022,FY23,Kolkata,West Bengal,Meesho,65,70339,1018,91,25,28,7,11.3,3,24.4,19.6,Non-Metro
Sep-2022,FY23,Ahmedabad,Gujarat,Amazon,306,348970,1138,369,116,124,37,12.4,12,30.8,12.1,Non-Metro
Sep-2022,FY23,Ahmedabad,Gujarat,Flipkart,297,363342,1240,527,98,153,34,11.6,13,24.5,14.0,Non-Metro
Sep-2022,FY23,Ahmedabad,Gujarat,Ugaoo Website,279,307704,1108,364,94,98,22,7.9,6,22.5,5.6,Non-Metro
Sep-2022,FY23,Ahmedabad,Gujarat,Blinkit,137,194812,1403,157,52,67,10,7.8,4,29.1,15.3,Non-Metro
Sep-2022,FY23,Ahmedabad,Gujarat,Zepto,132,170594,1287,160,43,56,13,10.1,3,22.1,8.2,Non-Metro
Sep-2022,FY23,Ahmedabad,Gujarat,Retail Store,165,219086,1353,216,68,72,19,12.1,7,33.3,17.3,Non-Metro
Sep-2022,FY23,Ahmedabad,Gujarat,Corporate Gifting,142,171510,1181,213,43,48,9,6.8,4,35.1,16.2,Non-Metro
Sep-2022,FY23,Ahmedabad,Gujarat,Meesho,48,65132,1409,77,16,14,3,7.9,1,19.3,15.1,Non-Metro
Sep-2022,FY23,Jaipur,Rajasthan,Amazon,199,171579,881,301,40,83,19,9.9,9,29.8,11.2,Non-Metro
Sep-2022,FY23,Jaipur,Rajasthan,Flipkart,195,220606,1124,350,53,99,16,8.6,6,42.6,19.2,Non-Metro
Sep-2022,FY23,Jaipur,Rajasthan,Ugaoo Website,170,151398,884,213,55,82,18,11.0,4,23.9,5.1,Non-Metro
Sep-2022,FY23,Jaipur,Rajasthan,Blinkit,56,43297,853,71,14,24,5,10.5,2,39.4,19.5,Non-Metro
Sep-2022,FY23,Jaipur,Rajasthan,Zepto,75,97776,1327,109,28,28,5,7.6,4,20.3,12.2,Non-Metro
Sep-2022,FY23,Jaipur,Rajasthan,Retail Store,209,217709,1065,276,79,90,22,10.6,6,28.6,9.8,Non-Metro
Sep-2022,FY23,Jaipur,Rajasthan,Corporate Gifting,82,85351,1003,108,29,34,7,8.6,2,19.8,11.5,Non-Metro
Sep-2022,FY23,Jaipur,Rajasthan,Meesho,22,25604,1222,30,4,10,1,6.4,0,29.3,5.7,Non-Metro
Sep-2022,FY23,Gurgaon,Haryana,Amazon,198,176265,902,299,55,97,20,10.5,9,27.0,19.9,Non-Metro
Sep-2022,FY23,Gurgaon,Haryana,Flipkart,204,187966,943,346,55,85,26,12.9,4,23.1,19.9,Non-Metro
Sep-2022,FY23,Gurgaon,Haryana,Ugaoo Website,177,171704,984,243,51,75,9,5.3,5,31.8,8.0,Non-Metro
Sep-2022,FY23,Gurgaon,Haryana,Blinkit,64,63697,1060,98,26,31,6,10.7,1,34.7,16.8,Non-Metro
Sep-2022,FY23,Gurgaon,Haryana,Zepto,88,127630,1506,109,31,43,10,11.9,2,43.7,8.8,Non-Metro
Sep-2022,FY23,Gurgaon,Haryana,Retail Store,211,266620,1243,305,82,69,16,7.7,4,27.9,9.6,Non-Metro
Sep-2022,FY23,Gurgaon,Haryana,Corporate Gifting,86,104657,1234,123,29,44,6,7.9,3,41.8,18.6,Non-Metro
Sep-2022,FY23,Gurgaon,Haryana,Meesho,26,38356,1501,38,8,9,2,9.7,0,35.3,15.0,Non-Metro
Sep-2022,FY23,Noida,Uttar Pradesh,Amazon,126,177107,1408,183,37,51,7,6.1,5,30.4,14.3,Non-Metro
Sep-2022,FY23,Noida,Uttar Pradesh,Flipkart,90,142179,1576,111,33,41,10,11.9,2,43.8,15.5,Non-Metro
Sep-2022,FY23,Noida,Uttar Pradesh,Ugaoo Website,87,93714,1093,128,30,33,8,9.3,2,31.7,14.6,Non-Metro
Sep-2022,FY23,Noida,Uttar Pradesh,Blinkit,37,56329,1566,55,7,17,2,6.3,1,27.4,11.4,Non-Metro
Sep-2022,FY23,Noida,Uttar Pradesh,Zepto,26,30546,1267,44,9,12,2,11.2,1,23.6,7.4,Non-Metro
Sep-2022,FY23,Noida,Uttar Pradesh,Retail Store,105,168861,1571,169,24,57,11,10.5,3,44.1,17.4,Non-Metro
Sep-2022,FY23,Noida,Uttar Pradesh,Corporate Gifting,42,56904,1416,52,7,12,4,10.9,1,20.7,9.9,Non-Metro
Sep-2022,FY23,Noida,Uttar Pradesh,Meesho,15,21234,1102,24,6,6,1,7.9,0,23.1,11.3,Non-Metro
Sep-2022,FY23,Nashik,Maharashtra,Amazon,112,163625,1484,179,44,40,6,5.9,5,27.4,18.7,Non-Metro
Sep-2022,FY23,Nashik,Maharashtra,Flipkart,92,84939,896,113,16,29,6,7.3,3,25.7,16.2,Non-Metro
Sep-2022,FY23,Nashik,Maharashtra,Ugaoo Website,55,77747,1369,89,18,22,7,12.8,2,28.2,12.5,Non-Metro
Sep-2022,FY23,Nashik,Maharashtra,Blinkit,39,35947,1008,61,14,20,3,10.2,2,23.7,19.3,Non-Metro
Sep-2022,FY23,Nashik,Maharashtra,Zepto,44,64619,1474,63,13,13,2,6.3,2,40.9,5.5,Non-Metro
Sep-2022,FY23,Nashik,Maharashtra,Retail Store,56,72466,1213,89,23,18,5,9.6,1,42.1,10.2,Non-Metro
Sep-2022,FY23,Nashik,Maharashtra,Corporate Gifting,43,58827,1284,75,16,21,3,8.7,1,37.1,7.3,Non-Metro
Sep-2022,FY23,Nashik,Maharashtra,Meesho,11,16039,1442,16,3,4,0,8.9,0,37.0,6.8,Non-Metro
Sep-2022,FY23,Bhopal,Madhya Pradesh,Amazon,106,121536,1134,136,29,44,10,10.2,4,28.7,16.2,Non-Metro
Sep-2022,FY23,Bhopal,Madhya Pradesh,Flipkart,94,86182,868,157,32,33,5,6.3,5,18.4,5.6,Non-Metro
Sep-2022,FY23,Bhopal,Madhya Pradesh,Ugaoo Website,62,81149,1336,77,22,21,4,7.6,3,31.6,17.7,Non-Metro
Sep-2022,FY23,Bhopal,Madhya Pradesh,Blinkit,38,35569,945,62,7,13,3,9.9,1,26.6,13.4,Non-Metro
Sep-2022,FY23,Bhopal,Madhya Pradesh,Zepto,30,33036,1080,47,7,14,2,9.6,1,40.1,16.9,Non-Metro
Sep-2022,FY23,Bhopal,Madhya Pradesh,Retail Store,102,95399,944,124,28,44,7,7.6,5,23.9,7.5,Non-Metro
Sep-2022,FY23,Bhopal,Madhya Pradesh,Corporate Gifting,39,55804,1556,51,11,20,2,7.4,1,19.0,18.5,Non-Metro
Sep-2022,FY23,Bhopal,Madhya Pradesh,Meesho,12,15354,1236,21,3,4,1,12.4,0,38.3,11.3,Non-Metro
Sep-2022,FY23,Indore,Madhya Pradesh,Amazon,88,101910,1160,111,24,44,10,12.0,3,44.6,10.8,Non-Metro
Sep-2022,FY23,Indore,Madhya Pradesh,Flipkart,88,132535,1504,119,18,30,4,5.1,3,18.0,10.3,Non-Metro
Sep-2022,FY23,Indore,Madhya Pradesh,Ugaoo Website,84,103514,1291,97,34,40,5,7.1,2,33.0,11.6,Non-Metro
Sep-2022,FY23,Indore,Madhya Pradesh,Blinkit,45,59081,1264,77,15,20,3,8.4,1,22.2,6.4,Non-Metro
Sep-2022,FY23,Indore,Madhya Pradesh,Zepto,32,52017,1573,45,7,16,3,11.8,1,30.5,16.0,Non-Metro
Sep-2022,FY23,Indore,Madhya Pradesh,Retail Store,79,87682,1171,128,24,30,6,8.6,3,33.2,10.3,Non-Metro
Sep-2022,FY23,Indore,Madhya Pradesh,Corporate Gifting,45,64380,1390,51,12,14,4,11.0,1,20.8,13.5,Non-Metro
Sep-2022,FY23,Indore,Madhya Pradesh,Meesho,19,26801,1295,32,4,10,1,8.7,0,43.9,15.9,Non-Metro
Oct-2022,FY23,Bengaluru,Karnataka,Amazon,2874,2805197,975,3762,843,866,152,5.3,94,28.8,9.0,Metro
Oct-2022,FY23,Bengaluru,Karnataka,Flipkart,2789,4402073,1580,3610,721,1131,290,10.4,66,27.9,12.2,Metro
Oct-2022,FY23,Bengaluru,Karnataka,Ugaoo Website,3443,4704949,1367,4023,850,1870,375,10.9,70,34.8,12.6,Metro
Oct-2022,FY23,Bengaluru,Karnataka,Blinkit,1724,1604479,930,2888,473,908,187,10.9,56,34.8,9.6,Metro
Oct-2022,FY23,Bengaluru,Karnataka,Zepto,1259,1495027,1190,1714,478,450,89,7.1,31,25.5,8.8,Metro
Oct-2022,FY23,Bengaluru,Karnataka,Retail Store,3803,3432238,902,6682,1059,1371,281,7.4,125,39.1,6.5,Metro
Oct-2022,FY23,Bengaluru,Karnataka,Corporate Gifting,1196,1754126,1470,1477,439,406,144,12.1,57,35.9,6.0,Metro
Oct-2022,FY23,Bengaluru,Karnataka,Meesho,599,661586,1101,1049,127,323,52,8.8,14,38.7,11.7,Metro
Oct-2022,FY23,Mumbai,Maharashtra,Amazon,3764,4655163,1237,6345,1405,1867,274,7.3,79,24.2,5.2,Metro
Oct-2022,FY23,Mumbai,Maharashtra,Flipkart,2968,3566110,1201,5294,1140,1501,365,12.3,126,29.4,12.0,Metro
Oct-2022,FY23,Mumbai,Maharashtra,Ugaoo Website,3302,3550328,1075,5437,895,1281,383,11.6,155,42.2,11.5,Metro
Oct-2022,FY23,Mumbai,Maharashtra,Blinkit,920,1248210,1354,1053,192,287,117,12.8,29,29.3,5.2,Metro
Oct-2022,FY23,Mumbai,Maharashtra,Zepto,1134,1718906,1520,1298,402,453,111,9.8,25,28.8,14.5,Metro
Oct-2022,FY23,Mumbai,Maharashtra,Retail Store,2822,4149711,1472,4903,540,1408,208,7.4,115,44.5,13.0,Metro
Oct-2022,FY23,Mumbai,Maharashtra,Corporate Gifting,1402,1243949,886,2070,278,584,84,6.0,37,38.2,16.6,Metro
Oct-2022,FY23,Mumbai,Maharashtra,Meesho,615,539416,873,723,150,299,69,11.3,35,36.0,7.2,Metro
Oct-2022,FY23,Delhi,Delhi,Amazon,3009,3172066,1053,5017,856,1446,376,12.5,160,28.8,15.1,Metro
Oct-2022,FY23,Delhi,Delhi,Flipkart,2118,3028619,1430,3771,752,643,122,5.8,104,35.9,5.4,Metro
Oct-2022,FY23,Delhi,Delhi,Ugaoo Website,1078,1360865,1262,1290,444,462,80,7.5,63,41.4,10.8,Metro
Oct-2022,FY23,Delhi,Delhi,Blinkit,811,1248638,1534,1313,265,282,80,9.9,43,43.8,16.6,Metro
Oct-2022,FY23,Delhi,Delhi,Zepto,782,1172652,1499,1138,185,239,73,9.4,25,36.7,9.4,Metro
Oct-2022,FY23,Delhi,Delhi,Retail Store,1921,2868593,1491,2217,749,676,215,11.2,53,34.6,8.2,Metro
Oct-2022,FY23,Delhi,Delhi,Corporate Gifting,1069,1217556,1142,1395,202,408,74,7.0,40,42.1,6.1,Metro
Oct-2022,FY23,Delhi,Delhi,Meesho,324,502025,1543,551,68,114,36,11.4,14,32.4,14.8,Metro
Oct-2022,FY23,Pune,Maharashtra,Amazon,2416,3273705,1354,3006,748,1291,120,5.0,53,44.0,7.2,Metro
Oct-2022,FY23,Pune,Maharashtra,Flipkart,945,1372899,1456,1126,339,498,115,12.2,48,24.4,12.9,Metro
Oct-2022,FY23,Pune,Maharashtra,Ugaoo Website,930,1333537,1431,1109,353,346,54,5.9,55,24.0,13.6,Metro
Oct-2022,FY23,Pune,Maharashtra,Blinkit,806,832397,1033,941,267,391,48,6.0,39,18.4,19.1,Metro
Oct-2022,FY23,Pune,Maharashtra,Zepto,606,964001,1587,801,183,207,55,9.1,23,38.9,14.4,Metro
Oct-2022,FY23,Pune,Maharashtra,Retail Store,1827,2812564,1542,2265,548,706,222,12.2,61,21.2,19.8,Metro
Oct-2022,FY23,Pune,Maharashtra,Corporate Gifting,652,645116,986,982,263,204,58,8.9,20,38.0,5.2,Metro
Oct-2022,FY23,Pune,Maharashtra,Meesho,191,193149,1007,339,46,78,13,7.3,3,18.7,14.0,Metro
Oct-2022,FY23,Hyderabad,Telangana,Amazon,1247,1356508,1084,1582,429,460,97,7.8,29,29.9,9.9,Metro
Oct-2022,FY23,Hyderabad,Telangana,Flipkart,1380,1432644,1036,1991,273,749,168,12.2,76,23.6,11.3,Metro
Oct-2022,FY23,Hyderabad,Telangana,Ugaoo Website,815,779297,956,1048,217,384,84,10.4,43,34.3,19.8,Metro
Oct-2022,FY23,Hyderabad,Telangana,Blinkit,372,412225,1113,612,83,123,46,12.5,20,19.2,5.0,Metro
Oct-2022,FY23,Hyderabad,Telangana,Zepto,535,801114,1492,776,166,228,51,9.6,24,38.9,5.1,Metro
Oct-2022,FY23,Hyderabad,Telangana,Retail Store,782,994729,1272,1228,187,239,96,12.4,23,42.0,19.7,Metro
Oct-2022,FY23,Hyderabad,Telangana,Corporate Gifting,668,632288,949,1100,126,290,38,5.8,29,22.1,18.3,Metro
Oct-2022,FY23,Hyderabad,Telangana,Meesho,140,118505,851,222,45,70,8,5.9,3,33.9,14.5,Metro
Oct-2022,FY23,Chennai,Tamil Nadu,Amazon,1153,1003545,874,1439,447,386,125,10.9,66,33.6,7.0,Non-Metro
Oct-2022,FY23,Chennai,Tamil Nadu,Flipkart,739,744243,1011,914,134,351,44,6.0,38,22.2,18.4,Non-Metro
Oct-2022,FY23,Chennai,Tamil Nadu,Ugaoo Website,848,776489,917,1258,353,395,54,6.4,18,22.0,15.9,Non-Metro
Oct-2022,FY23,Chennai,Tamil Nadu,Blinkit,344,394023,1144,532,97,152,36,10.5,17,37.3,8.5,Non-Metro
Oct-2022,FY23,Chennai,Tamil Nadu,Zepto,269,237102,879,432,96,142,26,9.9,13,43.6,9.9,Non-Metro
Oct-2022,FY23,Chennai,Tamil Nadu,Retail Store,962,924242,965,1649,390,370,104,10.9,53,38.9,11.7,Non-Metro
Oct-2022,FY23,Chennai,Tamil Nadu,Corporate Gifting,424,610258,1446,503,87,132,35,8.3,19,44.2,16.0,Non-Metro
Oct-2022,FY23,Chennai,Tamil Nadu,Meesho,161,181604,1145,279,48,59,11,7.1,9,44.4,8.7,Non-Metro
Oct-2022,FY23,Kolkata,West Bengal,Amazon,832,1099104,1325,944,329,311,85,10.3,38,38.4,9.7,Non-Metro
Oct-2022,FY23,Kolkata,West Bengal,Flipkart,497,544317,1086,759,161,244,42,8.5,27,40.7,6.1,Non-Metro
Oct-2022,FY23,Kolkata,West Bengal,Ugaoo Website,569,509365,901,665,224,262,59,10.4,26,35.8,6.0,Non-Metro
Oct-2022,FY23,Kolkata,West Bengal,Blinkit,234,285863,1216,362,77,95,24,10.6,12,18.5,16.0,Non-Metro
Oct-2022,FY23,Kolkata,West Bengal,Zepto,189,247902,1337,262,67,92,12,6.7,6,28.7,10.8,Non-Metro
Oct-2022,FY23,Kolkata,West Bengal,Retail Store,533,570309,1068,660,174,276,29,5.6,11,26.5,9.3,Non-Metro
Oct-2022,FY23,Kolkata,West Bengal,Corporate Gifting,218,283959,1280,340,43,77,20,9.4,12,31.4,10.5,Non-Metro
Oct-2022,FY23,Kolkata,West Bengal,Meesho,87,101300,1179,101,27,38,6,7.3,3,32.0,18.0,Non-Metro
Oct-2022,FY23,Ahmedabad,Gujarat,Amazon,387,396256,1034,629,144,208,44,11.5,18,20.9,19.0,Non-Metro
Oct-2022,FY23,Ahmedabad,Gujarat,Flipkart,433,401706,917,555,163,185,32,7.4,10,39.7,5.0,Non-Metro
Oct-2022,FY23,Ahmedabad,Gujarat,Ugaoo Website,389,565760,1450,539,124,148,33,8.6,20,24.8,6.1,Non-Metro
Oct-2022,FY23,Ahmedabad,Gujarat,Blinkit,173,149239,886,252,45,79,14,8.1,3,22.7,17.6,Non-Metro
Oct-2022,FY23,Ahmedabad,Gujarat,Zepto,180,177792,981,256,56,66,17,9.9,7,45.0,6.2,Non-Metro
Oct-2022,FY23,Ahmedabad,Gujarat,Retail Store,425,383786,895,509,121,130,31,7.5,18,30.9,16.2,Non-Metro
Oct-2022,FY23,Ahmedabad,Gujarat,Corporate Gifting,159,229131,1460,253,61,87,8,5.6,3,27.1,13.9,Non-Metro
Oct-2022,FY23,Ahmedabad,Gujarat,Meesho,63,101390,1564,98,25,29,4,6.4,2,23.2,19.3,Non-Metro
Oct-2022,FY23,Jaipur,Rajasthan,Amazon,292,347597,1206,382,73,96,19,6.8,16,20.1,17.2,Non-Metro
Oct-2022,FY23,Jaipur,Rajasthan,Flipkart,309,378567,1237,429,114,96,28,9.2,16,35.7,14.4,Non-Metro
Oct-2022,FY23,Jaipur,Rajasthan,Ugaoo Website,168,255129,1519,289,31,71,11,6.7,5,34.2,17.7,Non-Metro
Oct-2022,FY23,Jaipur,Rajasthan,Blinkit,139,171217,1223,241,25,66,11,8.3,7,36.8,7.4,Non-Metro
Oct-2022,FY23,Jaipur,Rajasthan,Zepto,125,190964,1512,176,39,40,7,5.8,4,28.2,5.7,Non-Metro
Oct-2022,FY23,Jaipur,Rajasthan,Retail Store,326,278204,850,446,136,165,25,7.8,16,29.5,15.4,Non-Metro
Oct-2022,FY23,Jaipur,Rajasthan,Corporate Gifting,124,184939,1508,146,42,66,11,8.9,4,39.7,10.5,Non-Metro
Oct-2022,FY23,Jaipur,Rajasthan,Meesho,46,50956,1071,68,14,16,5,12.1,1,25.6,14.9,Non-Metro
Oct-2022,FY23,Gurgaon,Haryana,Amazon,370,492552,1331,612,73,191,47,12.9,21,42.5,6.8,Non-Metro
Oct-2022,FY23,Gurgaon,Haryana,Flipkart,298,415813,1394,346,78,109,25,8.4,10,20.0,6.7,Non-Metro
Oct-2022,FY23,Gurgaon,Haryana,Ugaoo Website,213,336931,1589,356,83,105,12,5.7,5,28.9,14.9,Non-Metro
Oct-2022,FY23,Gurgaon,Haryana,Blinkit,137,165766,1229,237,57,41,7,5.4,8,36.8,16.1,Non-Metro
Oct-2022,FY23,Gurgaon,Haryana,Zepto,110,139131,1256,175,44,49,11,10.5,5,36.5,11.3,Non-Metro
Oct-2022,FY23,Gurgaon,Haryana,Retail Store,338,338646,1001,600,114,154,21,6.3,11,31.3,10.8,Non-Metro
Oct-2022,FY23,Gurgaon,Haryana,Corporate Gifting,153,169150,1106,256,47,61,10,7.0,8,23.7,15.5,Non-Metro
Oct-2022,FY23,Gurgaon,Haryana,Meesho,37,35221,894,60,7,11,3,8.2,0,42.5,16.7,Non-Metro
Oct-2022,FY23,Noida,Uttar Pradesh,Amazon,154,143414,918,268,45,57,19,12.7,8,33.0,17.3,Non-Metro
Oct-2022,FY23,Noida,Uttar Pradesh,Flipkart,129,191209,1503,227,37,49,16,12.5,4,27.2,14.0,Non-Metro
Oct-2022,FY23,Noida,Uttar Pradesh,Ugaoo Website,144,191377,1328,253,57,75,14,10.1,8,31.2,14.0,Non-Metro
Oct-2022,FY23,Noida,Uttar Pradesh,Blinkit,64,103305,1539,83,12,30,8,12.5,3,37.8,10.9,Non-Metro
Oct-2022,FY23,Noida,Uttar Pradesh,Zepto,61,52643,905,105,12,21,7,12.9,2,28.4,14.6,Non-Metro
Oct-2022,FY23,Noida,Uttar Pradesh,Retail Store,140,182989,1331,168,32,68,9,6.7,5,21.1,6.5,Non-Metro
Oct-2022,FY23,Noida,Uttar Pradesh,Corporate Gifting,72,117832,1587,83,30,31,6,9.1,3,23.0,9.7,Non-Metro
Oct-2022,FY23,Noida,Uttar Pradesh,Meesho,21,20071,1153,30,4,10,1,9.3,0,32.6,17.6,Non-Metro
Oct-2022,FY23,Nashik,Maharashtra,Amazon,110,110207,1018,150,38,57,7,6.9,3,22.2,12.2,Non-Metro
Oct-2022,FY23,Nashik,Maharashtra,Flipkart,142,121454,855,220,29,57,9,6.8,3,35.8,11.7,Non-Metro
Oct-2022,FY23,Nashik,Maharashtra,Ugaoo Website,99,118135,1234,173,27,44,8,8.5,5,32.3,7.2,Non-Metro
Oct-2022,FY23,Nashik,Maharashtra,Blinkit,59,78900,1312,87,21,23,4,7.7,1,38.7,18.0,Non-Metro
Oct-2022,FY23,Nashik,Maharashtra,Zepto,27,30804,1220,47,7,9,1,5.2,0,37.5,8.9,Non-Metro
Oct-2022,FY23,Nashik,Maharashtra,Retail Store,142,186445,1290,160,58,71,7,5.6,8,31.1,12.2,Non-Metro
Oct-2022,FY23,Nashik,Maharashtra,Corporate Gifting,81,81389,996,126,16,32,8,10.2,2,32.0,16.6,Non-Metro
Oct-2022,FY23,Nashik,Maharashtra,Meesho,18,22812,1321,28,3,6,0,5.1,0,44.8,7.6,Non-Metro
Oct-2022,FY23,Bhopal,Madhya Pradesh,Amazon,164,161371,1005,215,47,61,13,8.4,6,24.3,19.4,Non-Metro
Oct-2022,FY23,Bhopal,Madhya Pradesh,Flipkart,119,181464,1551,181,43,36,9,8.0,6,29.3,6.6,Non-Metro
Oct-2022,FY23,Bhopal,Madhya Pradesh,Ugaoo Website,137,199985,1454,156,41,51,8,6.0,8,37.6,17.2,Non-Metro
Oct-2022,FY23,Bhopal,Madhya Pradesh,Blinkit,39,37661,882,46,14,14,2,6.6,1,18.2,10.2,Non-Metro
Oct-2022,FY23,Bhopal,Madhya Pradesh,Zepto,48,64784,1369,61,8,14,6,12.7,1,33.8,7.8,Non-Metro
Oct-2022,FY23,Bhopal,Madhya Pradesh,Retail Store,122,188512,1525,148,39,66,10,8.7,7,27.6,19.6,Non-Metro
Oct-2022,FY23,Bhopal,Madhya Pradesh,Corporate Gifting,71,75444,1000,110,22,33,3,5.5,3,30.8,12.9,Non-Metro
Oct-2022,FY23,Bhopal,Madhya Pradesh,Meesho,23,21864,994,36,6,8,1,6.8,1,38.5,18.0,Non-Metro
Oct-2022,FY23,Indore,Madhya Pradesh,Amazon,218,347696,1592,289,44,94,19,8.9,12,21.8,19.1,Non-Metro
Oct-2022,FY23,Indore,Madhya Pradesh,Flipkart,116,138165,1152,153,25,62,14,12.9,2,37.9,9.7,Non-Metro
Oct-2022,FY23,Indore,Madhya Pradesh,Ugaoo Website,135,120297,884,220,42,45,13,10.1,5,42.6,13.7,Non-Metro
Oct-2022,FY23,Indore,Madhya Pradesh,Blinkit,82,100479,1209,123,29,26,5,6.4,2,23.2,5.2,Non-Metro
Oct-2022,FY23,Indore,Madhya Pradesh,Zepto,62,53369,907,91,17,33,7,11.6,1,36.2,11.4,Non-Metro
Oct-2022,FY23,Indore,Madhya Pradesh,Retail Store,107,158813,1508,184,19,50,5,5.1,2,36.9,8.3,Non-Metro
Oct-2022,FY23,Indore,Madhya Pradesh,Corporate Gifting,56,71079,1356,86,16,26,2,5.1,2,31.6,5.2,Non-Metro
Oct-2022,FY23,Indore,Madhya Pradesh,Meesho,26,38241,1508,46,5,12,1,6.3,0,36.6,15.3,Non-Metro
Nov-2022,FY23,Bengaluru,Karnataka,Amazon,4810,7571588,1575,6737,1759,1630,283,5.9,252,21.7,11.1,Metro
Nov-2022,FY23,Bengaluru,Karnataka,Flipkart,4007,5303578,1324,6491,1252,1536,264,6.6,138,33.0,7.8,Metro
Nov-2022,FY23,Bengaluru,Karnataka,Ugaoo Website,2603,3445398,1322,4379,725,1320,184,7.1,66,44.7,6.3,Metro
Nov-2022,FY23,Bengaluru,Karnataka,Blinkit,2466,3216573,1304,4038,952,755,318,12.9,125,22.4,15.4,Metro
Nov-2022,FY23,Bengaluru,Karnataka,Zepto,1315,1941972,1476,2270,243,582,107,8.2,49,25.1,13.9,Metro
Nov-2022,FY23,Bengaluru,Karnataka,Retail Store,5714,7399509,1295,10210,1666,3060,394,6.9,324,40.2,9.7,Metro
Nov-2022,FY23,Bengaluru,Karnataka,Corporate Gifting,2548,2458080,965,3694,1000,1123,282,11.1,134,27.2,14.7,Metro
Nov-2022,FY23,Bengaluru,Karnataka,Meesho,774,988358,1273,1369,247,256,68,8.9,23,21.6,18.7,Metro
Nov-2022,FY23,Mumbai,Maharashtra,Amazon,4868,4271691,878,8232,1426,1664,452,9.3,216,23.1,11.8,Metro
Nov-2022,FY23,Mumbai,Maharashtra,Flipkart,3625,5053968,1394,4697,1034,1783,271,7.5,197,21.3,17.2,Metro
Nov-2022,FY23,Mumbai,Maharashtra,Ugaoo Website,3197,4599262,1440,5203,604,1265,332,10.4,134,39.5,6.6,Metro
Nov-2022,FY23,Mumbai,Maharashtra,Blinkit,1583,1553897,984,2020,506,844,132,8.4,55,19.1,8.3,Metro
Nov-2022,FY23,Mumbai,Maharashtra,Zepto,1544,2428799,1576,1921,578,466,118,7.7,39,39.3,5.1,Metro
Nov-2022,FY23,Mumbai,Maharashtra,Retail Store,4625,4198467,907,5976,1456,2110,448,9.7,156,30.3,14.7,Metro
Nov-2022,FY23,Mumbai,Maharashtra,Corporate Gifting,1596,1553081,974,2768,592,776,86,5.4,92,38.8,17.2,Metro
Nov-2022,FY23,Mumbai,Maharashtra,Meesho,536,801799,1489,770,206,262,53,10.0,29,28.6,14.8,Metro
Nov-2022,FY23,Delhi,Delhi,Amazon,1929,1683610,872,2443,449,612,185,9.6,77,38.8,12.4,Metro
Nov-2022,FY23,Delhi,Delhi,Flipkart,2559,3582527,1401,3244,1066,1407,163,6.4,119,36.0,16.7,Metro
Nov-2022,FY23,Delhi,Delhi,Ugaoo Website,2571,2690231,1046,3974,827,843,205,8.0,78,29.3,8.3,Metro
Nov-2022,FY23,Delhi,Delhi,Blinkit,818,1183787,1451,1024,312,259,66,8.1,17,33.7,6.5,Metro
Nov-2022,FY23,Delhi,Delhi,Zepto,1158,993340,856,1613,442,628,148,12.8,26,36.6,16.7,Metro
Nov-2022,FY23,Delhi,Delhi,Retail Store,1780,2304987,1293,2830,726,624,106,6.0,89,31.6,9.1,Metro
Nov-2022,FY23,Delhi,Delhi,Corporate Gifting,1470,2241317,1525,1707,387,593,73,5.0,58,19.9,11.3,Metro
Nov-2022,FY23,Delhi,Delhi,Meesho,438,546718,1252,736,110,205,51,11.7,20,18.6,10.6,Metro
Nov-2022,FY23,Pune,Maharashtra,Amazon,2354,3090424,1314,3753,831,947,122,5.2,58,29.2,10.6,Metro
Nov-2022,FY23,Pune,Maharashtra,Flipkart,2392,3455418,1444,3780,612,1036,179,7.5,141,20.4,10.0,Metro
Nov-2022,FY23,Pune,Maharashtra,Ugaoo Website,1025,1375673,1339,1776,380,331,106,10.4,31,33.3,16.4,Metro
Nov-2022,FY23,Pune,Maharashtra,Blinkit,651,839561,1289,716,165,334,83,12.8,22,19.6,17.3,Metro
Nov-2022,FY23,Pune,Maharashtra,Zepto,680,1058022,1555,975,251,315,72,10.6,21,19.8,19.1,Metro
Nov-2022,FY23,Pune,Maharashtra,Retail Store,1784,2724548,1526,3068,387,649,92,5.2,70,29.1,16.9,Metro
Nov-2022,FY23,Pune,Maharashtra,Corporate Gifting,947,861822,906,1231,274,360,52,5.5,48,34.1,11.3,Metro
Nov-2022,FY23,Pune,Maharashtra,Meesho,357,364302,1034,512,133,111,39,11.1,15,32.7,15.0,Metro
Nov-2022,FY23,Hyderabad,Telangana,Amazon,1750,2272424,1299,3016,318,829,211,12.1,103,35.6,8.2,Metro
Nov-2022,FY23,Hyderabad,Telangana,Flipkart,1341,1772770,1322,2303,252,647,67,5.0,62,22.3,14.0,Metro
Nov-2022,FY23,Hyderabad,Telangana,Ugaoo Website,999,1590471,1597,1644,229,305,85,8.6,31,38.0,15.4,Metro
Nov-2022,FY23,Hyderabad,Telangana,Blinkit,514,509388,993,774,193,184,64,12.5,23,38.9,9.5,Metro
Nov-2022,FY23,Hyderabad,Telangana,Zepto,403,426536,1055,658,86,184,30,7.5,13,20.8,15.4,Metro
Nov-2022,FY23,Hyderabad,Telangana,Retail Store,1061,1099725,1040,1433,368,326,110,10.4,21,44.7,7.2,Metro
Nov-2022,FY23,Hyderabad,Telangana,Corporate Gifting,724,696741,959,1124,301,308,81,11.2,42,26.6,5.9,Metro
Nov-2022,FY23,Hyderabad,Telangana,Meesho,270,372437,1370,298,59,127,16,6.2,8,26.1,17.0,Metro
Nov-2022,FY23,Chennai,Tamil Nadu,Amazon,1187,1819653,1530,1803,492,487,103,8.7,50,39.7,16.9,Non-Metro
Nov-2022,FY23,Chennai,Tamil Nadu,Flipkart,1025,1272747,1240,1822,302,521,119,11.7,52,37.6,14.5,Non-Metro
Nov-2022,FY23,Chennai,Tamil Nadu,Ugaoo Website,938,1297542,1388,1546,315,414,114,12.2,49,20.5,17.1,Non-Metro
Nov-2022,FY23,Chennai,Tamil Nadu,Blinkit,465,697083,1498,783,127,153,59,12.9,16,27.9,14.3,Non-Metro
Nov-2022,FY23,Chennai,Tamil Nadu,Zepto,298,274330,909,419,111,153,37,12.5,9,32.8,7.8,Non-Metro
Nov-2022,FY23,Chennai,Tamil Nadu,Retail Store,738,1030200,1402,862,272,297,81,11.1,38,36.2,15.2,Non-Metro
Nov-2022,FY23,Chennai,Tamil Nadu,Corporate Gifting,691,616891,889,1194,249,347,60,8.8,22,24.7,13.2,Non-Metro
Nov-2022,FY23,Chennai,Tamil Nadu,Meesho,157,157217,1013,262,30,60,10,6.8,3,24.7,8.3,Non-Metro
Nov-2022,FY23,Kolkata,West Bengal,Amazon,710,840502,1179,1140,252,213,90,12.8,29,28.6,8.8,Non-Metro
Nov-2022,FY23,Kolkata,West Bengal,Flipkart,630,851528,1354,945,199,214,74,11.8,16,35.4,6.4,Non-Metro
Nov-2022,FY23,Kolkata,West Bengal,Ugaoo Website,510,641965,1251,702,143,255,51,10.1,13,34.2,13.4,Non-Metro
Nov-2022,FY23,Kolkata,West Bengal,Blinkit,300,453306,1500,524,73,113,33,11.0,13,42.0,6.0,Non-Metro
Nov-2022,FY23,Kolkata,West Bengal,Zepto,244,207317,856,302,73,108,27,11.4,9,25.8,15.1,Non-Metro
Nov-2022,FY23,Kolkata,West Bengal,Retail Store,552,518733,947,774,143,282,61,11.2,14,25.3,7.6,Non-Metro
Nov-2022,FY23,Kolkata,West Bengal,Corporate Gifting,198,291247,1488,320,55,62,18,9.2,10,40.0,5.1,Non-Metro
Nov-2022,FY23,Kolkata,West Bengal,Meesho,140,122033,861,209,47,57,7,5.4,4,37.4,14.8,Non-Metro
Nov-2022,FY23,Ahmedabad,Gujarat,Amazon,793,910921,1148,984,258,277,57,7.2,17,35.4,13.3,Non-Metro
Nov-2022,FY23,Ahmedabad,Gujarat,Flipkart,431,602986,1408,632,99,168,45,10.6,12,31.8,15.7,Non-Metro
Nov-2022,FY23,Ahmedabad,Gujarat,Ugaoo Website,399,491618,1221,499,140,202,49,12.3,11,34.0,17.4,Non-Metro
Nov-2022,FY23,Ahmedabad,Gujarat,Blinkit,196,218888,1092,278,62,91,15,8.0,4,44.8,6.0,Non-Metro
Nov-2022,FY23,Ahmedabad,Gujarat,Zepto,100,137459,1350,142,22,31,10,10.4,4,40.4,12.3,Non-Metro
Nov-2022,FY23,Ahmedabad,Gujarat,Retail Store,584,750573,1292,870,112,247,58,10.1,12,26.4,15.7,Non-Metro
Nov-2022,FY23,Ahmedabad,Gujarat,Corporate Gifting,294,441979,1499,365,101,118,24,8.3,6,23.1,11.7,Non-Metro
Nov-2022,FY23,Ahmedabad,Gujarat,Meesho,76,120447,1568,86,17,36,8,10.7,3,21.1,9.2,Non-Metro
Nov-2022,FY23,Jaipur,Rajasthan,Amazon,503,670538,1343,575,90,275,58,11.6,29,22.7,9.6,Non-Metro
Nov-2022,FY23,Jaipur,Rajasthan,Flipkart,419,652830,1567,608,170,133,53,12.7,24,20.0,12.3,Non-Metro
Nov-2022,FY23,Jaipur,Rajasthan,Ugaoo Website,256,309229,1211,394,64,132,14,5.6,5,25.5,6.8,Non-Metro
Nov-2022,FY23,Jaipur,Rajasthan,Blinkit,172,264827,1564,237,46,82,11,6.7,7,26.3,17.1,Non-Metro
Nov-2022,FY23,Jaipur,Rajasthan,Zepto,154,231212,1532,220,49,47,18,11.9,8,20.0,19.6,Non-Metro
Nov-2022,FY23,Jaipur,Rajasthan,Retail Store,225,317116,1391,271,63,77,18,8.3,8,40.3,8.2,Non-Metro
Nov-2022,FY23,Jaipur,Rajasthan,Corporate Gifting,116,162189,1387,186,34,58,6,5.2,2,34.1,16.4,Non-Metro
Nov-2022,FY23,Jaipur,Rajasthan,Meesho,61,97002,1596,88,15,31,7,12.8,3,43.8,9.1,Non-Metro
Nov-2022,FY23,Gurgaon,Haryana,Amazon,401,618480,1538,457,73,208,51,12.9,18,23.3,12.4,Non-Metro
Nov-2022,FY23,Gurgaon,Haryana,Flipkart,311,477982,1521,484,113,104,35,11.3,17,27.7,14.6,Non-Metro
Nov-2022,FY23,Gurgaon,Haryana,Ugaoo Website,215,250800,1187,316,86,72,19,9.3,6,30.2,11.3,Non-Metro
Nov-2022,FY23,Gurgaon,Haryana,Blinkit,200,267548,1342,315,77,109,14,7.4,11,23.8,9.5,Non-Metro
Nov-2022,FY23,Gurgaon,Haryana,Zepto,117,132274,1147,129,41,43,6,5.4,3,36.3,11.9,Non-Metro
Nov-2022,FY23,Gurgaon,Haryana,Retail Store,356,473526,1331,444,111,150,42,11.9,14,35.3,16.3,Non-Metro
Nov-2022,FY23,Gurgaon,Haryana,Corporate Gifting,150,226529,1521,268,27,72,8,5.5,4,24.0,5.1,Non-Metro
Nov-2022,FY23,Gurgaon,Haryana,Meesho,67,84538,1320,78,24,32,4,7.3,3,29.8,9.2,Non-Metro
Nov-2022,FY23,Noida,Uttar Pradesh,Amazon,190,236352,1257,235,63,97,20,11.0,11,29.4,19.6,Non-Metro
Nov-2022,FY23,Noida,Uttar Pradesh,Flipkart,190,207615,1073,305,75,99,16,8.9,10,38.0,14.3,Non-Metro
Nov-2022,FY23,Noida,Uttar Pradesh,Ugaoo Website,143,144138,1042,158,46,55,14,10.4,4,35.7,15.9,Non-Metro
Nov-2022,FY23,Noida,Uttar Pradesh,Blinkit,69,108005,1546,106,27,36,7,10.6,2,26.7,17.1,Non-Metro
Nov-2022,FY23,Noida,Uttar Pradesh,Zepto,66,83617,1317,110,15,22,6,10.6,1,32.9,15.0,Non-Metro
Nov-2022,FY23,Noida,Uttar Pradesh,Retail Store,164,218849,1322,209,35,61,13,8.1,5,42.0,11.8,Non-Metro
Nov-2022,FY23,Noida,Uttar Pradesh,Corporate Gifting,91,87898,918,115,23,41,11,12.3,2,37.6,12.7,Non-Metro
Nov-2022,FY23,Noida,Uttar Pradesh,Meesho,29,44259,1494,39,11,9,2,9.8,1,31.0,15.7,Non-Metro
Nov-2022,FY23,Nashik,Maharashtra,Amazon,181,171234,939,323,68,61,16,9.3,9,34.5,8.5,Non-Metro
Nov-2022,FY23,Nashik,Maharashtra,Flipkart,127,166953,1284,155,36,58,11,9.4,2,30.8,6.4,Non-Metro
Nov-2022,FY23,Nashik,Maharashtra,Ugaoo Website,128,118651,908,174,29,68,13,10.7,3,32.3,14.2,Non-Metro
Nov-2022,FY23,Nashik,Maharashtra,Blinkit,52,65562,1273,58,20,22,2,5.7,1,44.3,13.2,Non-Metro
Nov-2022,FY23,Nashik,Maharashtra,Zepto,71,97641,1433,99,21,32,6,8.5,1,38.4,10.2,Non-Metro
Nov-2022,FY23,Nashik,Maharashtra,Retail Store,216,324579,1513,278,77,99,17,7.9,9,18.7,12.1,Non-Metro
Nov-2022,FY23,Nashik,Maharashtra,Corporate Gifting,66,88134,1301,115,12,29,7,11.0,3,43.0,19.6,Non-Metro
Nov-2022,FY23,Nashik,Maharashtra,Meesho,26,20770,941,31,5,9,1,7.5,1,34.0,5.7,Non-Metro
Nov-2022,FY23,Bhopal,Madhya Pradesh,Amazon,222,195369,882,348,63,99,15,7.0,7,25.7,15.6,Non-Metro
Nov-2022,FY23,Bhopal,Madhya Pradesh,Flipkart,137,202842,1490,217,54,74,8,6.4,7,40.1,7.9,Non-Metro
Nov-2022,FY23,Bhopal,Madhya Pradesh,Ugaoo Website,135,138012,1034,167,30,59,14,10.4,2,23.2,6.7,Non-Metro
Nov-2022,FY23,Bhopal,Madhya Pradesh,Blinkit,66,62727,934,95,27,24,3,5.8,3,35.0,17.1,Non-Metro
Nov-2022,FY23,Bhopal,Madhya Pradesh,Zepto,79,86490,1041,128,29,26,8,10.8,4,42.6,5.3,Non-Metro
Nov-2022,FY23,Bhopal,Madhya Pradesh,Retail Store,128,148795,1166,212,47,55,7,5.6,4,18.5,13.2,Non-Metro
Nov-2022,FY23,Bhopal,Madhya Pradesh,Corporate Gifting,58,83361,1373,81,23,17,4,8.4,1,31.6,11.3,Non-Metro
Nov-2022,FY23,Bhopal,Madhya Pradesh,Meesho,31,34793,1105,53,7,15,2,6.9,1,38.3,5.0,Non-Metro
Nov-2022,FY23,Indore,Madhya Pradesh,Amazon,145,218120,1497,226,46,64,16,11.2,6,40.4,10.1,Non-Metro
Nov-2022,FY23,Indore,Madhya Pradesh,Flipkart,125,164853,1305,164,24,46,9,7.2,4,39.8,13.6,Non-Metro
Nov-2022,FY23,Indore,Madhya Pradesh,Ugaoo Website,164,159032,985,204,50,83,14,9.1,3,21.4,17.1,Non-Metro
Nov-2022,FY23,Indore,Madhya Pradesh,Blinkit,93,128941,1393,119,27,31,8,9.0,3,39.4,14.2,Non-Metro
Nov-2022,FY23,Indore,Madhya Pradesh,Zepto,65,74514,1112,111,24,28,3,5.8,2,40.5,17.4,Non-Metro
Nov-2022,FY23,Indore,Madhya Pradesh,Retail Store,173,268129,1574,210,71,72,16,9.7,4,28.4,14.0,Non-Metro
Nov-2022,FY23,Indore,Madhya Pradesh,Corporate Gifting,90,133717,1524,110,21,38,6,7.5,4,31.6,14.2,Non-Metro
Nov-2022,FY23,Indore,Madhya Pradesh,Meesho,32,39683,1336,42,7,12,4,12.6,0,37.4,12.0,Non-Metro
Dec-2022,FY23,Bengaluru,Karnataka,Amazon,5004,5810440,1161,6512,1928,2635,540,10.8,298,28.6,11.7,Metro
Dec-2022,FY23,Bengaluru,Karnataka,Flipkart,3105,2944549,949,5228,869,1602,369,11.9,150,33.9,6.6,Metro
Dec-2022,FY23,Bengaluru,Karnataka,Ugaoo Website,3375,3537968,1047,4913,1309,1626,266,7.9,73,38.1,17.8,Metro
Dec-2022,FY23,Bengaluru,Karnataka,Blinkit,2147,3039539,1416,3422,653,783,130,6.1,96,33.1,10.8,Metro
Dec-2022,FY23,Bengaluru,Karnataka,Zepto,1332,1483364,1112,1836,313,527,95,7.2,37,18.6,5.7,Metro
Dec-2022,FY23,Bengaluru,Karnataka,Retail Store,3752,4084453,1088,6062,1387,1310,352,9.4,194,29.3,13.1,Metro
Dec-2022,FY23,Bengaluru,Karnataka,Corporate Gifting,1883,2969279,1578,2748,447,954,141,7.5,48,39.9,7.2,Metro
Dec-2022,FY23,Bengaluru,Karnataka,Meesho,847,933910,1107,1433,290,418,76,9.0,19,29.4,8.8,Metro
Dec-2022,FY23,Mumbai,Maharashtra,Amazon,3795,4223913,1112,4337,1401,1928,462,12.2,227,36.4,16.5,Metro
Dec-2022,FY23,Mumbai,Maharashtra,Flipkart,3238,3288898,1016,5028,950,998,378,11.7,181,30.3,9.7,Metro
Dec-2022,FY23,Mumbai,Maharashtra,Ugaoo Website,2376,3170770,1335,3927,922,904,237,10.0,69,20.6,16.1,Metro
Dec-2022,FY23,Mumbai,Maharashtra,Blinkit,1046,1560396,1493,1682,350,532,73,7.0,47,18.7,12.1,Metro
Dec-2022,FY23,Mumbai,Maharashtra,Zepto,1827,1660670,911,3003,504,791,96,5.3,106,32.0,11.2,Metro
Dec-2022,FY23,Mumbai,Maharashtra,Retail Store,3505,3656409,1044,5463,750,1201,452,12.9,130,37.8,14.1,Metro
Dec-2022,FY23,Mumbai,Maharashtra,Corporate Gifting,1253,1543926,1232,1867,525,518,156,12.5,55,44.1,11.0,Metro
Dec-2022,FY23,Mumbai,Maharashtra,Meesho,476,416898,874,534,89,229,26,5.5,24,32.3,6.6,Metro
Dec-2022,FY23,Delhi,Delhi,Amazon,3034,3667883,1209,4297,825,1281,333,11.0,111,30.4,19.3,Metro
Dec-2022,FY23,Delhi,Delhi,Flipkart,2023,3215040,1589,2249,782,750,127,6.3,74,26.0,9.5,Metro
Dec-2022,FY23,Delhi,Delhi,Ugaoo Website,1880,1879992,1000,2418,520,781,105,5.6,47,31.5,18.0,Metro
Dec-2022,FY23,Delhi,Delhi,Blinkit,814,897735,1100,1105,151,389,45,5.6,45,34.1,10.1,Metro
Dec-2022,FY23,Delhi,Delhi,Zepto,1081,1204900,1119,1200,243,571,92,8.6,26,22.4,9.5,Metro
Dec-2022,FY23,Delhi,Delhi,Retail Store,2245,3221136,1434,2578,887,875,150,6.7,127,20.4,19.2,Metro
Dec-2022,FY23,Delhi,Delhi,Corporate Gifting,1395,1196506,859,1747,478,704,132,9.5,31,22.8,19.7,Metro
Dec-2022,FY23,Delhi,Delhi,Meesho,375,546991,1458,515,100,182,36,9.8,14,27.1,10.8,Metro
Dec-2022,FY23,Pune,Maharashtra,Amazon,2178,2468478,1132,3397,568,921,263,12.1,47,20.0,15.8,Metro
Dec-2022,FY23,Pune,Maharashtra,Flipkart,1789,2862227,1598,3062,715,614,200,11.2,75,44.1,6.6,Metro
Dec-2022,FY23,Pune,Maharashtra,Ugaoo Website,2160,1976423,913,2586,875,778,222,10.3,43,30.3,12.6,Metro
Dec-2022,FY23,Pune,Maharashtra,Blinkit,934,963354,1027,1641,255,426,63,6.8,19,44.0,19.9,Metro
Dec-2022,FY23,Pune,Maharashtra,Zepto,781,1004453,1282,1103,189,274,91,11.7,42,24.9,9.2,Metro
Dec-2022,FY23,Pune,Maharashtra,Retail Store,1701,2403998,1415,1946,533,783,142,8.4,46,19.1,17.7,Metro
Dec-2022,FY23,Pune,Maharashtra,Corporate Gifting,972,1118835,1153,1434,316,436,105,10.9,36,40.4,13.5,Metro
Dec-2022,FY23,Pune,Maharashtra,Meesho,294,347316,1185,459,92,159,18,6.2,13,43.9,9.9,Metro
Dec-2022,FY23,Hyderabad,Telangana,Amazon,1359,1684554,1236,1601,461,549,152,11.2,42,25.6,6.9,Metro
Dec-2022,FY23,Hyderabad,Telangana,Flipkart,1258,1133259,897,1829,246,505,99,7.9,58,40.2,11.1,Metro
Dec-2022,FY23,Hyderabad,Telangana,Ugaoo Website,1173,1460754,1247,1779,221,548,106,9.1,62,33.8,11.4,Metro
Dec-2022,FY23,Hyderabad,Telangana,Blinkit,501,704506,1408,802,161,219,31,6.3,25,27.9,16.2,Metro
Dec-2022,FY23,Hyderabad,Telangana,Zepto,607,851938,1399,1072,203,193,49,8.1,27,20.8,10.8,Metro
Dec-2022,FY23,Hyderabad,Telangana,Retail Store,1118,999930,890,1864,241,601,69,6.2,63,27.0,19.1,Metro
Dec-2022,FY23,Hyderabad,Telangana,Corporate Gifting,625,756737,1210,794,179,343,40,6.5,31,36.3,16.9,Metro
Dec-2022,FY23,Hyderabad,Telangana,Meesho,223,215743,986,261,87,70,24,11.0,10,18.3,16.6,Metro
Dec-2022,FY23,Chennai,Tamil Nadu,Amazon,1063,1146974,1080,1651,287,400,96,9.1,57,25.4,19.4,Non-Metro
Dec-2022,FY23,Chennai,Tamil Nadu,Flipkart,1021,987547,969,1656,342,331,102,10.0,42,33.9,6.0,Non-Metro
Dec-2022,FY23,Chennai,Tamil Nadu,Ugaoo Website,579,578891,1006,724,137,240,45,7.8,30,42.9,5.1,Non-Metro
Dec-2022,FY23,Chennai,Tamil Nadu,Blinkit,457,508240,1114,507,91,171,34,7.6,27,43.6,19.0,Non-Metro
Dec-2022,FY23,Chennai,Tamil Nadu,Zepto,274,335020,1208,463,72,134,28,10.4,6,37.5,18.6,Non-Metro
Dec-2022,FY23,Chennai,Tamil Nadu,Retail Store,639,676579,1051,831,165,218,66,10.4,23,32.6,11.2,Non-Metro
Dec-2022,FY23,Chennai,Tamil Nadu,Corporate Gifting,519,499242,956,864,191,221,25,5.0,30,30.3,14.5,Non-Metro
Dec-2022,FY23,Chennai,Tamil Nadu,Meesho,163,179907,1100,208,66,56,11,7.0,5,27.5,10.7,Non-Metro
Dec-2022,FY23,Kolkata,West Bengal,Amazon,904,1265628,1405,1059,271,457,52,5.8,41,39.4,15.3,Non-Metro
Dec-2022,FY23,Kolkata,West Bengal,Flipkart,874,966260,1101,966,224,396,110,12.6,31,18.8,19.9,Non-Metro
Dec-2022,FY23,Kolkata,West Bengal,Ugaoo Website,745,736435,987,1007,186,228,96,13.0,23,28.6,9.1,Non-Metro
Dec-2022,FY23,Kolkata,West Bengal,Blinkit,257,356700,1403,327,77,86,23,9.2,6,41.2,11.6,Non-Metro
Dec-2022,FY23,Kolkata,West Bengal,Zepto,250,393073,1578,417,89,130,30,12.1,12,31.1,18.8,Non-Metro
Dec-2022,FY23,Kolkata,West Bengal,Retail Store,705,808483,1147,1159,284,263,85,12.1,33,28.9,16.5,Non-Metro
Dec-2022,FY23,Kolkata,West Bengal,Corporate Gifting,309,300163,987,401,91,108,26,8.6,12,39.1,6.5,Non-Metro
Dec-2022,FY23,Kolkata,West Bengal,Meesho,109,109000,979,130,33,41,13,12.3,4,30.1,10.0,Non-Metro
Dec-2022,FY23,Ahmedabad,Gujarat,Amazon,540,561415,1033,721,134,274,58,10.8,20,27.0,8.1,Non-Metro
Dec-2022,FY23,Ahmedabad,Gujarat,Flipkart,578,597847,1027,782,231,223,40,7.0,31,20.6,6.8,Non-Metro
Dec-2022,FY23,Ahmedabad,Gujarat,Ugaoo Website,350,309212,884,575,144,127,25,7.2,15,35.8,14.6,Non-Metro
Dec-2022,FY23,Ahmedabad,Gujarat,Blinkit,208,274125,1308,299,38,100,22,10.6,4,23.6,12.5,Non-Metro
Dec-2022,FY23,Ahmedabad,Gujarat,Zepto,239,345527,1465,356,96,117,23,9.8,10,18.3,11.8,Non-Metro
Dec-2022,FY23,Ahmedabad,Gujarat,Retail Store,506,530451,1040,780,185,239,51,10.1,10,27.0,8.8,Non-Metro
Dec-2022,FY23,Ahmedabad,Gujarat,Corporate Gifting,233,349553,1480,394,55,113,14,6.3,9,34.6,19.8,Non-Metro
Dec-2022,FY23,Ahmedabad,Gujarat,Meesho,84,101639,1154,121,29,42,5,6.3,1,41.9,7.7,Non-Metro
Dec-2022,FY23,Jaipur,Rajasthan,Amazon,537,600035,1116,903,122,204,43,8.1,30,35.4,6.9,Non-Metro
Dec-2022,FY23,Jaipur,Rajasthan,Flipkart,285,413121,1455,418,66,114,17,6.1,11,27.5,9.8,Non-Metro
Dec-2022,FY23,Jaipur,Rajasthan,Ugaoo Website,258,375032,1435,419,56,95,16,6.4,7,30.8,15.5,Non-Metro
Dec-2022,FY23,Jaipur,Rajasthan,Blinkit,164,187564,1161,248,57,75,18,11.2,6,40.4,17.9,Non-Metro
Dec-2022,FY23,Jaipur,Rajasthan,Zepto,102,156886,1584,112,24,42,6,6.1,3,20.5,11.7,Non-Metro
Dec-2022,FY23,Jaipur,Rajasthan,Retail Store,254,408144,1592,300,63,131,31,12.4,5,34.5,7.3,Non-Metro
Dec-2022,FY23,Jaipur,Rajasthan,Corporate Gifting,164,236659,1448,259,31,67,9,5.8,9,25.1,11.8,Non-Metro
Dec-2022,FY23,Jaipur,Rajasthan,Meesho,46,68907,1588,63,18,16,4,9.6,2,18.7,12.2,Non-Metro
Dec-2022,FY23,Gurgaon,Haryana,Amazon,385,373320,961,633,143,136,44,11.5,11,22.6,19.8,Non-Metro
Dec-2022,FY23,Gurgaon,Haryana,Flipkart,287,409293,1439,316,73,116,18,6.6,6,41.7,13.7,Non-Metro
Dec-2022,FY23,Gurgaon,Haryana,Ugaoo Website,348,519694,1482,457,137,164,37,10.7,18,39.6,5.3,Non-Metro
Dec-2022,FY23,Gurgaon,Haryana,Blinkit,135,197688,1432,205,48,48,15,11.6,6,41.8,18.4,Non-Metro
Dec-2022,FY23,Gurgaon,Haryana,Zepto,131,177152,1341,174,40,66,9,7.1,6,29.7,13.0,Non-Metro
Dec-2022,FY23,Gurgaon,Haryana,Retail Store,336,371076,1094,578,122,123,33,10.1,15,35.2,6.7,Non-Metro
Dec-2022,FY23,Gurgaon,Haryana,Corporate Gifting,174,207994,1180,198,49,59,17,10.1,4,40.1,19.3,Non-Metro
Dec-2022,FY23,Gurgaon,Haryana,Meesho,60,63771,1103,88,16,26,3,5.9,3,37.6,10.4,Non-Metro
Dec-2022,FY23,Noida,Uttar Pradesh,Amazon,180,269763,1485,271,37,85,20,11.3,5,40.4,17.1,Non-Metro
Dec-2022,FY23,Noida,Uttar Pradesh,Flipkart,115,147110,1262,137,28,47,13,11.4,4,22.7,11.3,Non-Metro
Dec-2022,FY23,Noida,Uttar Pradesh,Ugaoo Website,144,144345,1033,160,31,75,12,8.9,6,25.3,11.1,Non-Metro
Dec-2022,FY23,Noida,Uttar Pradesh,Blinkit,74,69093,933,103,27,32,7,9.5,1,21.0,5.7,Non-Metro
Dec-2022,FY23,Noida,Uttar Pradesh,Zepto,42,41593,1052,65,10,19,2,6.3,1,44.9,17.2,Non-Metro
Dec-2022,FY23,Noida,Uttar Pradesh,Retail Store,134,165614,1211,203,41,67,13,10.0,7,20.1,8.3,Non-Metro
Dec-2022,FY23,Noida,Uttar Pradesh,Corporate Gifting,65,85059,1347,116,19,31,6,10.7,3,21.3,13.0,Non-Metro
Dec-2022,FY23,Noida,Uttar Pradesh,Meesho,30,32176,1216,48,9,13,2,7.1,1,21.5,12.9,Non-Metro
Dec-2022,FY23,Nashik,Maharashtra,Amazon,184,176629,966,261,65,92,14,7.9,9,33.2,14.3,Non-Metro
Dec-2022,FY23,Nashik,Maharashtra,Flipkart,201,305048,1525,334,65,95,14,7.1,4,19.0,5.9,Non-Metro
Dec-2022,FY23,Nashik,Maharashtra,Ugaoo Website,100,143316,1421,157,18,54,12,12.3,4,33.0,6.8,Non-Metro
Dec-2022,FY23,Nashik,Maharashtra,Blinkit,79,108862,1412,92,23,32,7,9.4,1,42.9,10.1,Non-Metro
Dec-2022,FY23,Nashik,Maharashtra,Zepto,81,79423,1010,141,32,32,10,12.5,3,35.2,6.7,Non-Metro
Dec-2022,FY23,Nashik,Maharashtra,Retail Store,121,108042,890,144,47,55,15,12.7,2,18.6,15.2,Non-Metro
Dec-2022,FY23,Nashik,Maharashtra,Corporate Gifting,75,66022,899,107,24,28,8,11.2,3,40.9,15.8,Non-Metro
Dec-2022,FY23,Nashik,Maharashtra,Meesho,16,20499,1205,23,4,6,1,11.1,0,31.9,15.3,Non-Metro
Dec-2022,FY23,Bhopal,Madhya Pradesh,Amazon,188,186213,983,316,52,92,23,12.3,7,30.5,9.2,Non-Metro
Dec-2022,FY23,Bhopal,Madhya Pradesh,Flipkart,176,210770,1210,231,61,81,11,6.7,8,24.8,12.7,Non-Metro
Dec-2022,FY23,Bhopal,Madhya Pradesh,Ugaoo Website,174,269303,1548,201,63,86,22,12.9,9,23.1,9.0,Non-Metro
Dec-2022,FY23,Bhopal,Madhya Pradesh,Blinkit,61,69188,1180,90,15,30,5,9.1,3,22.3,5.4,Non-Metro
Dec-2022,FY23,Bhopal,Madhya Pradesh,Zepto,63,67767,1088,81,15,19,3,5.1,1,26.4,8.8,Non-Metro
Dec-2022,FY23,Bhopal,Madhya Pradesh,Retail Store,171,247275,1475,258,50,54,19,11.6,6,30.1,18.7,Non-Metro
Dec-2022,FY23,Bhopal,Madhya Pradesh,Corporate Gifting,63,71087,1097,95,21,21,7,11.8,1,42.1,8.4,Non-Metro
Dec-2022,FY23,Bhopal,Madhya Pradesh,Meesho,28,36591,1407,31,8,11,1,5.1,1,37.4,7.5,Non-Metro
Dec-2022,FY23,Indore,Madhya Pradesh,Amazon,160,150166,952,255,32,66,9,5.8,6,21.8,14.4,Non-Metro
Dec-2022,FY23,Indore,Madhya Pradesh,Flipkart,153,216742,1420,203,36,49,7,5.1,5,42.1,12.9,Non-Metro
Dec-2022,FY23,Indore,Madhya Pradesh,Ugaoo Website,89,105705,1189,153,36,37,7,8.2,2,22.8,17.2,Non-Metro
Dec-2022,FY23,Indore,Madhya Pradesh,Blinkit,73,109353,1564,99,25,36,9,12.7,3,39.7,17.2,Non-Metro
Dec-2022,FY23,Indore,Madhya Pradesh,Zepto,67,52629,860,101,18,22,8,12.5,3,31.9,11.4,Non-Metro
Dec-2022,FY23,Indore,Madhya Pradesh,Retail Store,158,187366,1188,182,60,60,10,6.7,7,26.7,14.3,Non-Metro
Dec-2022,FY23,Indore,Madhya Pradesh,Corporate Gifting,74,78926,1020,95,24,25,7,9.9,1,44.1,14.6,Non-Metro
Dec-2022,FY23,Indore,Madhya Pradesh,Meesho,23,36399,1521,27,8,8,1,5.9,0,24.3,5.9,Non-Metro
Jan-2023,FY23,Bengaluru,Karnataka,Amazon,4320,4712164,1090,6133,1132,1964,315,7.3,194,36.8,14.0,Metro
Jan-2023,FY23,Bengaluru,Karnataka,Flipkart,3743,5034436,1346,5607,1497,1665,202,5.4,169,24.0,15.9,Metro
Jan-2023,FY23,Bengaluru,Karnataka,Ugaoo Website,3334,2975493,893,4231,1271,1522,286,8.6,180,35.2,7.7,Metro
Jan-2023,FY23,Bengaluru,Karnataka,Blinkit,1776,2674427,1507,2922,733,597,177,10.0,54,40.1,8.7,Metro
Jan-2023,FY23,Bengaluru,Karnataka,Zepto,1118,1555545,1389,1559,356,442,118,10.6,34,38.2,18.7,Metro
Jan-2023,FY23,Bengaluru,Karnataka,Retail Store,4470,4762342,1066,7454,999,2430,268,6.0,91,35.5,16.6,Metro
Jan-2023,FY23,Bengaluru,Karnataka,Corporate Gifting,1897,2771333,1460,3288,494,1033,218,11.5,76,32.9,6.6,Metro
Jan-2023,FY23,Bengaluru,Karnataka,Meesho,600,934510,1564,1040,201,325,76,12.7,25,34.2,11.9,Metro
Jan-2023,FY23,Mumbai,Maharashtra,Amazon,3011,3873525,1287,4161,628,1333,289,9.6,61,18.6,11.5,Metro
Jan-2023,FY23,Mumbai,Maharashtra,Flipkart,2370,2902041,1223,3226,730,1259,199,8.4,127,18.5,6.0,Metro
Jan-2023,FY23,Mumbai,Maharashtra,Ugaoo Website,1944,2292084,1181,3299,748,608,141,7.3,41,32.3,18.1,Metro
Jan-2023,FY23,Mumbai,Maharashtra,Blinkit,1242,1429615,1151,2050,425,496,155,12.5,52,34.2,15.7,Metro
Jan-2023,FY23,Mumbai,Maharashtra,Zepto,648,698149,1084,791,225,335,35,5.5,19,21.3,15.9,Metro
Jan-2023,FY23,Mumbai,Maharashtra,Retail Store,2421,3405921,1405,4215,861,1033,278,11.5,87,30.7,10.6,Metro
Jan-2023,FY23,Mumbai,Maharashtra,Corporate Gifting,1761,1999661,1138,2769,414,907,112,6.4,92,18.5,14.5,Metro
Jan-2023,FY23,Mumbai,Maharashtra,Meesho,438,610998,1392,555,123,175,41,9.5,20,30.1,14.4,Metro
Jan-2023,FY23,Delhi,Delhi,Amazon,2077,2179232,1049,2365,702,706,245,11.8,70,19.2,19.7,Metro
Jan-2023,FY23,Delhi,Delhi,Flipkart,1586,2213007,1396,2295,464,733,126,8.0,55,20.0,19.5,Metro
Jan-2023,FY23,Delhi,Delhi,Ugaoo Website,1576,2077774,1316,2623,521,694,127,8.1,50,29.2,15.8,Metro
Jan-2023,FY23,Delhi,Delhi,Blinkit,1084,1200488,1105,1746,394,357,85,7.9,39,43.9,12.2,Metro
Jan-2023,FY23,Delhi,Delhi,Zepto,642,576823,902,854,165,346,66,10.4,34,33.6,5.4,Metro
Jan-2023,FY23,Delhi,Delhi,Retail Store,1805,2188591,1210,2578,721,930,231,12.8,63,21.8,8.6,Metro
Jan-2023,FY23,Delhi,Delhi,Corporate Gifting,917,1373799,1497,1206,240,401,52,5.7,22,27.5,18.5,Metro
Jan-2023,FY23,Delhi,Delhi,Meesho,330,302543,928,591,98,138,38,11.6,16,18.0,10.0,Metro
Jan-2023,FY23,Pune,Maharashtra,Amazon,1785,2839294,1591,1975,619,697,214,12.0,88,35.2,11.4,Metro
Jan-2023,FY23,Pune,Maharashtra,Flipkart,2026,2573525,1272,2454,635,858,127,6.3,79,19.5,18.0,Metro
Jan-2023,FY23,Pune,Maharashtra,Ugaoo Website,1038,1455957,1402,1603,296,446,82,7.9,33,40.7,15.5,Metro
Jan-2023,FY23,Pune,Maharashtra,Blinkit,736,1163087,1575,1150,269,391,66,9.1,28,43.9,12.6,Metro
Jan-2023,FY23,Pune,Maharashtra,Zepto,500,692084,1385,684,201,156,44,8.9,24,18.3,14.9,Metro
Jan-2023,FY23,Pune,Maharashtra,Retail Store,1149,1423045,1238,1525,214,386,62,5.4,44,34.6,15.8,Metro
Jan-2023,FY23,Pune,Maharashtra,Corporate Gifting,737,701000,947,966,289,389,74,10.1,21,24.5,10.4,Metro
Jan-2023,FY23,Pune,Maharashtra,Meesho,295,418902,1418,383,114,143,26,8.9,13,18.5,11.5,Metro
Jan-2023,FY23,Hyderabad,Telangana,Amazon,1149,1826337,1586,1364,295,438,86,7.5,50,31.4,12.8,Metro
Jan-2023,FY23,Hyderabad,Telangana,Flipkart,1318,1520315,1150,1757,409,552,170,12.9,32,44.8,14.1,Metro
Jan-2023,FY23,Hyderabad,Telangana,Ugaoo Website,729,632842,874,1159,267,296,78,10.7,42,24.6,6.8,Metro
Jan-2023,FY23,Hyderabad,Telangana,Blinkit,463,613511,1317,610,107,198,35,7.6,19,26.6,9.7,Metro
Jan-2023,FY23,Hyderabad,Telangana,Zepto,497,461416,919,888,197,223,29,6.0,27,28.7,11.5,Metro
Jan-2023,FY23,Hyderabad,Telangana,Retail Store,1357,1322161,977,1600,325,541,70,5.2,78,30.4,7.2,Metro
Jan-2023,FY23,Hyderabad,Telangana,Corporate Gifting,603,632934,1052,702,115,184,34,5.7,21,40.2,7.8,Metro
Jan-2023,FY23,Hyderabad,Telangana,Meesho,128,166739,1328,225,42,40,12,9.9,7,42.5,11.8,Metro
Jan-2023,FY23,Chennai,Tamil Nadu,Amazon,996,1445085,1450,1186,296,501,117,11.8,56,37.2,7.3,Non-Metro
Jan-2023,FY23,Chennai,Tamil Nadu,Flipkart,1142,1695807,1489,1256,309,488,73,6.4,67,30.5,15.2,Non-Metro
Jan-2023,FY23,Chennai,Tamil Nadu,Ugaoo Website,570,882057,1555,874,180,231,49,8.7,18,19.4,12.8,Non-Metro
Jan-2023,FY23,Chennai,Tamil Nadu,Blinkit,430,689866,1595,651,161,197,22,5.3,8,18.6,9.4,Non-Metro
Jan-2023,FY23,Chennai,Tamil Nadu,Zepto,191,269183,1391,243,38,74,17,9.4,11,38.4,8.9,Non-Metro
Jan-2023,FY23,Chennai,Tamil Nadu,Retail Store,955,1036317,1084,1293,221,338,105,11.0,44,22.9,16.6,Non-Metro
Jan-2023,FY23,Chennai,Tamil Nadu,Corporate Gifting,459,658441,1439,627,101,241,25,5.6,15,25.7,18.9,Non-Metro
Jan-2023,FY23,Chennai,Tamil Nadu,Meesho,152,216232,1441,224,41,75,11,7.4,8,36.4,13.1,Non-Metro
Jan-2023,FY23,Kolkata,West Bengal,Amazon,519,722879,1386,602,106,161,60,11.7,29,31.2,10.5,Non-Metro
Jan-2023,FY23,Kolkata,West Bengal,Flipkart,459,509819,1115,710,191,251,51,11.3,16,22.1,5.4,Non-Metro
Jan-2023,FY23,Kolkata,West Bengal,Ugaoo Website,365,357463,980,644,104,132,44,12.3,17,30.7,15.6,Non-Metro
Jan-2023,FY23,Kolkata,West Bengal,Blinkit,267,398809,1484,441,97,98,34,12.9,15,29.9,18.1,Non-Metro
Jan-2023,FY23,Kolkata,West Bengal,Zepto,244,379118,1561,355,47,129,23,9.7,7,31.8,8.6,Non-Metro
Jan-2023,FY23,Kolkata,West Bengal,Retail Store,715,781157,1095,1202,233,325,76,10.7,16,21.9,15.4,Non-Metro
Jan-2023,FY23,Kolkata,West Bengal,Corporate Gifting,210,311201,1486,318,63,110,13,6.2,12,32.3,15.2,Non-Metro
Jan-2023,FY23,Kolkata,West Bengal,Meesho,87,87289,1027,113,23,27,11,12.8,3,18.9,12.9,Non-Metro
Jan-2023,FY23,Ahmedabad,Gujarat,Amazon,474,535092,1120,784,165,190,26,5.5,27,32.5,15.9,Non-Metro
Jan-2023,FY23,Ahmedabad,Gujarat,Flipkart,438,669964,1540,613,119,172,49,11.4,24,44.3,13.9,Non-Metro
Jan-2023,FY23,Ahmedabad,Gujarat,Ugaoo Website,336,442509,1322,386,112,155,42,12.7,9,44.0,8.7,Non-Metro
Jan-2023,FY23,Ahmedabad,Gujarat,Blinkit,136,190149,1392,228,48,69,17,12.7,7,35.9,8.4,Non-Metro
Jan-2023,FY23,Ahmedabad,Gujarat,Zepto,173,186083,1050,300,63,52,16,9.5,7,22.0,14.1,Non-Metro
Jan-2023,FY23,Ahmedabad,Gujarat,Retail Store,510,789030,1544,628,203,241,64,12.7,16,38.3,8.1,Non-Metro
Jan-2023,FY23,Ahmedabad,Gujarat,Corporate Gifting,185,262537,1420,326,55,97,22,12.0,9,28.4,18.4,Non-Metro
Jan-2023,FY23,Ahmedabad,Gujarat,Meesho,48,74272,1515,73,11,22,4,10.0,1,39.6,10.7,Non-Metro
Jan-2023,FY23,Jaipur,Rajasthan,Amazon,376,548543,1454,467,156,113,34,9.2,15,31.7,18.3,Non-Metro
Jan-2023,FY23,Jaipur,Rajasthan,Flipkart,326,352587,1089,398,62,132,19,5.9,13,25.0,7.7,Non-Metro
Jan-2023,FY23,Jaipur,Rajasthan,Ugaoo Website,247,383395,1534,286,74,97,22,9.0,6,28.3,16.2,Non-Metro
Jan-2023,FY23,Jaipur,Rajasthan,Blinkit,138,131613,969,191,46,45,14,10.7,5,40.6,18.4,Non-Metro
Jan-2023,FY23,Jaipur,Rajasthan,Zepto,126,177026,1413,223,27,49,10,8.1,3,23.5,5.6,Non-Metro
Jan-2023,FY23,Jaipur,Rajasthan,Retail Store,232,227615,969,268,79,97,24,10.7,7,32.1,8.5,Non-Metro
Jan-2023,FY23,Jaipur,Rajasthan,Corporate Gifting,129,122267,944,227,25,45,9,7.7,4,19.4,10.9,Non-Metro
Jan-2023,FY23,Jaipur,Rajasthan,Meesho,44,49180,1068,68,14,17,4,9.1,2,36.7,16.4,Non-Metro
Jan-2023,FY23,Gurgaon,Haryana,Amazon,306,296633,973,429,113,98,24,8.0,16,36.9,13.3,Non-Metro
Jan-2023,FY23,Gurgaon,Haryana,Flipkart,226,241563,1073,274,71,101,12,5.4,9,43.1,19.5,Non-Metro
Jan-2023,FY23,Gurgaon,Haryana,Ugaoo Website,233,362738,1551,362,72,100,29,12.6,13,28.1,14.1,Non-Metro
Jan-2023,FY23,Gurgaon,Haryana,Blinkit,124,141514,1159,156,51,66,6,5.1,3,41.4,18.7,Non-Metro
Jan-2023,FY23,Gurgaon,Haryana,Zepto,127,127061,975,157,45,56,16,12.7,4,37.8,19.1,Non-Metro
Jan-2023,FY23,Gurgaon,Haryana,Retail Store,298,341957,1136,524,104,128,19,6.4,11,42.5,7.5,Non-Metro
Jan-2023,FY23,Gurgaon,Haryana,Corporate Gifting,96,82214,856,156,25,42,7,7.6,5,34.6,16.7,Non-Metro
Jan-2023,FY23,Gurgaon,Haryana,Meesho,49,76575,1534,88,11,16,2,5.7,2,21.0,9.9,Non-Metro
Jan-2023,FY23,Noida,Uttar Pradesh,Amazon,123,111528,894,197,34,42,13,10.8,2,28.8,19.8,Non-Metro
Jan-2023,FY23,Noida,Uttar Pradesh,Flipkart,155,212607,1402,214,39,78,15,9.9,7,25.8,5.4,Non-Metro
Jan-2023,FY23,Noida,Uttar Pradesh,Ugaoo Website,71,81909,1168,118,15,25,6,9.0,2,25.0,13.3,Non-Metro
Jan-2023,FY23,Noida,Uttar Pradesh,Blinkit,72,113312,1509,101,18,24,7,11.0,3,25.0,8.6,Non-Metro
Jan-2023,FY23,Noida,Uttar Pradesh,Zepto,53,53387,979,74,12,27,3,6.6,3,32.5,7.6,Non-Metro
Jan-2023,FY23,Noida,Uttar Pradesh,Retail Store,203,318116,1576,239,37,94,14,7.0,9,38.1,16.5,Non-Metro
Jan-2023,FY23,Noida,Uttar Pradesh,Corporate Gifting,75,75423,1044,125,14,36,4,5.7,2,39.3,5.1,Non-Metro
Jan-2023,FY23,Noida,Uttar Pradesh,Meesho,25,32507,1352,39,6,12,1,5.7,1,30.0,9.6,Non-Metro
Jan-2023,FY23,Nashik,Maharashtra,Amazon,172,177119,1043,222,68,69,9,5.4,6,22.0,18.4,Non-Metro
Jan-2023,FY23,Nashik,Maharashtra,Flipkart,129,189103,1442,144,48,42,12,9.5,3,31.4,7.5,Non-Metro
Jan-2023,FY23,Nashik,Maharashtra,Ugaoo Website,115,178516,1590,183,48,62,11,10.2,4,22.6,11.6,Non-Metro
Jan-2023,FY23,Nashik,Maharashtra,Blinkit,55,65930,1229,76,12,25,5,10.2,3,28.6,6.4,Non-Metro
Jan-2023,FY23,Nashik,Maharashtra,Zepto,49,67301,1347,56,10,21,5,10.5,1,33.3,17.6,Non-Metro
Jan-2023,FY23,Nashik,Maharashtra,Retail Store,120,123767,1043,167,22,62,13,11.6,6,35.8,13.8,Non-Metro
Jan-2023,FY23,Nashik,Maharashtra,Corporate Gifting,63,83132,1343,105,22,26,7,11.2,3,37.4,5.2,Non-Metro
Jan-2023,FY23,Nashik,Maharashtra,Meesho,28,23506,893,36,11,13,2,8.8,1,34.0,14.9,Non-Metro
Jan-2023,FY23,Bhopal,Madhya Pradesh,Amazon,138,161084,1180,172,49,70,11,8.5,7,42.5,11.5,Non-Metro
Jan-2023,FY23,Bhopal,Madhya Pradesh,Flipkart,150,240209,1592,219,39,60,8,5.6,4,24.5,11.2,Non-Metro
Jan-2023,FY23,Bhopal,Madhya Pradesh,Ugaoo Website,53,65436,1143,87,15,23,6,12.4,1,35.9,11.8,Non-Metro
Jan-2023,FY23,Bhopal,Madhya Pradesh,Blinkit,55,48632,956,67,18,20,3,6.9,2,41.3,9.4,Non-Metro
Jan-2023,FY23,Bhopal,Madhya Pradesh,Zepto,69,88619,1304,106,20,33,8,12.1,3,44.7,13.4,Non-Metro
Jan-2023,FY23,Bhopal,Madhya Pradesh,Retail Store,154,199857,1311,215,52,57,10,6.8,3,35.0,7.5,Non-Metro
Jan-2023,FY23,Bhopal,Madhya Pradesh,Corporate Gifting,51,73380,1361,62,9,16,3,7.3,1,29.3,12.0,Non-Metro
Jan-2023,FY23,Bhopal,Madhya Pradesh,Meesho,19,17999,933,30,5,6,1,6.8,0,24.3,19.2,Non-Metro
Jan-2023,FY23,Indore,Madhya Pradesh,Amazon,187,221913,1207,242,63,57,20,11.0,10,36.8,14.8,Non-Metro
Jan-2023,FY23,Indore,Madhya Pradesh,Flipkart,119,155064,1342,142,28,44,9,7.9,6,40.8,17.8,Non-Metro
Jan-2023,FY23,Indore,Madhya Pradesh,Ugaoo Website,92,94380,1039,139,23,48,6,7.2,1,34.1,14.5,Non-Metro
Jan-2023,FY23,Indore,Madhya Pradesh,Blinkit,55,81576,1564,81,13,25,5,10.8,3,41.6,14.0,Non-Metro
Jan-2023,FY23,Indore,Madhya Pradesh,Zepto,57,84949,1441,102,17,22,6,11.3,3,36.0,13.0,Non-Metro
Jan-2023,FY23,Indore,Madhya Pradesh,Retail Store,162,140412,850,183,46,73,14,9.1,5,38.7,9.5,Non-Metro
Jan-2023,FY23,Indore,Madhya Pradesh,Corporate Gifting,56,80713,1407,79,15,27,3,6.9,1,20.9,11.5,Non-Metro
Jan-2023,FY23,Indore,Madhya Pradesh,Meesho,21,26894,1122,36,6,6,2,11.4,1,40.5,17.9,Non-Metro
Feb-2023,FY23,Bengaluru,Karnataka,Amazon,4106,4632122,1129,5855,1136,1248,406,9.9,190,44.0,15.6,Metro
Feb-2023,FY23,Bengaluru,Karnataka,Flipkart,3644,4110207,1128,4550,1332,1753,375,10.3,174,30.6,15.2,Metro
Feb-2023,FY23,Bengaluru,Karnataka,Ugaoo Website,2017,2888680,1432,2465,689,972,209,10.4,66,22.4,5.7,Metro
Feb-2023,FY23,Bengaluru,Karnataka,Blinkit,1046,1369214,1308,1559,405,530,131,12.6,24,36.3,13.0,Metro
Feb-2023,FY23,Bengaluru,Karnataka,Zepto,1163,1227317,1056,1854,370,397,76,6.6,45,42.5,5.5,Metro
Feb-2023,FY23,Bengaluru,Karnataka,Retail Store,2970,4187411,1410,4345,1129,935,193,6.5,168,44.6,9.6,Metro
Feb-2023,FY23,Bengaluru,Karnataka,Corporate Gifting,2031,3110023,1530,3461,793,1014,213,10.5,85,31.4,11.0,Metro
Feb-2023,FY23,Bengaluru,Karnataka,Meesho,605,715975,1186,890,213,208,68,11.3,18,20.9,14.2,Metro
Feb-2023,FY23,Mumbai,Maharashtra,Amazon,2425,3274014,1352,3119,944,749,206,8.5,82,21.3,14.8,Metro
Feb-2023,FY23,Mumbai,Maharashtra,Flipkart,2268,3055839,1348,4018,877,817,217,9.6,83,27.0,9.3,Metro
Feb-2023,FY23,Mumbai,Maharashtra,Ugaoo Website,1833,2358382,1286,2389,479,758,126,6.9,71,25.5,12.9,Metro
Feb-2023,FY23,Mumbai,Maharashtra,Blinkit,898,1120968,1244,1030,254,458,103,11.5,25,31.1,17.6,Metro
Feb-2023,FY23,Mumbai,Maharashtra,Zepto,945,1443186,1525,1102,228,321,109,11.6,49,22.1,18.1,Metro
Feb-2023,FY23,Mumbai,Maharashtra,Retail Store,2970,2739703,923,3526,808,1478,234,7.9,115,19.9,12.0,Metro
Feb-2023,FY23,Mumbai,Maharashtra,Corporate Gifting,1117,1396282,1249,1967,285,340,130,11.7,24,27.2,18.4,Metro
Feb-2023,FY23,Mumbai,Maharashtra,Meesho,311,329106,1052,425,108,121,19,6.3,6,25.5,14.0,Metro
Feb-2023,FY23,Delhi,Delhi,Amazon,1628,2341964,1436,2231,508,684,206,12.7,97,41.1,7.6,Metro
Feb-2023,FY23,Delhi,Delhi,Flipkart,1206,1320841,1095,2051,249,633,68,5.7,62,37.4,18.2,Metro
Feb-2023,FY23,Delhi,Delhi,Ugaoo Website,1652,2360530,1430,2085,414,849,213,12.9,97,31.6,10.0,Metro
Feb-2023,FY23,Delhi,Delhi,Blinkit,763,1216815,1598,840,245,393,83,10.9,15,32.8,7.7,Metro
Feb-2023,FY23,Delhi,Delhi,Zepto,715,905158,1266,1047,151,362,75,10.6,34,18.0,7.7,Metro
Feb-2023,FY23,Delhi,Delhi,Retail Store,1528,1321027,863,1900,285,508,160,10.5,35,18.3,14.4,Metro
Feb-2023,FY23,Delhi,Delhi,Corporate Gifting,777,859401,1111,1167,312,253,67,8.7,22,27.6,8.4,Metro
Feb-2023,FY23,Delhi,Delhi,Meesho,223,308215,1388,303,85,76,22,10.1,9,31.6,7.1,Metro
Feb-2023,FY23,Pune,Maharashtra,Amazon,1254,1284528,1024,1682,491,495,79,6.3,63,28.6,5.7,Metro
Feb-2023,FY23,Pune,Maharashtra,Flipkart,1801,1723885,955,2226,442,872,212,11.8,54,18.7,12.3,Metro
Feb-2023,FY23,Pune,Maharashtra,Ugaoo Website,1357,1580739,1168,2355,479,616,173,12.8,66,38.7,6.7,Metro
Feb-2023,FY23,Pune,Maharashtra,Blinkit,713,905499,1264,980,236,352,82,11.6,38,42.6,6.6,Metro
Feb-2023,FY23,Pune,Maharashtra,Zepto,521,699703,1343,842,144,225,57,11.0,25,28.4,6.6,Metro
Feb-2023,FY23,Pune,Maharashtra,Retail Store,1203,1797739,1492,1646,268,382,79,6.6,61,19.3,12.2,Metro
Feb-2023,FY23,Pune,Maharashtra,Corporate Gifting,714,1022382,1427,867,182,229,57,8.1,18,32.0,11.0,Metro
Feb-2023,FY23,Pune,Maharashtra,Meesho,156,206025,1297,232,43,59,17,11.0,6,28.4,13.1,Metro
Feb-2023,FY23,Hyderabad,Telangana,Amazon,1450,1323061,912,1702,600,601,97,6.7,51,42.8,8.1,Metro
Feb-2023,FY23,Hyderabad,Telangana,Flipkart,776,819513,1060,1226,262,335,91,11.8,20,30.8,11.1,Metro
Feb-2023,FY23,Hyderabad,Telangana,Ugaoo Website,762,1149984,1508,1212,214,341,39,5.2,21,19.9,5.2,Metro
Feb-2023,FY23,Hyderabad,Telangana,Blinkit,308,358048,1172,377,96,135,19,6.2,12,42.1,8.9,Metro
Feb-2023,FY23,Hyderabad,Telangana,Zepto,441,682681,1538,559,133,145,44,10.2,22,38.4,7.5,Metro
Feb-2023,FY23,Hyderabad,Telangana,Retail Store,962,1183523,1227,1533,359,332,85,8.9,51,33.9,10.6,Metro
Feb-2023,FY23,Hyderabad,Telangana,Corporate Gifting,508,644609,1276,784,121,257,50,9.9,14,43.0,16.0,Metro
Feb-2023,FY23,Hyderabad,Telangana,Meesho,145,182599,1245,192,28,76,10,7.4,8,19.9,10.8,Metro
Feb-2023,FY23,Chennai,Tamil Nadu,Amazon,1028,963318,935,1601,209,522,76,7.4,29,20.6,8.2,Non-Metro
Feb-2023,FY23,Chennai,Tamil Nadu,Flipkart,527,475885,896,607,215,199,42,8.0,10,31.9,19.9,Non-Metro
Feb-2023,FY23,Chennai,Tamil Nadu,Ugaoo Website,534,582129,1094,911,164,240,38,7.3,22,29.3,12.3,Non-Metro
Feb-2023,FY23,Chennai,Tamil Nadu,Blinkit,299,312718,1039,530,98,116,30,10.3,13,23.5,18.3,Non-Metro
Feb-2023,FY23,Chennai,Tamil Nadu,Zepto,264,275546,1038,293,61,113,17,6.6,11,22.5,10.6,Non-Metro
Feb-2023,FY23,Chennai,Tamil Nadu,Retail Store,609,634792,1048,711,223,240,73,12.1,26,33.6,10.2,Non-Metro
Feb-2023,FY23,Chennai,Tamil Nadu,Corporate Gifting,311,299731,957,417,102,161,29,9.4,16,44.5,14.1,Non-Metro
Feb-2023,FY23,Chennai,Tamil Nadu,Meesho,77,118867,1557,106,26,25,8,11.4,4,29.2,9.4,Non-Metro
Feb-2023,FY23,Kolkata,West Bengal,Amazon,733,997427,1362,1240,249,291,36,5.0,18,34.6,11.1,Non-Metro
Feb-2023,FY23,Kolkata,West Bengal,Flipkart,605,962469,1586,732,237,184,65,10.9,12,44.0,10.5,Non-Metro
Feb-2023,FY23,Kolkata,West Bengal,Ugaoo Website,430,416607,974,553,179,227,24,5.6,18,44.8,7.4,Non-Metro
Feb-2023,FY23,Kolkata,West Bengal,Blinkit,250,311093,1246,426,53,83,15,6.3,5,20.9,16.9,Non-Metro
Feb-2023,FY23,Kolkata,West Bengal,Zepto,153,186649,1235,250,48,51,12,7.9,8,20.2,18.8,Non-Metro
Feb-2023,FY23,Kolkata,West Bengal,Retail Store,589,759797,1292,881,189,195,45,7.7,34,30.6,7.6,Non-Metro
Feb-2023,FY23,Kolkata,West Bengal,Corporate Gifting,245,281219,1138,439,94,94,14,6.0,10,36.1,14.9,Non-Metro
Feb-2023,FY23,Kolkata,West Bengal,Meesho,85,136250,1596,122,26,31,6,7.4,2,25.1,15.6,Non-Metro
Feb-2023,FY23,Ahmedabad,Gujarat,Amazon,502,747086,1492,584,187,218,40,8.0,13,43.5,11.2,Non-Metro
Feb-2023,FY23,Ahmedabad,Gujarat,Flipkart,419,401435,968,534,107,127,24,5.9,9,23.6,17.9,Non-Metro
Feb-2023,FY23,Ahmedabad,Gujarat,Ugaoo Website,245,387194,1579,412,90,100,24,9.9,11,19.9,8.2,Non-Metro
Feb-2023,FY23,Ahmedabad,Gujarat,Blinkit,83,71836,920,92,20,36,6,7.6,3,36.6,7.5,Non-Metro
Feb-2023,FY23,Ahmedabad,Gujarat,Zepto,133,182022,1399,167,43,52,11,8.3,6,32.7,18.1,Non-Metro
Feb-2023,FY23,Ahmedabad,Gujarat,Retail Store,347,427457,1241,470,107,108,30,8.9,18,35.1,10.4,Non-Metro
Feb-2023,FY23,Ahmedabad,Gujarat,Corporate Gifting,213,299947,1416,255,86,102,19,9.2,8,33.4,9.2,Non-Metro
Feb-2023,FY23,Ahmedabad,Gujarat,Meesho,54,74572,1381,88,21,27,6,12.8,1,33.5,16.2,Non-Metro
Feb-2023,FY23,Jaipur,Rajasthan,Amazon,330,452760,1358,368,116,134,40,12.4,7,33.2,15.2,Non-Metro
Feb-2023,FY23,Jaipur,Rajasthan,Flipkart,212,219558,1025,267,86,78,20,9.8,5,20.4,13.7,Non-Metro
Feb-2023,FY23,Jaipur,Rajasthan,Ugaoo Website,181,256533,1394,211,58,80,17,9.6,4,24.8,13.7,Non-Metro
Feb-2023,FY23,Jaipur,Rajasthan,Blinkit,127,119891,959,194,27,53,10,8.5,7,29.6,9.6,Non-Metro
Feb-2023,FY23,Jaipur,Rajasthan,Zepto,98,117144,1175,140,37,48,6,6.2,2,26.4,9.4,Non-Metro
Feb-2023,FY23,Jaipur,Rajasthan,Retail Store,237,338609,1420,374,50,116,13,5.9,5,38.4,15.3,Non-Metro
Feb-2023,FY23,Jaipur,Rajasthan,Corporate Gifting,90,80338,948,109,31,31,10,11.6,2,23.8,6.6,Non-Metro
Feb-2023,FY23,Jaipur,Rajasthan,Meesho,50,75580,1433,60,13,18,3,7.2,1,20.8,19.5,Non-Metro
Feb-2023,FY23,Gurgaon,Haryana,Amazon,320,421090,1308,514,88,163,26,8.2,8,32.0,7.7,Non-Metro
Feb-2023,FY23,Gurgaon,Haryana,Flipkart,254,402699,1587,361,88,120,17,6.7,8,29.4,12.0,Non-Metro
Feb-2023,FY23,Gurgaon,Haryana,Ugaoo Website,202,215387,1044,297,68,98,21,10.8,4,24.0,15.9,Non-Metro
Feb-2023,FY23,Gurgaon,Haryana,Blinkit,94,94431,1045,127,31,49,10,10.7,2,34.4,8.6,Non-Metro
Feb-2023,FY23,Gurgaon,Haryana,Zepto,103,101407,962,179,42,50,8,8.5,4,24.5,5.9,Non-Metro
Feb-2023,FY23,Gurgaon,Haryana,Retail Store,192,233671,1200,266,47,67,16,8.8,7,31.5,14.3,Non-Metro
Feb-2023,FY23,Gurgaon,Haryana,Corporate Gifting,118,145430,1238,181,38,43,13,11.5,2,34.3,8.8,Non-Metro
Feb-2023,FY23,Gurgaon,Haryana,Meesho,45,57370,1293,77,9,18,3,7.7,2,18.5,17.3,Non-Metro
Feb-2023,FY23,Noida,Uttar Pradesh,Amazon,142,225911,1559,232,32,55,10,7.3,7,22.2,19.9,Non-Metro
Feb-2023,FY23,Noida,Uttar Pradesh,Flipkart,131,142255,1116,194,31,70,7,6.0,5,32.6,14.9,Non-Metro
Feb-2023,FY23,Noida,Uttar Pradesh,Ugaoo Website,84,86226,1054,126,34,34,5,7.1,2,25.5,12.5,Non-Metro
Feb-2023,FY23,Noida,Uttar Pradesh,Blinkit,41,55876,1467,69,16,15,3,9.1,2,38.5,18.5,Non-Metro
Feb-2023,FY23,Noida,Uttar Pradesh,Zepto,48,48947,1065,77,20,22,2,5.4,2,37.9,7.6,Non-Metro
Feb-2023,FY23,Noida,Uttar Pradesh,Retail Store,152,141465,928,192,32,69,18,12.1,4,38.2,7.8,Non-Metro
Feb-2023,FY23,Noida,Uttar Pradesh,Corporate Gifting,59,63825,1158,85,22,26,5,8.6,2,22.5,10.0,Non-Metro
Feb-2023,FY23,Noida,Uttar Pradesh,Meesho,22,33017,1326,30,7,10,2,12.3,0,22.5,16.3,Non-Metro
Feb-2023,FY23,Nashik,Maharashtra,Amazon,158,166703,1052,192,38,67,12,7.7,5,30.4,9.7,Non-Metro
Feb-2023,FY23,Nashik,Maharashtra,Flipkart,105,152656,1468,131,21,49,10,9.7,2,36.8,15.1,Non-Metro
Feb-2023,FY23,Nashik,Maharashtra,Ugaoo Website,123,106294,872,181,25,64,11,9.5,2,26.5,10.8,Non-Metro
Feb-2023,FY23,Nashik,Maharashtra,Blinkit,49,68136,1420,59,11,23,5,11.0,1,37.3,15.6,Non-Metro
Feb-2023,FY23,Nashik,Maharashtra,Zepto,29,28233,905,32,11,10,1,5.8,1,19.3,19.9,Non-Metro
Feb-2023,FY23,Nashik,Maharashtra,Retail Store,89,111540,1269,153,34,36,7,7.9,2,43.8,6.1,Non-Metro
Feb-2023,FY23,Nashik,Maharashtra,Corporate Gifting,54,53387,951,77,20,19,6,11.4,1,43.1,19.4,Non-Metro
Feb-2023,FY23,Nashik,Maharashtra,Meesho,23,23603,1101,37,7,12,1,6.2,0,35.3,6.3,Non-Metro
Feb-2023,FY23,Bhopal,Madhya Pradesh,Amazon,182,167321,892,297,36,67,11,6.5,5,38.8,8.7,Non-Metro
Feb-2023,FY23,Bhopal,Madhya Pradesh,Flipkart,123,142486,1122,142,26,47,7,5.8,6,38.7,7.5,Non-Metro
Feb-2023,FY23,Bhopal,Madhya Pradesh,Ugaoo Website,80,97883,1233,133,21,36,7,8.8,3,43.2,14.5,Non-Metro
Feb-2023,FY23,Bhopal,Madhya Pradesh,Blinkit,51,66202,1307,88,18,25,4,9.3,1,42.0,16.9,Non-Metro
Feb-2023,FY23,Bhopal,Madhya Pradesh,Zepto,40,42969,1086,64,7,14,3,8.0,1,34.6,11.4,Non-Metro
Feb-2023,FY23,Bhopal,Madhya Pradesh,Retail Store,103,98975,974,125,30,42,7,6.8,5,25.2,19.6,Non-Metro
Feb-2023,FY23,Bhopal,Madhya Pradesh,Corporate Gifting,60,68774,1171,106,20,20,4,7.0,2,37.6,17.7,Non-Metro
Feb-2023,FY23,Bhopal,Madhya Pradesh,Meesho,20,22172,1320,33,7,6,2,10.4,1,18.6,7.2,Non-Metro
Feb-2023,FY23,Indore,Madhya Pradesh,Amazon,138,217203,1579,242,25,72,8,6.1,7,42.3,19.7,Non-Metro
Feb-2023,FY23,Indore,Madhya Pradesh,Flipkart,138,124810,902,161,38,54,16,12.3,6,42.5,9.0,Non-Metro
Feb-2023,FY23,Indore,Madhya Pradesh,Ugaoo Website,119,110923,960,181,44,45,11,9.6,3,40.9,7.5,Non-Metro
Feb-2023,FY23,Indore,Madhya Pradesh,Blinkit,45,49533,1112,75,10,15,5,12.1,1,24.4,14.2,Non-Metro
Feb-2023,FY23,Indore,Madhya Pradesh,Zepto,37,45138,1124,47,11,18,3,8.9,1,30.3,11.2,Non-Metro
Feb-2023,FY23,Indore,Madhya Pradesh,Retail Store,139,131660,938,163,37,41,7,5.5,7,37.1,13.1,Non-Metro
Feb-2023,FY23,Indore,Madhya Pradesh,Corporate Gifting,52,59483,1113,78,14,27,3,6.1,1,27.4,13.8,Non-Metro
Feb-2023,FY23,Indore,Madhya Pradesh,Meesho,24,29980,1045,28,4,9,2,10.3,0,32.9,11.5,Non-Metro
Mar-2023,FY23,Bengaluru,Karnataka,Amazon,2882,3655523,1267,3653,912,945,233,8.1,81,28.5,14.8,Metro
Mar-2023,FY23,Bengaluru,Karnataka,Flipkart,2231,3044124,1366,3743,419,966,198,8.9,102,40.6,15.9,Metro
Mar-2023,FY23,Bengaluru,Karnataka,Ugaoo Website,1973,3060781,1550,3382,645,832,106,5.4,97,32.8,5.8,Metro
Mar-2023,FY23,Bengaluru,Karnataka,Blinkit,1294,1287848,994,2073,537,397,151,11.7,39,36.0,19.8,Metro
Mar-2023,FY23,Bengaluru,Karnataka,Zepto,661,592974,900,997,153,352,34,5.2,25,34.2,8.5,Metro
Mar-2023,FY23,Bengaluru,Karnataka,Retail Store,2714,4107854,1513,3844,960,1416,195,7.2,77,31.2,18.7,Metro
Mar-2023,FY23,Bengaluru,Karnataka,Corporate Gifting,1394,1807931,1298,2219,573,713,89,6.4,68,19.1,18.5,Metro
Mar-2023,FY23,Bengaluru,Karnataka,Meesho,455,591911,1308,622,93,178,36,8.0,27,31.9,8.2,Metro
Mar-2023,FY23,Mumbai,Maharashtra,Amazon,2628,3495061,1331,3833,986,1349,294,11.2,107,22.2,6.9,Metro
Mar-2023,FY23,Mumbai,Maharashtra,Flipkart,2488,2323963,935,3925,745,949,226,9.1,143,43.2,17.2,Metro
Mar-2023,FY23,Mumbai,Maharashtra,Ugaoo Website,1903,2661018,1396,2262,452,785,171,9.0,98,28.7,15.5,Metro
Mar-2023,FY23,Mumbai,Maharashtra,Blinkit,923,1475063,1594,1224,370,294,59,6.4,33,36.4,6.9,Metro
Mar-2023,FY23,Mumbai,Maharashtra,Zepto,1002,1026354,1025,1325,408,510,112,11.2,50,33.8,18.7,Metro
Mar-2023,FY23,Mumbai,Maharashtra,Retail Store,1332,1892728,1419,1573,318,492,158,11.9,38,23.6,9.3,Metro
Mar-2023,FY23,Mumbai,Maharashtra,Corporate Gifting,1051,937263,893,1577,211,556,97,9.3,53,31.8,17.7,Metro
Mar-2023,FY23,Mumbai,Maharashtra,Meesho,367,500420,1350,577,147,183,34,9.5,19,33.3,19.4,Metro
Mar-2023,FY23,Delhi,Delhi,Amazon,1708,2337579,1367,2824,548,774,133,7.8,65,20.4,7.5,Metro
Mar-2023,FY23,Delhi,Delhi,Flipkart,1134,1067591,945,1678,414,535,83,7.4,42,42.8,13.7,Metro
Mar-2023,FY23,Delhi,Delhi,Ugaoo Website,1325,1385952,1048,1719,295,520,109,8.3,34,24.2,19.7,Metro
Mar-2023,FY23,Delhi,Delhi,Blinkit,677,993895,1464,826,147,333,58,8.7,14,44.1,17.4,Metro
Mar-2023,FY23,Delhi,Delhi,Zepto,337,522405,1543,411,89,120,38,11.3,11,27.3,6.0,Metro
Mar-2023,FY23,Delhi,Delhi,Retail Store,1266,1363208,1078,2237,370,476,92,7.3,61,22.9,18.3,Metro
Mar-2023,FY23,Delhi,Delhi,Corporate Gifting,712,962304,1349,974,280,284,62,8.8,33,33.2,18.8,Metro
Mar-2023,FY23,Delhi,Delhi,Meesho,235,245523,1037,394,90,83,25,10.9,5,25.5,14.7,Metro
Mar-2023,FY23,Pune,Maharashtra,Amazon,1148,1193794,1036,1376,298,346,73,6.4,41,24.7,19.3,Metro
Mar-2023,FY23,Pune,Maharashtra,Flipkart,950,818420,862,1478,342,444,48,5.1,48,34.6,15.3,Metro
Mar-2023,FY23,Pune,Maharashtra,Ugaoo Website,912,1258112,1379,1561,367,282,65,7.2,20,31.2,7.1,Metro
Mar-2023,FY23,Pune,Maharashtra,Blinkit,597,587347,992,1015,155,220,62,10.4,24,39.5,9.7,Metro
Mar-2023,FY23,Pune,Maharashtra,Zepto,395,605456,1525,697,107,196,31,8.1,14,30.1,17.5,Metro
Mar-2023,FY23,Pune,Maharashtra,Retail Store,998,1114980,1113,1139,273,384,84,8.5,44,28.3,17.8,Metro
Mar-2023,FY23,Pune,Maharashtra,Corporate Gifting,731,1015878,1385,1136,256,372,77,10.6,32,34.2,12.4,Metro
Mar-2023,FY23,Pune,Maharashtra,Meesho,123,162762,1331,161,26,48,7,5.8,2,41.4,12.4,Metro
Mar-2023,FY23,Hyderabad,Telangana,Amazon,808,876456,1080,1440,245,377,42,5.3,19,33.3,18.1,Metro
Mar-2023,FY23,Hyderabad,Telangana,Flipkart,919,885197,965,1221,254,468,85,9.3,30,28.7,16.1,Metro
Mar-2023,FY23,Hyderabad,Telangana,Ugaoo Website,743,688262,933,1169,295,408,51,6.9,26,33.9,6.6,Metro
Mar-2023,FY23,Hyderabad,Telangana,Blinkit,273,330202,1217,475,92,134,30,11.3,9,32.6,8.7,Metro
Mar-2023,FY23,Hyderabad,Telangana,Zepto,221,264407,1219,286,89,93,28,12.9,6,42.4,5.7,Metro
Mar-2023,FY23,Hyderabad,Telangana,Retail Store,942,983928,1042,1605,309,482,84,9.0,33,35.7,8.6,Metro
Mar-2023,FY23,Hyderabad,Telangana,Corporate Gifting,354,558105,1582,501,72,188,39,11.2,14,31.2,7.7,Metro
Mar-2023,FY23,Hyderabad,Telangana,Meesho,149,190268,1277,224,52,68,18,12.7,7,33.3,7.4,Metro
Mar-2023,FY23,Chennai,Tamil Nadu,Amazon,754,1020648,1351,1188,142,320,67,8.9,28,21.9,6.5,Non-Metro
Mar-2023,FY23,Chennai,Tamil Nadu,Flipkart,753,1190460,1587,1237,266,302,91,12.1,31,27.9,9.8,Non-Metro
Mar-2023,FY23,Chennai,Tamil Nadu,Ugaoo Website,396,443032,1123,678,164,144,39,10.0,22,30.0,5.4,Non-Metro
Mar-2023,FY23,Chennai,Tamil Nadu,Blinkit,309,484209,1559,351,94,123,29,9.5,17,29.5,6.9,Non-Metro
Mar-2023,FY23,Chennai,Tamil Nadu,Zepto,281,411755,1475,480,103,147,22,7.9,10,29.6,15.1,Non-Metro
Mar-2023,FY23,Chennai,Tamil Nadu,Retail Store,434,454747,1052,764,178,199,52,12.2,25,19.4,16.9,Non-Metro
Mar-2023,FY23,Chennai,Tamil Nadu,Corporate Gifting,371,562788,1518,450,86,150,33,9.0,11,33.5,5.1,Non-Metro
Mar-2023,FY23,Chennai,Tamil Nadu,Meesho,112,152336,1392,138,36,56,7,6.9,5,30.2,13.0,Non-Metro
Mar-2023,FY23,Kolkata,West Bengal,Amazon,441,549121,1235,701,128,214,50,11.5,15,32.6,11.0,Non-Metro
Mar-2023,FY23,Kolkata,West Bengal,Flipkart,395,390023,983,545,150,125,38,9.8,23,42.5,17.5,Non-Metro
Mar-2023,FY23,Kolkata,West Bengal,Ugaoo Website,244,223959,923,422,55,104,13,5.4,11,34.2,5.6,Non-Metro
Mar-2023,FY23,Kolkata,West Bengal,Blinkit,191,295755,1556,335,71,76,21,11.0,6,44.2,19.4,Non-Metro
Mar-2023,FY23,Kolkata,West Bengal,Zepto,146,129000,916,181,56,71,7,5.3,7,36.6,15.3,Non-Metro
Mar-2023,FY23,Kolkata,West Bengal,Retail Store,529,775561,1469,824,218,181,54,10.3,25,23.6,12.2,Non-Metro
Mar-2023,FY23,Kolkata,West Bengal,Corporate Gifting,205,236025,1175,321,46,80,22,10.8,10,40.6,19.3,Non-Metro
Mar-2023,FY23,Kolkata,West Bengal,Meesho,48,46203,990,70,12,15,4,10.3,2,20.3,17.2,Non-Metro
Mar-2023,FY23,Ahmedabad,Gujarat,Amazon,391,430488,1093,545,154,151,50,12.8,17,42.9,8.3,Non-Metro
Mar-2023,FY23,Ahmedabad,Gujarat,Flipkart,294,363990,1234,339,113,160,36,12.3,14,36.0,12.6,Non-Metro
Mar-2023,FY23,Ahmedabad,Gujarat,Ugaoo Website,272,326610,1210,385,101,115,18,6.9,11,41.3,16.7,Non-Metro
Mar-2023,FY23,Ahmedabad,Gujarat,Blinkit,125,142964,1106,184,30,51,7,6.1,6,44.6,11.6,Non-Metro
Mar-2023,FY23,Ahmedabad,Gujarat,Zepto,98,146705,1454,164,39,43,9,9.5,4,28.8,13.7,Non-Metro
Mar-2023,FY23,Ahmedabad,Gujarat,Retail Store,374,433173,1156,486,107,200,34,9.2,14,18.5,6.0,Non-Metro
Mar-2023,FY23,Ahmedabad,Gujarat,Corporate Gifting,188,196476,1057,279,61,96,16,9.0,5,42.4,19.0,Non-Metro
Mar-2023,FY23,Ahmedabad,Gujarat,Meesho,44,53507,1274,52,16,24,3,8.1,1,32.7,16.5,Non-Metro
Mar-2023,FY23,Jaipur,Rajasthan,Amazon,176,242817,1363,288,46,58,11,6.8,7,31.7,18.0,Non-Metro
Mar-2023,FY23,Jaipur,Rajasthan,Flipkart,162,185327,1168,199,53,70,11,7.0,5,28.2,17.4,Non-Metro
Mar-2023,FY23,Jaipur,Rajasthan,Ugaoo Website,213,279908,1328,364,52,66,19,9.2,9,38.0,19.7,Non-Metro
Mar-2023,FY23,Jaipur,Rajasthan,Blinkit,53,64108,1223,65,16,23,4,8.1,2,25.0,7.2,Non-Metro
Mar-2023,FY23,Jaipur,Rajasthan,Zepto,103,158219,1573,185,26,34,7,7.5,4,21.1,9.6,Non-Metro
Mar-2023,FY23,Jaipur,Rajasthan,Retail Store,196,273698,1393,339,44,68,16,8.4,5,27.2,11.6,Non-Metro
Mar-2023,FY23,Jaipur,Rajasthan,Corporate Gifting,116,130723,1119,190,48,38,7,6.1,4,20.4,14.9,Non-Metro
Mar-2023,FY23,Jaipur,Rajasthan,Meesho,33,52165,1528,56,12,10,3,10.9,1,37.0,12.7,Non-Metro
Mar-2023,FY23,Gurgaon,Haryana,Amazon,211,204166,955,280,47,92,22,10.5,11,44.2,11.9,Non-Metro
Mar-2023,FY23,Gurgaon,Haryana,Flipkart,120,125708,1032,142,38,53,11,9.8,4,20.6,17.0,Non-Metro
Mar-2023,FY23,Gurgaon,Haryana,Ugaoo Website,160,204547,1292,209,44,69,16,10.1,5,22.9,16.3,Non-Metro
Mar-2023,FY23,Gurgaon,Haryana,Blinkit,94,153787,1597,152,17,31,9,10.6,3,31.4,9.4,Non-Metro
Mar-2023,FY23,Gurgaon,Haryana,Zepto,55,60167,1126,89,15,23,4,8.4,2,23.1,9.8,Non-Metro
Mar-2023,FY23,Gurgaon,Haryana,Retail Store,254,389273,1535,308,60,138,14,5.8,11,39.6,9.7,Non-Metro
Mar-2023,FY23,Gurgaon,Haryana,Corporate Gifting,119,114781,959,149,35,50,11,9.8,4,39.9,13.8,Non-Metro
Mar-2023,FY23,Gurgaon,Haryana,Meesho,36,51995,1364,56,10,18,3,9.3,2,38.9,17.8,Non-Metro
Mar-2023,FY23,Noida,Uttar Pradesh,Amazon,72,74789,1080,102,29,25,8,11.3,4,35.2,13.1,Non-Metro
Mar-2023,FY23,Noida,Uttar Pradesh,Flipkart,106,135220,1272,152,24,36,10,9.6,3,37.8,5.2,Non-Metro
Mar-2023,FY23,Noida,Uttar Pradesh,Ugaoo Website,85,103643,1242,122,18,43,10,12.6,1,35.3,6.9,Non-Metro
Mar-2023,FY23,Noida,Uttar Pradesh,Blinkit,53,69271,1315,80,16,20,5,11.3,1,37.5,18.5,Non-Metro
Mar-2023,FY23,Noida,Uttar Pradesh,Zepto,28,29635,1074,37,7,9,2,9.7,0,20.5,17.6,Non-Metro
Mar-2023,FY23,Noida,Uttar Pradesh,Retail Store,96,126833,1298,158,20,47,7,7.5,2,31.3,14.2,Non-Metro
Mar-2023,FY23,Noida,Uttar Pradesh,Corporate Gifting,54,77776,1434,81,15,19,3,6.1,2,43.3,10.9,Non-Metro
Mar-2023,FY23,Noida,Uttar Pradesh,Meesho,15,13707,1230,20,6,6,0,5.9,0,38.2,11.5,Non-Metro
Mar-2023,FY23,Nashik,Maharashtra,Amazon,145,139887,963,218,26,68,14,10.1,3,39.6,15.1,Non-Metro
Mar-2023,FY23,Nashik,Maharashtra,Flipkart,102,125251,1248,149,20,32,6,6.4,5,24.4,17.2,Non-Metro
Mar-2023,FY23,Nashik,Maharashtra,Ugaoo Website,94,123892,1338,153,20,47,8,8.8,2,37.5,11.6,Non-Metro
Mar-2023,FY23,Nashik,Maharashtra,Blinkit,39,33028,938,69,8,16,3,9.5,2,36.5,19.2,Non-Metro
Mar-2023,FY23,Nashik,Maharashtra,Zepto,38,54484,1370,56,8,13,2,6.0,0,21.8,13.8,Non-Metro
Mar-2023,FY23,Nashik,Maharashtra,Retail Store,93,111012,1141,160,19,40,7,7.9,3,18.5,18.9,Non-Metro
Mar-2023,FY23,Nashik,Maharashtra,Corporate Gifting,49,52741,1103,67,15,24,2,5.6,1,31.3,15.2,Non-Metro
Mar-2023,FY23,Nashik,Maharashtra,Meesho,15,16122,1316,25,3,5,1,6.7,0,38.6,17.1,Non-Metro
Mar-2023,FY23,Bhopal,Madhya Pradesh,Amazon,144,143626,1029,168,34,62,16,11.4,5,25.5,14.5,Non-Metro
Mar-2023,FY23,Bhopal,Madhya Pradesh,Flipkart,100,154520,1556,165,39,38,7,7.6,5,25.4,12.5,Non-Metro
Mar-2023,FY23,Bhopal,Madhya Pradesh,Ugaoo Website,92,137316,1476,104,36,32,11,12.5,2,19.3,11.6,Non-Metro
Mar-2023,FY23,Bhopal,Madhya Pradesh,Blinkit,37,51812,1421,55,11,17,2,6.0,0,34.6,10.0,Non-Metro
Mar-2023,FY23,Bhopal,Madhya Pradesh,Zepto,32,42962,1287,39,6,16,3,9.9,0,34.1,11.6,Non-Metro
Mar-2023,FY23,Bhopal,Madhya Pradesh,Retail Store,109,122600,1157,138,37,50,8,7.5,4,23.9,8.2,Non-Metro
Mar-2023,FY23,Bhopal,Madhya Pradesh,Corporate Gifting,43,58478,1392,67,14,17,4,10.7,1,43.4,5.3,Non-Metro
Mar-2023,FY23,Bhopal,Madhya Pradesh,Meesho,15,22971,1365,26,5,6,1,7.4,0,41.1,19.1,Non-Metro
Mar-2023,FY23,Indore,Madhya Pradesh,Amazon,113,112391,954,154,38,43,6,6.0,6,28.5,14.7,Non-Metro
Mar-2023,FY23,Indore,Madhya Pradesh,Flipkart,95,115218,1223,127,39,31,8,8.5,5,44.0,5.7,Non-Metro
Mar-2023,FY23,Indore,Madhya Pradesh,Ugaoo Website,45,65637,1358,68,11,15,4,10.3,2,27.8,13.5,Non-Metro
Mar-2023,FY23,Indore,Madhya Pradesh,Blinkit,42,52926,1170,66,8,13,2,5.6,1,34.8,18.9,Non-Metro
Mar-2023,FY23,Indore,Madhya Pradesh,Zepto,30,24390,853,49,11,13,2,6.9,0,40.7,13.4,Non-Metro
Mar-2023,FY23,Indore,Madhya Pradesh,Retail Store,101,104326,997,152,25,34,5,5.6,3,39.4,17.7,Non-Metro
Mar-2023,FY23,Indore,Madhya Pradesh,Corporate Gifting,41,57048,1498,55,12,13,3,7.7,2,24.2,16.2,Non-Metro
Mar-2023,FY23,Indore,Madhya Pradesh,Meesho,10,10317,997,13,3,3,1,10.8,0,37.0,6.8,Non-Metro
Apr-2023,FY24,Bengaluru,Karnataka,Amazon,1913,2657973,1388,2175,356,713,133,7.0,57,23.6,13.2,Metro
Apr-2023,FY24,Bengaluru,Karnataka,Flipkart,1160,1834412,1582,1349,384,365,127,11.0,55,42.6,17.4,Metro
Apr-2023,FY24,Bengaluru,Karnataka,Ugaoo Website,1884,2924804,1554,3136,729,707,241,12.8,47,35.2,5.6,Metro
Apr-2023,FY24,Bengaluru,Karnataka,Blinkit,723,1037838,1430,1088,198,280,82,11.4,30,21.6,17.8,Metro
Apr-2023,FY24,Bengaluru,Karnataka,Zepto,1022,1543794,1511,1700,406,441,75,7.4,31,32.6,6.9,Metro
Apr-2023,FY24,Bengaluru,Karnataka,Retail Store,1758,2718407,1547,2870,546,543,119,6.8,88,28.7,18.9,Metro
Apr-2023,FY24,Bengaluru,Karnataka,Corporate Gifting,1098,1618935,1472,1293,353,397,122,11.2,41,37.0,12.8,Metro
Apr-2023,FY24,Bengaluru,Karnataka,Meesho,361,390404,1089,474,150,188,44,12.3,12,42.6,17.1,Metro
Apr-2023,FY24,Mumbai,Maharashtra,Amazon,2594,2363095,911,3371,513,1088,287,11.1,99,18.2,18.1,Metro
Apr-2023,FY24,Mumbai,Maharashtra,Flipkart,2021,2784884,1376,3192,728,727,185,9.2,103,22.7,12.2,Metro
Apr-2023,FY24,Mumbai,Maharashtra,Ugaoo Website,642,758086,1184,784,168,204,81,12.7,17,22.1,14.6,Metro
Apr-2023,FY24,Mumbai,Maharashtra,Blinkit,401,522148,1296,528,149,173,44,11.0,22,34.3,19.6,Metro
Apr-2023,FY24,Mumbai,Maharashtra,Zepto,672,688610,1019,952,141,298,36,5.5,28,22.0,10.7,Metro
Apr-2023,FY24,Mumbai,Maharashtra,Retail Store,1721,2145052,1244,1967,439,762,94,5.5,34,18.6,15.6,Metro
Apr-2023,FY24,Mumbai,Maharashtra,Corporate Gifting,638,765293,1202,1057,119,246,49,7.8,33,30.9,18.9,Metro
Apr-2023,FY24,Mumbai,Maharashtra,Meesho,183,205627,1137,244,43,70,21,11.5,8,22.1,13.0,Metro
Apr-2023,FY24,Delhi,Delhi,Amazon,1406,1315110,938,1755,549,606,122,8.7,41,23.7,5.5,Metro
Apr-2023,FY24,Delhi,Delhi,Flipkart,967,1075630,1117,1738,244,328,58,6.1,53,34.6,19.6,Metro
Apr-2023,FY24,Delhi,Delhi,Ugaoo Website,1083,1492142,1375,1247,318,523,96,8.9,63,30.2,13.6,Metro
Apr-2023,FY24,Delhi,Delhi,Blinkit,565,840973,1493,736,181,227,63,11.2,13,36.4,15.8,Metro
Apr-2023,FY24,Delhi,Delhi,Zepto,446,607518,1362,560,85,200,49,11.0,15,27.7,6.6,Metro
Apr-2023,FY24,Delhi,Delhi,Retail Store,1081,1015314,938,1306,359,486,126,11.7,60,27.0,13.7,Metro
Apr-2023,FY24,Delhi,Delhi,Corporate Gifting,579,674841,1162,693,138,188,52,9.0,28,28.4,13.7,Metro
Apr-2023,FY24,Delhi,Delhi,Meesho,160,243497,1520,255,64,85,10,6.8,7,24.5,5.6,Metro
Apr-2023,FY24,Pune,Maharashtra,Amazon,838,936481,1112,1067,176,384,102,12.2,20,27.2,11.1,Metro
Apr-2023,FY24,Pune,Maharashtra,Flipkart,821,1097522,1339,1359,248,397,100,12.2,22,28.8,19.0,Metro
Apr-2023,FY24,Pune,Maharashtra,Ugaoo Website,457,618604,1348,589,118,186,28,6.2,25,27.3,13.5,Metro
Apr-2023,FY24,Pune,Maharashtra,Blinkit,338,537990,1593,437,141,117,21,6.3,11,35.1,8.4,Metro
Apr-2023,FY24,Pune,Maharashtra,Zepto,244,384356,1580,337,72,113,19,7.9,11,30.7,14.0,Metro
Apr-2023,FY24,Pune,Maharashtra,Retail Store,691,1029054,1486,943,142,341,71,10.4,15,40.5,12.1,Metro
Apr-2023,FY24,Pune,Maharashtra,Corporate Gifting,484,483458,1005,554,104,188,32,6.8,12,40.8,14.0,Metro
Apr-2023,FY24,Pune,Maharashtra,Meesho,144,221461,1524,245,59,54,14,9.9,3,40.4,8.4,Metro
Apr-2023,FY24,Hyderabad,Telangana,Amazon,736,1072863,1457,976,292,373,91,12.4,15,22.5,7.5,Metro
Apr-2023,FY24,Hyderabad,Telangana,Flipkart,775,662442,853,1193,163,370,58,7.6,44,21.0,11.1,Metro
Apr-2023,FY24,Hyderabad,Telangana,Ugaoo Website,509,449673,877,886,147,157,33,6.5,28,39.9,6.0,Metro
Apr-2023,FY24,Hyderabad,Telangana,Blinkit,296,313840,1073,520,122,160,19,6.6,8,34.9,11.2,Metro
Apr-2023,FY24,Hyderabad,Telangana,Zepto,193,203197,1033,292,35,105,19,10.0,4,36.7,17.7,Metro
Apr-2023,FY24,Hyderabad,Telangana,Retail Store,753,1168277,1548,1024,271,231,64,8.6,30,26.2,6.9,Metro
Apr-2023,FY24,Hyderabad,Telangana,Corporate Gifting,260,316243,1210,315,76,114,24,9.4,5,34.4,15.7,Metro
Apr-2023,FY24,Hyderabad,Telangana,Meesho,89,110329,1262,139,36,39,8,9.0,4,23.9,16.5,Metro
Apr-2023,FY24,Chennai,Tamil Nadu,Amazon,565,483604,850,681,220,202,46,8.3,28,41.2,5.2,Non-Metro
Apr-2023,FY24,Chennai,Tamil Nadu,Flipkart,608,809469,1330,758,175,268,74,12.3,24,41.1,6.2,Non-Metro
Apr-2023,FY24,Chennai,Tamil Nadu,Ugaoo Website,406,547070,1350,503,156,203,47,11.7,16,43.4,11.2,Non-Metro
Apr-2023,FY24,Chennai,Tamil Nadu,Blinkit,171,211174,1240,230,47,84,14,8.6,8,38.1,15.6,Non-Metro
Apr-2023,FY24,Chennai,Tamil Nadu,Zepto,155,195235,1268,205,35,77,14,9.5,7,24.0,10.5,Non-Metro
Apr-2023,FY24,Chennai,Tamil Nadu,Retail Store,467,667000,1434,571,172,215,31,6.8,19,30.0,18.8,Non-Metro
Apr-2023,FY24,Chennai,Tamil Nadu,Corporate Gifting,224,221423,999,293,77,119,25,11.5,13,26.2,8.9,Non-Metro
Apr-2023,FY24,Chennai,Tamil Nadu,Meesho,63,96882,1587,88,12,32,4,6.5,1,30.2,14.6,Non-Metro
Apr-2023,FY24,Kolkata,West Bengal,Amazon,307,273739,878,544,61,103,33,10.8,15,43.8,11.3,Non-Metro
Apr-2023,FY24,Kolkata,West Bengal,Flipkart,271,315911,1166,324,61,89,17,6.4,6,38.1,14.8,Non-Metro
Apr-2023,FY24,Kolkata,West Bengal,Ugaoo Website,286,395310,1365,424,85,94,24,8.6,6,36.3,11.4,Non-Metro
Apr-2023,FY24,Kolkata,West Bengal,Blinkit,149,131997,907,213,31,81,15,10.6,4,40.0,7.3,Non-Metro
Apr-2023,FY24,Kolkata,West Bengal,Zepto,113,93887,872,178,25,53,8,7.5,2,29.8,15.7,Non-Metro
Apr-2023,FY24,Kolkata,West Bengal,Retail Store,320,280957,864,425,80,105,32,10.2,15,34.1,8.6,Non-Metro
Apr-2023,FY24,Kolkata,West Bengal,Corporate Gifting,185,236031,1297,213,42,70,16,9.0,7,39.6,19.3,Non-Metro
Apr-2023,FY24,Kolkata,West Bengal,Meesho,50,59711,1207,62,11,23,5,11.0,2,21.8,10.5,Non-Metro
Apr-2023,FY24,Ahmedabad,Gujarat,Amazon,247,243864,999,341,73,82,25,10.3,8,23.6,10.1,Non-Metro
Apr-2023,FY24,Ahmedabad,Gujarat,Flipkart,168,253394,1521,273,54,82,11,7.0,4,27.2,10.2,Non-Metro
Apr-2023,FY24,Ahmedabad,Gujarat,Ugaoo Website,214,278531,1281,248,59,64,18,8.8,9,44.3,12.3,Non-Metro
Apr-2023,FY24,Ahmedabad,Gujarat,Blinkit,60,48673,874,100,14,22,5,8.4,1,36.1,17.0,Non-Metro
Apr-2023,FY24,Ahmedabad,Gujarat,Zepto,115,102835,874,199,39,35,10,9.3,5,30.5,17.0,Non-Metro
Apr-2023,FY24,Ahmedabad,Gujarat,Retail Store,237,276250,1158,359,89,73,19,8.3,6,43.3,15.8,Non-Metro
Apr-2023,FY24,Ahmedabad,Gujarat,Corporate Gifting,75,83192,1120,83,30,26,9,12.3,3,37.1,14.1,Non-Metro
Apr-2023,FY24,Ahmedabad,Gujarat,Meesho,36,56571,1514,46,6,17,4,11.7,1,28.8,7.3,Non-Metro
Apr-2023,FY24,Jaipur,Rajasthan,Amazon,167,179272,1101,286,43,71,17,10.5,9,23.8,9.0,Non-Metro
Apr-2023,FY24,Jaipur,Rajasthan,Flipkart,213,211423,1006,302,39,64,26,12.3,5,27.3,13.6,Non-Metro
Apr-2023,FY24,Jaipur,Rajasthan,Ugaoo Website,196,292274,1516,305,71,94,21,10.8,11,28.8,11.9,Non-Metro
Apr-2023,FY24,Jaipur,Rajasthan,Blinkit,58,66792,1175,89,21,20,6,11.7,2,41.0,15.7,Non-Metro
Apr-2023,FY24,Jaipur,Rajasthan,Zepto,41,34945,926,50,14,21,4,12.0,1,35.0,19.4,Non-Metro
Apr-2023,FY24,Jaipur,Rajasthan,Retail Store,189,201995,1060,227,76,56,19,10.4,10,24.5,18.1,Non-Metro
Apr-2023,FY24,Jaipur,Rajasthan,Corporate Gifting,78,105122,1395,127,32,38,9,11.9,3,32.9,6.0,Non-Metro
Apr-2023,FY24,Jaipur,Rajasthan,Meesho,22,20248,896,27,7,8,1,6.9,1,34.7,15.6,Non-Metro
Apr-2023,FY24,Gurgaon,Haryana,Amazon,267,226897,854,349,59,122,23,8.7,11,35.9,15.4,Non-Metro
Apr-2023,FY24,Gurgaon,Haryana,Flipkart,173,256217,1496,205,72,91,21,12.2,8,30.6,19.9,Non-Metro
Apr-2023,FY24,Gurgaon,Haryana,Ugaoo Website,121,119218,972,186,50,51,11,9.7,7,42.3,16.9,Non-Metro
Apr-2023,FY24,Gurgaon,Haryana,Blinkit,75,116621,1590,133,22,34,7,9.5,1,22.4,9.7,Non-Metro
Apr-2023,FY24,Gurgaon,Haryana,Zepto,58,87915,1511,83,21,27,7,12.6,1,36.0,9.9,Non-Metro
Apr-2023,FY24,Gurgaon,Haryana,Retail Store,179,232212,1319,262,39,95,22,12.6,10,23.5,10.4,Non-Metro
Apr-2023,FY24,Gurgaon,Haryana,Corporate Gifting,79,120128,1483,127,31,26,8,11.0,3,38.7,9.5,Non-Metro
Apr-2023,FY24,Gurgaon,Haryana,Meesho,24,33085,1418,28,8,10,1,5.9,1,44.3,8.7,Non-Metro
Apr-2023,FY24,Noida,Uttar Pradesh,Amazon,81,75321,871,131,25,37,4,5.8,2,43.8,6.8,Non-Metro
Apr-2023,FY24,Noida,Uttar Pradesh,Flipkart,64,81564,1222,88,19,31,7,11.8,1,33.6,17.9,Non-Metro
Apr-2023,FY24,Noida,Uttar Pradesh,Ugaoo Website,45,37511,924,73,17,18,2,6.3,0,42.4,19.0,Non-Metro
Apr-2023,FY24,Noida,Uttar Pradesh,Blinkit,36,53496,1375,56,14,14,2,8.0,1,39.6,12.5,Non-Metro
Apr-2023,FY24,Noida,Uttar Pradesh,Zepto,29,38142,1301,44,8,11,3,10.7,1,42.4,14.9,Non-Metro
Apr-2023,FY24,Noida,Uttar Pradesh,Retail Store,87,79818,962,120,27,47,10,12.6,5,21.3,16.0,Non-Metro
Apr-2023,FY24,Noida,Uttar Pradesh,Corporate Gifting,40,46587,1245,44,16,18,2,6.8,1,38.4,18.2,Non-Metro
Apr-2023,FY24,Noida,Uttar Pradesh,Meesho,13,7676,966,16,4,6,1,7.8,0,38.9,5.7,Non-Metro
Apr-2023,FY24,Nashik,Maharashtra,Amazon,86,80860,992,104,19,38,5,6.5,3,21.8,8.2,Non-Metro
Apr-2023,FY24,Nashik,Maharashtra,Flipkart,70,71905,1083,91,20,37,8,12.8,2,24.8,13.0,Non-Metro
Apr-2023,FY24,Nashik,Maharashtra,Ugaoo Website,76,61733,866,86,19,30,6,8.6,2,37.9,15.7,Non-Metro
Apr-2023,FY24,Nashik,Maharashtra,Blinkit,28,31727,1206,47,10,15,2,10.6,0,36.5,7.8,Non-Metro
Apr-2023,FY24,Nashik,Maharashtra,Zepto,31,27623,867,34,10,12,3,12.6,1,36.8,14.5,Non-Metro
Apr-2023,FY24,Nashik,Maharashtra,Retail Store,72,100541,1432,85,24,31,7,11.0,1,42.1,9.1,Non-Metro
Apr-2023,FY24,Nashik,Maharashtra,Corporate Gifting,23,31639,1522,33,7,12,1,7.4,0,24.0,5.9,Non-Metro
Apr-2023,FY24,Nashik,Maharashtra,Meesho,12,8741,873,16,3,5,1,12.4,0,40.8,16.1,Non-Metro
Apr-2023,FY24,Bhopal,Madhya Pradesh,Amazon,93,127613,1391,130,16,34,10,11.3,5,38.7,10.5,Non-Metro
Apr-2023,FY24,Bhopal,Madhya Pradesh,Flipkart,42,52179,1345,74,14,18,4,10.2,1,41.7,10.4,Non-Metro
Apr-2023,FY24,Bhopal,Madhya Pradesh,Ugaoo Website,50,67161,1328,89,12,20,3,6.2,2,44.9,18.3,Non-Metro
Apr-2023,FY24,Bhopal,Madhya Pradesh,Blinkit,36,46068,1325,41,13,15,3,10.4,1,19.5,5.2,Non-Metro
Apr-2023,FY24,Bhopal,Madhya Pradesh,Zepto,32,43910,1481,46,8,11,4,12.5,1,20.8,11.5,Non-Metro
Apr-2023,FY24,Bhopal,Madhya Pradesh,Retail Store,72,74028,997,80,28,26,4,5.6,3,27.5,11.9,Non-Metro
Apr-2023,FY24,Bhopal,Madhya Pradesh,Corporate Gifting,31,47533,1409,54,9,11,3,12.3,1,37.9,5.7,Non-Metro
Apr-2023,FY24,Bhopal,Madhya Pradesh,Meesho,13,16374,1543,22,5,5,1,12.0,0,24.1,9.1,Non-Metro
Apr-2023,FY24,Indore,Madhya Pradesh,Amazon,106,130039,1273,188,29,34,12,12.0,5,32.8,18.3,Non-Metro
Apr-2023,FY24,Indore,Madhya Pradesh,Flipkart,52,55487,1004,88,17,26,2,5.3,2,37.9,10.9,Non-Metro
Apr-2023,FY24,Indore,Madhya Pradesh,Ugaoo Website,77,78647,1057,109,29,36,8,10.6,2,25.6,8.4,Non-Metro
Apr-2023,FY24,Indore,Madhya Pradesh,Blinkit,30,45598,1422,50,9,11,3,10.8,1,36.4,9.0,Non-Metro
Apr-2023,FY24,Indore,Madhya Pradesh,Zepto,42,44919,1085,56,9,22,5,12.7,1,25.7,9.0,Non-Metro
Apr-2023,FY24,Indore,Madhya Pradesh,Retail Store,80,97666,1282,113,20,25,4,5.5,3,40.9,13.3,Non-Metro
Apr-2023,FY24,Indore,Madhya Pradesh,Corporate Gifting,39,47771,1218,68,13,12,2,7.3,1,42.2,17.8,Non-Metro
Apr-2023,FY24,Indore,Madhya Pradesh,Meesho,12,12946,1042,13,4,4,1,10.1,0,44.0,19.6,Non-Metro
May-2023,FY24,Bengaluru,Karnataka,Amazon,2407,3629315,1507,4193,796,1196,125,5.2,141,28.6,13.7,Metro
May-2023,FY24,Bengaluru,Karnataka,Flipkart,1648,2572879,1560,2509,410,858,156,9.5,64,29.5,7.6,Metro
May-2023,FY24,Bengaluru,Karnataka,Ugaoo Website,1520,2069147,1361,2157,395,585,130,8.6,33,37.5,18.2,Metro
May-2023,FY24,Bengaluru,Karnataka,Blinkit,803,990746,1240,1335,325,423,87,10.9,39,44.3,10.3,Metro
May-2023,FY24,Bengaluru,Karnataka,Zepto,651,1045930,1599,895,125,263,65,10.0,26,42.1,5.6,Metro
May-2023,FY24,Bengaluru,Karnataka,Retail Store,1804,1643197,913,2596,345,833,225,12.5,45,36.6,16.6,Metro
May-2023,FY24,Bengaluru,Karnataka,Corporate Gifting,966,907744,944,1408,212,408,66,6.9,56,31.6,18.3,Metro
May-2023,FY24,Bengaluru,Karnataka,Meesho,351,417485,1202,630,136,187,34,9.9,13,28.3,8.4,Metro
May-2023,FY24,Mumbai,Maharashtra,Amazon,1997,3105923,1556,2219,382,615,175,8.8,85,38.8,7.4,Metro
May-2023,FY24,Mumbai,Maharashtra,Flipkart,1675,2193043,1310,2884,575,574,123,7.4,81,27.7,11.1,Metro
May-2023,FY24,Mumbai,Maharashtra,Ugaoo Website,1495,1486196,991,1724,464,529,134,9.0,74,21.6,10.6,Metro
May-2023,FY24,Mumbai,Maharashtra,Blinkit,664,1056775,1588,755,169,269,68,10.3,16,21.0,14.0,Metro
May-2023,FY24,Mumbai,Maharashtra,Zepto,585,848323,1448,963,168,294,55,9.5,14,30.8,7.7,Metro
May-2023,FY24,Mumbai,Maharashtra,Retail Store,1712,2118440,1238,2570,510,543,172,10.1,71,26.4,10.4,Metro
May-2023,FY24,Mumbai,Maharashtra,Corporate Gifting,710,945037,1337,881,276,321,73,10.3,40,21.1,15.6,Metro
May-2023,FY24,Mumbai,Maharashtra,Meesho,221,190522,869,341,87,107,27,12.6,6,24.1,14.8,Metro
May-2023,FY24,Delhi,Delhi,Amazon,1070,912852,853,1585,395,416,127,11.9,36,27.0,12.9,Metro
May-2023,FY24,Delhi,Delhi,Flipkart,1060,1016376,961,1893,254,384,99,9.4,58,18.7,17.4,Metro
May-2023,FY24,Delhi,Delhi,Ugaoo Website,855,1292264,1508,1332,327,374,57,6.7,22,38.0,16.2,Metro
May-2023,FY24,Delhi,Delhi,Blinkit,441,444861,1011,665,137,212,35,8.1,23,22.3,18.0,Metro
May-2023,FY24,Delhi,Delhi,Zepto,337,448428,1325,425,72,144,28,8.6,13,41.6,12.6,Metro
May-2023,FY24,Delhi,Delhi,Retail Store,966,1476294,1530,1598,200,508,93,9.7,20,24.3,6.2,Metro
May-2023,FY24,Delhi,Delhi,Corporate Gifting,556,819121,1473,808,231,280,34,6.2,27,27.6,14.5,Metro
May-2023,FY24,Delhi,Delhi,Meesho,159,229570,1475,262,57,58,19,12.3,6,44.9,9.2,Metro
May-2023,FY24,Pune,Maharashtra,Amazon,705,1105646,1575,788,270,296,73,10.4,31,19.4,13.5,Metro
May-2023,FY24,Pune,Maharashtra,Flipkart,782,1051881,1345,1367,200,235,81,10.4,17,39.1,5.1,Metro
May-2023,FY24,Pune,Maharashtra,Ugaoo Website,863,938856,1083,1278,188,453,77,9.0,35,43.1,13.9,Metro
May-2023,FY24,Pune,Maharashtra,Blinkit,296,459982,1539,368,74,130,16,5.5,11,40.6,14.4,Metro
May-2023,FY24,Pune,Maharashtra,Zepto,328,451719,1381,556,80,107,30,9.2,11,38.0,12.9,Metro
May-2023,FY24,Pune,Maharashtra,Retail Store,711,1137363,1593,1207,251,291,42,6.0,32,34.5,16.0,Metro
May-2023,FY24,Pune,Maharashtra,Corporate Gifting,401,429548,1063,658,95,204,41,10.4,13,36.9,18.7,Metro
May-2023,FY24,Pune,Maharashtra,Meesho,118,120575,1010,163,39,45,13,11.6,5,40.0,17.8,Metro
May-2023,FY24,Hyderabad,Telangana,Amazon,691,800983,1165,884,197,366,58,8.5,21,23.1,5.1,Metro
May-2023,FY24,Hyderabad,Telangana,Flipkart,499,497223,1003,698,109,192,59,11.9,16,40.9,19.7,Metro
May-2023,FY24,Hyderabad,Telangana,Ugaoo Website,535,695458,1295,905,142,290,40,7.5,15,28.4,7.1,Metro
May-2023,FY24,Hyderabad,Telangana,Blinkit,279,292662,1043,437,67,149,33,11.9,13,25.5,16.5,Metro
May-2023,FY24,Hyderabad,Telangana,Zepto,205,314383,1539,333,73,90,22,11.0,7,27.3,12.6,Metro
May-2023,FY24,Hyderabad,Telangana,Retail Store,756,824132,1092,1023,314,358,83,11.1,20,29.1,7.8,Metro
May-2023,FY24,Hyderabad,Telangana,Corporate Gifting,320,436286,1348,402,95,126,31,9.9,15,22.6,19.3,Metro
May-2023,FY24,Hyderabad,Telangana,Meesho,106,157931,1508,133,32,53,10,10.3,3,36.2,10.2,Metro
May-2023,FY24,Chennai,Tamil Nadu,Amazon,629,817866,1308,902,150,235,72,11.6,36,22.1,17.2,Non-Metro
May-2023,FY24,Chennai,Tamil Nadu,Flipkart,378,567963,1508,560,100,179,27,7.2,8,21.6,12.5,Non-Metro
May-2023,FY24,Chennai,Tamil Nadu,Ugaoo Website,445,396124,889,767,133,224,31,7.1,15,25.6,9.5,Non-Metro
May-2023,FY24,Chennai,Tamil Nadu,Blinkit,227,250357,1118,313,45,121,19,8.8,5,44.9,17.0,Non-Metro
May-2023,FY24,Chennai,Tamil Nadu,Zepto,194,216343,1091,270,62,88,23,12.3,7,35.1,11.7,Non-Metro
May-2023,FY24,Chennai,Tamil Nadu,Retail Store,418,592010,1428,532,89,157,34,8.2,21,34.7,11.6,Non-Metro
May-2023,FY24,Chennai,Tamil Nadu,Corporate Gifting,237,237639,993,277,65,121,28,12.0,12,30.8,9.2,Non-Metro
May-2023,FY24,Chennai,Tamil Nadu,Meesho,81,116972,1505,120,15,26,6,8.6,3,22.0,10.4,Non-Metro
May-2023,FY24,Kolkata,West Bengal,Amazon,343,402984,1180,533,120,146,25,7.5,13,38.5,5.3,Non-Metro
May-2023,FY24,Kolkata,West Bengal,Flipkart,262,272482,1027,426,70,123,15,5.9,10,28.0,11.8,Non-Metro
May-2023,FY24,Kolkata,West Bengal,Ugaoo Website,245,385061,1576,401,75,120,26,10.9,5,42.6,20.0,Non-Metro
May-2023,FY24,Kolkata,West Bengal,Blinkit,161,241419,1514,287,64,52,10,6.4,4,36.9,6.0,Non-Metro
May-2023,FY24,Kolkata,West Bengal,Zepto,153,142901,966,194,62,77,9,6.5,7,26.0,18.0,Non-Metro
May-2023,FY24,Kolkata,West Bengal,Retail Store,314,374486,1203,454,118,133,24,7.8,7,41.8,15.0,Non-Metro
May-2023,FY24,Kolkata,West Bengal,Corporate Gifting,125,115602,909,209,29,66,13,10.8,6,22.7,19.1,Non-Metro
May-2023,FY24,Kolkata,West Bengal,Meesho,50,43776,901,56,14,16,4,9.2,2,33.5,12.3,Non-Metro
May-2023,FY24,Ahmedabad,Gujarat,Amazon,262,257797,965,365,59,91,18,7.0,14,43.5,5.5,Non-Metro
May-2023,FY24,Ahmedabad,Gujarat,Flipkart,162,187355,1181,189,38,78,12,8.0,4,44.2,8.9,Non-Metro
May-2023,FY24,Ahmedabad,Gujarat,Ugaoo Website,173,258893,1483,212,34,88,14,8.3,8,25.2,20.0,Non-Metro
May-2023,FY24,Ahmedabad,Gujarat,Blinkit,82,96570,1141,118,20,28,10,12.5,4,38.7,6.1,Non-Metro
May-2023,FY24,Ahmedabad,Gujarat,Zepto,96,102267,1032,132,27,44,12,12.9,2,19.2,5.2,Non-Metro
May-2023,FY24,Ahmedabad,Gujarat,Retail Store,225,289497,1278,296,45,108,25,11.4,12,27.4,19.9,Non-Metro
May-2023,FY24,Ahmedabad,Gujarat,Corporate Gifting,108,98637,935,171,23,42,10,9.9,2,41.1,15.5,Non-Metro
May-2023,FY24,Ahmedabad,Gujarat,Meesho,51,67394,1345,81,11,21,2,5.3,1,43.7,12.1,Non-Metro
May-2023,FY24,Jaipur,Rajasthan,Amazon,162,211558,1321,264,42,71,13,8.1,4,42.7,16.7,Non-Metro
May-2023,FY24,Jaipur,Rajasthan,Flipkart,131,120409,908,188,43,60,11,8.6,3,30.7,17.8,Non-Metro
May-2023,FY24,Jaipur,Rajasthan,Ugaoo Website,69,90769,1326,108,25,34,5,8.5,1,42.6,11.5,Non-Metro
May-2023,FY24,Jaipur,Rajasthan,Blinkit,60,66067,1168,66,19,24,3,5.9,2,20.8,7.9,Non-Metro
May-2023,FY24,Jaipur,Rajasthan,Zepto,52,85413,1590,78,17,22,3,6.8,1,23.7,6.8,Non-Metro
May-2023,FY24,Jaipur,Rajasthan,Retail Store,112,179116,1557,165,27,41,10,9.6,2,40.7,17.4,Non-Metro
May-2023,FY24,Jaipur,Rajasthan,Corporate Gifting,96,108521,1173,167,23,43,12,12.5,5,39.8,10.7,Non-Metro
May-2023,FY24,Jaipur,Rajasthan,Meesho,31,38347,1168,53,8,11,3,10.6,0,18.6,18.6,Non-Metro
May-2023,FY24,Gurgaon,Haryana,Amazon,100,141076,1380,115,26,52,5,5.3,5,27.9,16.2,Non-Metro
May-2023,FY24,Gurgaon,Haryana,Flipkart,112,176229,1563,128,37,36,13,11.9,4,34.7,16.1,Non-Metro
May-2023,FY24,Gurgaon,Haryana,Ugaoo Website,147,173561,1148,203,36,80,12,8.3,7,24.4,6.2,Non-Metro
May-2023,FY24,Gurgaon,Haryana,Blinkit,46,43498,1005,56,14,21,5,12.5,1,28.2,6.1,Non-Metro
May-2023,FY24,Gurgaon,Haryana,Zepto,60,93304,1481,68,14,18,4,7.7,3,39.2,13.0,Non-Metro
May-2023,FY24,Gurgaon,Haryana,Retail Store,146,128433,880,200,42,59,12,8.7,3,42.3,5.3,Non-Metro
May-2023,FY24,Gurgaon,Haryana,Corporate Gifting,69,108362,1536,103,14,27,5,8.4,2,27.8,16.1,Non-Metro
May-2023,FY24,Gurgaon,Haryana,Meesho,35,42300,1297,59,9,11,4,12.4,1,23.3,11.4,Non-Metro
May-2023,FY24,Noida,Uttar Pradesh,Amazon,74,66126,882,86,25,28,7,10.1,3,18.9,14.0,Non-Metro
May-2023,FY24,Noida,Uttar Pradesh,Flipkart,76,68534,917,89,22,22,7,10.1,2,26.7,17.2,Non-Metro
May-2023,FY24,Noida,Uttar Pradesh,Ugaoo Website,54,86898,1582,64,14,19,5,10.3,1,37.7,9.8,Non-Metro
May-2023,FY24,Noida,Uttar Pradesh,Blinkit,27,36153,1223,40,6,12,3,11.6,1,34.7,18.0,Non-Metro
May-2023,FY24,Noida,Uttar Pradesh,Zepto,30,41267,1214,42,5,12,1,6.2,1,38.1,18.4,Non-Metro
May-2023,FY24,Noida,Uttar Pradesh,Retail Store,72,79877,1095,120,24,29,7,10.4,3,19.7,15.2,Non-Metro
May-2023,FY24,Noida,Uttar Pradesh,Corporate Gifting,46,71385,1449,70,14,15,5,11.9,1,24.8,11.6,Non-Metro
May-2023,FY24,Noida,Uttar Pradesh,Meesho,13,19180,1339,21,2,6,1,7.7,0,42.6,19.0,Non-Metro
May-2023,FY24,Nashik,Maharashtra,Amazon,114,168446,1453,166,25,44,12,11.1,3,29.8,8.2,Non-Metro
May-2023,FY24,Nashik,Maharashtra,Flipkart,62,86459,1450,72,18,29,6,11.1,2,30.4,13.7,Non-Metro
May-2023,FY24,Nashik,Maharashtra,Ugaoo Website,49,66612,1460,80,10,22,4,8.8,2,18.0,5.8,Non-Metro
May-2023,FY24,Nashik,Maharashtra,Blinkit,31,32183,1187,50,6,14,3,12.7,0,30.2,5.0,Non-Metro
May-2023,FY24,Nashik,Maharashtra,Zepto,24,29068,1192,33,8,7,3,12.7,1,20.3,15.9,Non-Metro
May-2023,FY24,Nashik,Maharashtra,Retail Store,71,100313,1384,89,13,31,5,7.4,2,27.7,16.1,Non-Metro
May-2023,FY24,Nashik,Maharashtra,Corporate Gifting,38,46693,1157,52,13,11,2,6.8,2,32.6,6.0,Non-Metro
May-2023,FY24,Nashik,Maharashtra,Meesho,13,16502,1299,21,5,6,1,9.9,0,43.8,17.7,Non-Metro
May-2023,FY24,Bhopal,Madhya Pradesh,Amazon,84,126464,1526,117,28,36,4,5.6,3,18.7,7.1,Non-Metro
May-2023,FY24,Bhopal,Madhya Pradesh,Flipkart,57,66551,1148,70,12,25,2,5.0,2,18.1,18.7,Non-Metro
May-2023,FY24,Bhopal,Madhya Pradesh,Ugaoo Website,51,77772,1594,65,14,23,3,7.6,2,39.6,12.1,Non-Metro
May-2023,FY24,Bhopal,Madhya Pradesh,Blinkit,23,20624,1074,37,4,8,2,12.2,0,21.7,6.1,Non-Metro
May-2023,FY24,Bhopal,Madhya Pradesh,Zepto,34,53018,1525,51,8,15,4,12.6,0,43.1,5.1,Non-Metro
May-2023,FY24,Bhopal,Madhya Pradesh,Retail Store,55,48521,855,94,22,26,3,7.0,1,26.2,13.2,Non-Metro
May-2023,FY24,Bhopal,Madhya Pradesh,Corporate Gifting,38,45129,1304,47,14,14,1,5.1,0,34.3,8.3,Non-Metro
May-2023,FY24,Bhopal,Madhya Pradesh,Meesho,10,9680,1433,11,2,4,1,10.5,0,44.7,5.6,Non-Metro
May-2023,FY24,Indore,Madhya Pradesh,Amazon,78,70310,884,102,15,37,5,7.0,3,43.1,5.9,Non-Metro
May-2023,FY24,Indore,Madhya Pradesh,Flipkart,54,80826,1536,66,21,19,5,10.0,2,39.8,13.1,Non-Metro
May-2023,FY24,Indore,Madhya Pradesh,Ugaoo Website,56,58719,1028,65,17,25,6,11.2,3,32.0,16.3,Non-Metro
May-2023,FY24,Indore,Madhya Pradesh,Blinkit,27,33228,1229,41,6,12,2,7.8,0,43.8,11.4,Non-Metro
May-2023,FY24,Indore,Madhya Pradesh,Zepto,36,48574,1319,54,14,17,2,7.9,1,18.8,9.7,Non-Metro
May-2023,FY24,Indore,Madhya Pradesh,Retail Store,69,83406,1167,95,17,25,6,9.6,2,44.6,14.8,Non-Metro
May-2023,FY24,Indore,Madhya Pradesh,Corporate Gifting,39,43293,1100,61,15,20,4,10.6,2,23.6,14.6,Non-Metro
May-2023,FY24,Indore,Madhya Pradesh,Meesho,8,12471,1457,9,2,3,0,6.1,0,24.9,19.2,Non-Metro
Jun-2023,FY24,Bengaluru,Karnataka,Amazon,2683,2945429,1099,4184,1115,1235,313,11.7,137,28.9,8.4,Metro
Jun-2023,FY24,Bengaluru,Karnataka,Flipkart,1601,1809041,1133,1931,524,801,80,5.0,61,25.2,14.8,Metro
Jun-2023,FY24,Bengaluru,Karnataka,Ugaoo Website,1507,2207115,1462,2665,474,572,108,7.2,78,34.0,6.5,Metro
Jun-2023,FY24,Bengaluru,Karnataka,Blinkit,817,942172,1151,1035,312,259,62,7.6,33,38.0,13.1,Metro
Jun-2023,FY24,Bengaluru,Karnataka,Zepto,685,1072086,1568,1122,239,365,56,8.3,18,28.5,7.9,Metro
Jun-2023,FY24,Bengaluru,Karnataka,Retail Store,1661,2286125,1378,2749,674,521,212,12.8,54,44.9,7.2,Metro
Jun-2023,FY24,Bengaluru,Karnataka,Corporate Gifting,915,857341,938,1243,214,310,64,7.0,42,41.4,19.6,Metro
Jun-2023,FY24,Bengaluru,Karnataka,Meesho,391,473134,1212,555,136,131,40,10.4,18,36.9,15.1,Metro
Jun-2023,FY24,Mumbai,Maharashtra,Amazon,2254,1956182,870,2932,939,743,218,9.7,89,22.3,16.0,Metro
Jun-2023,FY24,Mumbai,Maharashtra,Flipkart,1291,1838208,1427,2189,398,654,109,8.5,59,19.0,9.0,Metro
Jun-2023,FY24,Mumbai,Maharashtra,Ugaoo Website,1454,1312404,906,1624,453,630,162,11.2,57,20.4,15.9,Metro
Jun-2023,FY24,Mumbai,Maharashtra,Blinkit,651,1013962,1563,817,157,292,68,10.5,14,19.0,7.6,Metro
Jun-2023,FY24,Mumbai,Maharashtra,Zepto,418,570111,1371,648,85,129,30,7.3,8,41.3,6.7,Metro
Jun-2023,FY24,Mumbai,Maharashtra,Retail Store,1877,2708400,1443,2757,621,921,232,12.4,87,26.2,17.1,Metro
Jun-2023,FY24,Mumbai,Maharashtra,Corporate Gifting,694,609260,885,1071,232,210,44,6.4,38,28.9,10.3,Metro
Jun-2023,FY24,Mumbai,Maharashtra,Meesho,256,369209,1423,352,104,122,31,12.3,10,40.1,9.0,Metro
Jun-2023,FY24,Delhi,Delhi,Amazon,1386,1724620,1247,2379,342,432,170,12.3,67,19.2,12.0,Metro
Jun-2023,FY24,Delhi,Delhi,Flipkart,1255,1668348,1330,1850,259,657,80,6.4,46,45.0,14.7,Metro
Jun-2023,FY24,Delhi,Delhi,Ugaoo Website,1006,1377561,1374,1201,304,442,80,8.0,38,30.4,18.2,Metro
Jun-2023,FY24,Delhi,Delhi,Blinkit,565,581282,1031,786,133,242,28,5.0,23,34.0,14.3,Metro
Jun-2023,FY24,Delhi,Delhi,Zepto,454,643927,1414,540,84,218,24,5.5,15,30.4,19.7,Metro
Jun-2023,FY24,Delhi,Delhi,Retail Store,1041,1432960,1378,1262,332,409,57,5.5,28,44.2,7.8,Metro
Jun-2023,FY24,Delhi,Delhi,Corporate Gifting,425,661626,1547,591,82,230,27,6.4,19,23.4,19.4,Metro
Jun-2023,FY24,Delhi,Delhi,Meesho,168,234098,1404,221,47,55,14,8.6,8,36.4,8.1,Metro
Jun-2023,FY24,Pune,Maharashtra,Amazon,924,1033097,1114,1153,268,488,103,11.2,45,37.4,6.2,Metro
Jun-2023,FY24,Pune,Maharashtra,Flipkart,730,943370,1294,1047,267,292,88,12.1,30,35.8,11.8,Metro
Jun-2023,FY24,Pune,Maharashtra,Ugaoo Website,434,530529,1231,646,93,214,45,10.5,10,39.9,17.8,Metro
Jun-2023,FY24,Pune,Maharashtra,Blinkit,458,443453,963,588,160,232,32,7.2,15,44.2,13.9,Metro
Jun-2023,FY24,Pune,Maharashtra,Zepto,245,362971,1477,377,63,111,30,12.5,12,20.3,15.8,Metro
Jun-2023,FY24,Pune,Maharashtra,Retail Store,807,943866,1175,1179,333,300,90,11.2,17,37.0,19.0,Metro
Jun-2023,FY24,Pune,Maharashtra,Corporate Gifting,365,385328,1059,552,128,146,26,7.2,20,29.9,7.7,Metro
Jun-2023,FY24,Pune,Maharashtra,Meesho,85,82457,956,102,22,38,9,10.7,3,41.7,15.7,Metro
Jun-2023,FY24,Hyderabad,Telangana,Amazon,534,489543,912,778,209,245,42,7.9,20,31.6,6.0,Metro
Jun-2023,FY24,Hyderabad,Telangana,Flipkart,545,816011,1506,928,159,279,65,12.0,20,29.8,11.3,Metro
Jun-2023,FY24,Hyderabad,Telangana,Ugaoo Website,567,570442,1012,892,196,276,30,5.4,16,39.9,11.7,Metro
Jun-2023,FY24,Hyderabad,Telangana,Blinkit,272,345014,1256,365,113,111,25,9.4,5,34.2,8.1,Metro
Jun-2023,FY24,Hyderabad,Telangana,Zepto,235,329129,1389,319,88,95,12,5.4,10,24.9,7.7,Metro
Jun-2023,FY24,Hyderabad,Telangana,Retail Store,608,917968,1517,825,227,258,31,5.1,13,33.4,18.5,Metro
Jun-2023,FY24,Hyderabad,Telangana,Corporate Gifting,334,446520,1340,523,128,108,23,7.1,15,43.5,15.4,Metro
Jun-2023,FY24,Hyderabad,Telangana,Meesho,64,72267,1102,113,16,32,5,9.2,2,29.6,13.5,Metro
Jun-2023,FY24,Chennai,Tamil Nadu,Amazon,537,584256,1089,804,159,274,49,9.2,21,18.5,10.3,Non-Metro
Jun-2023,FY24,Chennai,Tamil Nadu,Flipkart,318,373861,1176,495,121,159,16,5.1,18,27.9,6.2,Non-Metro
Jun-2023,FY24,Chennai,Tamil Nadu,Ugaoo Website,391,577860,1475,653,158,194,45,11.6,14,32.3,5.6,Non-Metro
Jun-2023,FY24,Chennai,Tamil Nadu,Blinkit,250,304767,1211,363,46,83,23,9.3,12,19.5,10.0,Non-Metro
Jun-2023,FY24,Chennai,Tamil Nadu,Zepto,110,143270,1287,142,35,40,12,11.7,5,34.9,15.9,Non-Metro
Jun-2023,FY24,Chennai,Tamil Nadu,Retail Store,417,589195,1424,745,155,204,52,12.5,9,44.2,11.0,Non-Metro
Jun-2023,FY24,Chennai,Tamil Nadu,Corporate Gifting,166,155520,908,190,42,72,9,5.6,7,24.6,11.8,Non-Metro
Jun-2023,FY24,Chennai,Tamil Nadu,Meesho,77,125983,1598,104,26,37,9,11.9,3,22.9,19.0,Non-Metro
Jun-2023,FY24,Kolkata,West Bengal,Amazon,483,706075,1470,687,91,212,52,10.8,11,27.2,9.8,Non-Metro
Jun-2023,FY24,Kolkata,West Bengal,Flipkart,263,354479,1346,309,53,136,33,12.8,14,43.8,12.9,Non-Metro
Jun-2023,FY24,Kolkata,West Bengal,Ugaoo Website,313,278265,896,366,91,151,40,12.9,17,41.8,19.0,Non-Metro
Jun-2023,FY24,Kolkata,West Bengal,Blinkit,134,158276,1186,177,31,48,14,10.8,7,28.6,6.1,Non-Metro
Jun-2023,FY24,Kolkata,West Bengal,Zepto,92,83797,954,124,27,39,8,9.1,2,42.6,6.5,Non-Metro
Jun-2023,FY24,Kolkata,West Bengal,Retail Store,213,205723,985,333,66,114,13,6.5,5,38.3,11.9,Non-Metro
Jun-2023,FY24,Kolkata,West Bengal,Corporate Gifting,163,254364,1560,196,65,83,10,6.7,5,26.2,12.3,Non-Metro
Jun-2023,FY24,Kolkata,West Bengal,Meesho,61,83350,1393,88,12,19,4,7.0,3,23.2,18.1,Non-Metro
Jun-2023,FY24,Ahmedabad,Gujarat,Amazon,274,285187,1038,454,103,134,17,6.5,14,20.4,16.2,Non-Metro
Jun-2023,FY24,Ahmedabad,Gujarat,Flipkart,261,365634,1407,322,51,128,16,6.5,11,38.4,6.7,Non-Metro
Jun-2023,FY24,Ahmedabad,Gujarat,Ugaoo Website,195,216217,1111,227,52,77,24,12.6,7,35.9,10.0,Non-Metro
Jun-2023,FY24,Ahmedabad,Gujarat,Blinkit,126,158779,1262,181,51,64,7,5.8,6,28.2,16.6,Non-Metro
Jun-2023,FY24,Ahmedabad,Gujarat,Zepto,66,68341,1062,86,13,30,3,5.8,3,34.4,9.7,Non-Metro
Jun-2023,FY24,Ahmedabad,Gujarat,Retail Store,224,229795,1019,383,82,78,28,12.5,7,42.7,17.7,Non-Metro
Jun-2023,FY24,Ahmedabad,Gujarat,Corporate Gifting,127,115804,880,183,27,52,8,6.5,5,33.7,13.7,Non-Metro
Jun-2023,FY24,Ahmedabad,Gujarat,Meesho,39,59997,1513,53,16,18,2,6.6,2,37.2,9.5,Non-Metro
Jun-2023,FY24,Jaipur,Rajasthan,Amazon,199,224927,1153,290,57,95,20,10.2,6,42.7,5.1,Non-Metro
Jun-2023,FY24,Jaipur,Rajasthan,Flipkart,185,270077,1439,317,68,97,18,10.1,9,24.5,14.0,Non-Metro
Jun-2023,FY24,Jaipur,Rajasthan,Ugaoo Website,113,165339,1439,146,34,36,9,8.2,5,39.7,18.2,Non-Metro
Jun-2023,FY24,Jaipur,Rajasthan,Blinkit,68,95106,1440,101,24,30,4,6.1,1,25.7,7.2,Non-Metro
Jun-2023,FY24,Jaipur,Rajasthan,Zepto,51,49949,883,87,15,15,5,11.0,2,36.0,11.7,Non-Metro
Jun-2023,FY24,Jaipur,Rajasthan,Retail Store,109,134953,1197,156,20,53,6,5.7,3,35.3,13.3,Non-Metro
Jun-2023,FY24,Jaipur,Rajasthan,Corporate Gifting,62,62179,1049,86,14,27,6,10.0,2,37.5,6.9,Non-Metro
Jun-2023,FY24,Jaipur,Rajasthan,Meesho,22,23202,1108,24,6,8,1,8.9,1,42.9,9.4,Non-Metro
Jun-2023,FY24,Gurgaon,Haryana,Amazon,167,234188,1426,226,50,65,9,5.9,7,33.5,19.1,Non-Metro
Jun-2023,FY24,Gurgaon,Haryana,Flipkart,146,151927,1038,226,35,56,15,10.6,3,31.4,14.3,Non-Metro
Jun-2023,FY24,Gurgaon,Haryana,Ugaoo Website,105,132873,1294,121,21,40,10,9.8,4,37.8,9.2,Non-Metro
Jun-2023,FY24,Gurgaon,Haryana,Blinkit,57,51349,953,68,16,28,5,9.1,3,26.2,19.3,Non-Metro
Jun-2023,FY24,Gurgaon,Haryana,Zepto,63,58663,984,93,13,33,5,8.3,2,35.2,10.2,Non-Metro
Jun-2023,FY24,Gurgaon,Haryana,Retail Store,139,171713,1227,240,41,68,8,6.3,5,43.6,18.8,Non-Metro
Jun-2023,FY24,Gurgaon,Haryana,Corporate Gifting,77,77625,1003,110,28,25,9,11.7,4,42.9,6.7,Non-Metro
Jun-2023,FY24,Gurgaon,Haryana,Meesho,26,44072,1539,31,8,8,3,11.8,1,19.2,12.8,Non-Metro
Jun-2023,FY24,Noida,Uttar Pradesh,Amazon,106,139620,1273,177,43,45,11,10.8,4,38.0,18.5,Non-Metro
Jun-2023,FY24,Noida,Uttar Pradesh,Flipkart,86,121568,1464,137,28,29,8,9.7,4,25.7,18.8,Non-Metro
Jun-2023,FY24,Noida,Uttar Pradesh,Ugaoo Website,57,47205,865,78,17,21,6,11.6,2,27.4,9.8,Non-Metro
Jun-2023,FY24,Noida,Uttar Pradesh,Blinkit,39,46951,1177,59,11,19,2,6.0,1,21.9,16.5,Non-Metro
Jun-2023,FY24,Noida,Uttar Pradesh,Zepto,40,53456,1446,54,16,13,5,12.8,1,22.7,8.5,Non-Metro
Jun-2023,FY24,Noida,Uttar Pradesh,Retail Store,82,91071,1143,145,18,28,7,8.7,2,20.6,10.9,Non-Metro
Jun-2023,FY24,Noida,Uttar Pradesh,Corporate Gifting,41,47431,1180,63,12,12,2,6.8,2,26.5,10.8,Non-Metro
Jun-2023,FY24,Noida,Uttar Pradesh,Meesho,12,17165,1210,20,3,3,0,6.6,0,25.0,5.9,Non-Metro
Jun-2023,FY24,Nashik,Maharashtra,Amazon,69,68051,1047,90,25,21,7,10.8,1,32.3,17.6,Non-Metro
Jun-2023,FY24,Nashik,Maharashtra,Flipkart,86,90493,1061,136,25,39,8,9.9,1,18.2,17.3,Non-Metro
Jun-2023,FY24,Nashik,Maharashtra,Ugaoo Website,52,68045,1377,79,12,28,4,9.4,1,32.7,18.8,Non-Metro
Jun-2023,FY24,Nashik,Maharashtra,Blinkit,35,45631,1373,43,12,14,2,6.9,1,39.1,6.5,Non-Metro
Jun-2023,FY24,Nashik,Maharashtra,Zepto,28,33478,1051,38,6,11,2,8.9,0,38.8,12.8,Non-Metro
Jun-2023,FY24,Nashik,Maharashtra,Retail Store,92,138452,1470,144,27,34,6,7.0,2,41.2,11.2,Non-Metro
Jun-2023,FY24,Nashik,Maharashtra,Corporate Gifting,43,40204,884,57,10,20,4,10.0,1,20.4,8.4,Non-Metro
Jun-2023,FY24,Nashik,Maharashtra,Meesho,9,15620,1547,11,2,4,0,5.3,0,20.5,8.7,Non-Metro
Jun-2023,FY24,Bhopal,Madhya Pradesh,Amazon,87,86246,970,153,22,45,8,9.5,3,36.9,11.5,Non-Metro
Jun-2023,FY24,Bhopal,Madhya Pradesh,Flipkart,55,53706,1021,90,19,24,5,9.6,2,30.8,7.5,Non-Metro
Jun-2023,FY24,Bhopal,Madhya Pradesh,Ugaoo Website,53,62202,1107,69,15,25,6,11.6,1,19.1,5.7,Non-Metro
Jun-2023,FY24,Bhopal,Madhya Pradesh,Blinkit,34,33312,860,38,6,12,2,7.1,1,30.9,15.1,Non-Metro
Jun-2023,FY24,Bhopal,Madhya Pradesh,Zepto,31,29359,882,40,12,13,2,7.7,1,38.6,12.8,Non-Metro
Jun-2023,FY24,Bhopal,Madhya Pradesh,Retail Store,54,73036,1371,71,20,27,6,12.8,2,21.9,6.7,Non-Metro
Jun-2023,FY24,Bhopal,Madhya Pradesh,Corporate Gifting,34,44108,1379,54,6,17,3,10.9,0,36.1,8.2,Non-Metro
Jun-2023,FY24,Bhopal,Madhya Pradesh,Meesho,13,12095,1130,17,4,4,1,12.0,0,27.0,19.1,Non-Metro
Jun-2023,FY24,Indore,Madhya Pradesh,Amazon,102,103385,974,125,31,54,8,8.8,5,28.3,12.7,Non-Metro
Jun-2023,FY24,Indore,Madhya Pradesh,Flipkart,88,109455,1279,158,17,48,10,11.9,3,33.1,15.1,Non-Metro
Jun-2023,FY24,Indore,Madhya Pradesh,Ugaoo Website,70,74870,1006,106,16,23,6,9.3,4,41.3,5.8,Non-Metro
Jun-2023,FY24,Indore,Madhya Pradesh,Blinkit,38,61142,1515,43,13,13,2,5.9,1,29.3,19.6,Non-Metro
Jun-2023,FY24,Indore,Madhya Pradesh,Zepto,29,31797,1211,48,8,10,1,6.1,1,30.6,13.3,Non-Metro
Jun-2023,FY24,Indore,Madhya Pradesh,Retail Store,101,101136,1049,124,24,45,10,10.3,3,27.1,16.9,Non-Metro
Jun-2023,FY24,Indore,Madhya Pradesh,Corporate Gifting,36,58178,1579,48,12,16,3,9.8,1,23.7,7.5,Non-Metro
Jun-2023,FY24,Indore,Madhya Pradesh,Meesho,12,15765,1432,17,3,4,0,6.3,0,43.9,8.6,Non-Metro
Jul-2023,FY24,Bengaluru,Karnataka,Amazon,2616,3073435,1175,2983,600,1379,183,7.0,77,21.3,12.2,Metro
Jul-2023,FY24,Bengaluru,Karnataka,Flipkart,1826,2298667,1258,3150,429,602,153,8.4,73,34.7,17.5,Metro
Jul-2023,FY24,Bengaluru,Karnataka,Ugaoo Website,2095,2855611,1364,2335,825,721,127,6.1,96,37.3,7.3,Metro
Jul-2023,FY24,Bengaluru,Karnataka,Blinkit,829,1117157,1343,1103,224,435,47,5.7,29,33.4,14.6,Metro
Jul-2023,FY24,Bengaluru,Karnataka,Zepto,781,1209953,1551,1123,231,315,87,11.2,24,30.0,16.3,Metro
Jul-2023,FY24,Bengaluru,Karnataka,Retail Store,2049,2535174,1236,2524,570,673,192,9.4,50,21.8,16.3,Metro
Jul-2023,FY24,Bengaluru,Karnataka,Corporate Gifting,1272,1556313,1227,1632,463,526,63,5.0,59,20.9,11.7,Metro
Jul-2023,FY24,Bengaluru,Karnataka,Meesho,452,710258,1574,745,128,202,28,6.3,23,43.5,11.4,Metro
Jul-2023,FY24,Mumbai,Maharashtra,Amazon,2085,2186550,1050,3675,728,994,225,10.8,89,42.4,11.0,Metro
Jul-2023,FY24,Mumbai,Maharashtra,Flipkart,1927,2961709,1537,2453,609,690,229,11.9,99,29.2,11.2,Metro
Jul-2023,FY24,Mumbai,Maharashtra,Ugaoo Website,1833,1933876,1057,2244,693,789,159,8.7,87,42.8,16.5,Metro
Jul-2023,FY24,Mumbai,Maharashtra,Blinkit,1073,1515542,1408,1810,393,455,97,9.1,43,38.8,10.3,Metro
Jul-2023,FY24,Mumbai,Maharashtra,Zepto,873,769793,877,1213,239,324,58,6.7,41,24.6,19.5,Metro
Jul-2023,FY24,Mumbai,Maharashtra,Retail Store,1100,1335620,1210,1647,363,448,68,6.2,26,43.6,16.4,Metro
Jul-2023,FY24,Mumbai,Maharashtra,Corporate Gifting,771,954872,1234,915,202,417,44,5.8,37,43.7,12.8,Metro
Jul-2023,FY24,Mumbai,Maharashtra,Meesho,344,317915,916,547,138,107,41,12.1,17,25.0,7.0,Metro
Jul-2023,FY24,Delhi,Delhi,Amazon,1399,1791930,1281,2230,276,525,165,11.8,58,36.3,9.0,Metro
Jul-2023,FY24,Delhi,Delhi,Flipkart,1380,2170791,1572,2144,509,611,92,6.7,59,37.3,14.4,Metro
Jul-2023,FY24,Delhi,Delhi,Ugaoo Website,765,994351,1306,1111,186,325,54,7.1,23,33.4,12.6,Metro
Jul-2023,FY24,Delhi,Delhi,Blinkit,608,603431,993,797,131,207,54,8.9,30,39.0,13.7,Metro
Jul-2023,FY24,Delhi,Delhi,Zepto,466,508223,1099,780,160,181,34,7.5,19,26.4,9.5,Metro
Jul-2023,FY24,Delhi,Delhi,Retail Store,1480,1742341,1176,1727,557,736,78,5.3,34,32.2,19.9,Metro
Jul-2023,FY24,Delhi,Delhi,Corporate Gifting,612,634838,1031,678,211,257,59,9.8,17,43.2,5.2,Metro
Jul-2023,FY24,Delhi,Delhi,Meesho,237,263881,1117,281,70,82,21,9.2,5,42.1,5.7,Metro
Jul-2023,FY24,Pune,Maharashtra,Amazon,1203,1205459,1006,2043,385,533,140,11.7,28,19.8,12.4,Metro
Jul-2023,FY24,Pune,Maharashtra,Flipkart,741,649594,874,1085,141,365,94,12.8,25,32.2,17.0,Metro
Jul-2023,FY24,Pune,Maharashtra,Ugaoo Website,745,702748,945,968,302,409,70,9.5,27,24.6,5.4,Metro
Jul-2023,FY24,Pune,Maharashtra,Blinkit,454,705095,1557,626,113,196,31,7.0,16,25.4,14.7,Metro
Jul-2023,FY24,Pune,Maharashtra,Zepto,424,656304,1550,752,121,189,44,10.5,24,29.5,12.1,Metro
Jul-2023,FY24,Pune,Maharashtra,Retail Store,1219,1894266,1554,1680,486,479,63,5.2,45,38.5,14.2,Metro
Jul-2023,FY24,Pune,Maharashtra,Corporate Gifting,319,481586,1521,402,113,127,34,10.8,7,33.1,19.2,Metro
Jul-2023,FY24,Pune,Maharashtra,Meesho,166,230680,1397,210,65,78,20,12.4,4,31.7,19.1,Metro
Jul-2023,FY24,Hyderabad,Telangana,Amazon,723,762480,1055,1262,172,386,89,12.4,37,30.5,12.0,Metro
Jul-2023,FY24,Hyderabad,Telangana,Flipkart,720,1127134,1568,1096,296,219,69,9.7,33,18.1,5.9,Metro
Jul-2023,FY24,Hyderabad,Telangana,Ugaoo Website,647,805891,1248,968,133,298,82,12.8,19,39.7,12.8,Metro
Jul-2023,FY24,Hyderabad,Telangana,Blinkit,247,388008,1584,362,67,91,28,11.5,6,41.7,5.6,Metro
Jul-2023,FY24,Hyderabad,Telangana,Zepto,288,412808,1450,476,80,119,36,12.8,14,18.2,6.7,Metro
Jul-2023,FY24,Hyderabad,Telangana,Retail Store,706,640688,908,1235,191,261,57,8.1,40,34.3,7.8,Metro
Jul-2023,FY24,Hyderabad,Telangana,Corporate Gifting,327,483146,1468,463,123,167,40,12.5,7,30.8,5.8,Metro
Jul-2023,FY24,Hyderabad,Telangana,Meesho,127,168100,1338,176,33,62,13,10.4,5,44.5,14.5,Metro
Jul-2023,FY24,Chennai,Tamil Nadu,Amazon,402,607295,1512,716,92,202,32,8.1,23,43.6,6.2,Non-Metro
Jul-2023,FY24,Chennai,Tamil Nadu,Flipkart,574,613877,1061,675,197,293,51,8.9,15,20.4,7.7,Non-Metro
Jul-2023,FY24,Chennai,Tamil Nadu,Ugaoo Website,336,433991,1301,395,125,159,24,7.2,17,18.2,16.7,Non-Metro
Jul-2023,FY24,Chennai,Tamil Nadu,Blinkit,192,235402,1250,286,45,73,20,10.9,7,33.3,17.5,Non-Metro
Jul-2023,FY24,Chennai,Tamil Nadu,Zepto,200,260378,1284,239,49,103,13,6.7,4,18.7,12.0,Non-Metro
Jul-2023,FY24,Chennai,Tamil Nadu,Retail Store,466,480808,1023,581,88,229,47,10.2,11,39.2,13.2,Non-Metro
Jul-2023,FY24,Chennai,Tamil Nadu,Corporate Gifting,252,290590,1138,393,94,127,17,6.8,14,31.1,17.4,Non-Metro
Jul-2023,FY24,Chennai,Tamil Nadu,Meesho,82,122689,1459,96,33,30,6,8.3,3,43.3,18.3,Non-Metro
Jul-2023,FY24,Kolkata,West Bengal,Amazon,318,431398,1366,385,102,123,35,11.1,17,27.6,6.0,Non-Metro
Jul-2023,FY24,Kolkata,West Bengal,Flipkart,395,618592,1563,489,72,146,45,11.4,9,40.1,10.2,Non-Metro
Jul-2023,FY24,Kolkata,West Bengal,Ugaoo Website,157,234215,1517,202,30,67,8,5.5,6,41.5,16.8,Non-Metro
Jul-2023,FY24,Kolkata,West Bengal,Blinkit,146,139038,947,212,50,58,17,11.8,8,20.6,11.4,Non-Metro
Jul-2023,FY24,Kolkata,West Bengal,Zepto,141,218939,1561,219,29,69,13,9.4,5,35.0,7.8,Non-Metro
Jul-2023,FY24,Kolkata,West Bengal,Retail Store,173,232048,1364,258,56,67,14,8.3,6,43.9,12.2,Non-Metro
Jul-2023,FY24,Kolkata,West Bengal,Corporate Gifting,152,237759,1547,219,28,72,9,6.0,6,31.9,6.4,Non-Metro
Jul-2023,FY24,Kolkata,West Bengal,Meesho,58,77736,1278,94,12,18,7,12.8,2,25.4,10.2,Non-Metro
Jul-2023,FY24,Ahmedabad,Gujarat,Amazon,376,519962,1392,463,120,190,25,6.8,10,44.9,17.8,Non-Metro
Jul-2023,FY24,Ahmedabad,Gujarat,Flipkart,223,199375,909,399,58,118,19,8.6,11,40.0,19.2,Non-Metro
Jul-2023,FY24,Ahmedabad,Gujarat,Ugaoo Website,277,288605,1027,338,57,141,28,10.2,6,41.8,13.4,Non-Metro
Jul-2023,FY24,Ahmedabad,Gujarat,Blinkit,81,101774,1294,126,19,28,10,12.9,4,27.6,5.3,Non-Metro
Jul-2023,FY24,Ahmedabad,Gujarat,Zepto,103,109191,1019,120,27,34,12,12.1,3,30.4,17.1,Non-Metro
Jul-2023,FY24,Ahmedabad,Gujarat,Retail Store,222,328329,1471,372,51,72,21,9.5,11,44.0,10.7,Non-Metro
Jul-2023,FY24,Ahmedabad,Gujarat,Corporate Gifting,157,148935,933,206,31,73,19,12.5,5,31.0,18.7,Non-Metro
Jul-2023,FY24,Ahmedabad,Gujarat,Meesho,32,28532,982,57,12,15,2,8.3,0,34.9,16.7,Non-Metro
Jul-2023,FY24,Jaipur,Rajasthan,Amazon,161,189793,1207,285,41,71,12,7.9,8,20.9,5.4,Non-Metro
Jul-2023,FY24,Jaipur,Rajasthan,Flipkart,148,213359,1468,216,53,50,10,6.9,8,18.5,18.1,Non-Metro
Jul-2023,FY24,Jaipur,Rajasthan,Ugaoo Website,163,231061,1399,199,31,87,20,12.5,4,39.6,7.8,Non-Metro
Jul-2023,FY24,Jaipur,Rajasthan,Blinkit,82,71363,890,93,25,42,8,10.8,4,20.3,18.1,Non-Metro
Jul-2023,FY24,Jaipur,Rajasthan,Zepto,75,108731,1486,105,30,28,5,6.7,1,44.7,6.9,Non-Metro
Jul-2023,FY24,Jaipur,Rajasthan,Retail Store,139,172441,1245,212,36,75,9,6.5,5,39.4,8.4,Non-Metro
Jul-2023,FY24,Jaipur,Rajasthan,Corporate Gifting,108,151295,1358,159,40,47,8,7.9,4,34.4,10.1,Non-Metro
Jul-2023,FY24,Jaipur,Rajasthan,Meesho,39,48500,1348,56,14,21,4,10.7,1,31.9,17.3,Non-Metro
Jul-2023,FY24,Gurgaon,Haryana,Amazon,163,156726,943,235,60,75,8,5.4,4,33.6,16.2,Non-Metro
Jul-2023,FY24,Gurgaon,Haryana,Flipkart,226,298137,1301,368,85,82,18,8.2,8,38.5,12.3,Non-Metro
Jul-2023,FY24,Gurgaon,Haryana,Ugaoo Website,132,158090,1189,162,38,67,14,11.2,4,22.0,9.1,Non-Metro
Jul-2023,FY24,Gurgaon,Haryana,Blinkit,68,76681,1135,102,20,36,7,10.7,1,34.0,18.4,Non-Metro
Jul-2023,FY24,Gurgaon,Haryana,Zepto,69,88752,1261,105,20,35,8,12.0,2,20.3,9.8,Non-Metro
Jul-2023,FY24,Gurgaon,Haryana,Retail Store,162,217639,1358,198,36,63,18,11.5,7,30.4,17.2,Non-Metro
Jul-2023,FY24,Gurgaon,Haryana,Corporate Gifting,83,77298,960,128,19,29,4,5.2,4,41.0,6.6,Non-Metro
Jul-2023,FY24,Gurgaon,Haryana,Meesho,34,42594,1117,44,10,15,3,9.8,1,37.8,7.1,Non-Metro
Jul-2023,FY24,Noida,Uttar Pradesh,Amazon,115,115418,983,138,27,59,14,12.2,6,31.7,13.7,Non-Metro
Jul-2023,FY24,Noida,Uttar Pradesh,Flipkart,92,130975,1403,113,32,37,5,5.8,5,34.5,14.4,Non-Metro
Jul-2023,FY24,Noida,Uttar Pradesh,Ugaoo Website,57,59715,1122,62,10,18,3,6.4,2,36.7,5.2,Non-Metro
Jul-2023,FY24,Noida,Uttar Pradesh,Blinkit,32,29802,900,42,12,10,3,11.8,0,23.3,18.0,Non-Metro
Jul-2023,FY24,Noida,Uttar Pradesh,Zepto,37,30415,921,64,7,14,3,8.4,1,32.9,5.6,Non-Metro
Jul-2023,FY24,Noida,Uttar Pradesh,Retail Store,97,101158,1025,160,34,37,5,6.1,3,29.1,14.1,Non-Metro
Jul-2023,FY24,Noida,Uttar Pradesh,Corporate Gifting,42,48338,1096,54,9,14,4,9.9,1,44.1,19.8,Non-Metro
Jul-2023,FY24,Noida,Uttar Pradesh,Meesho,18,26692,1385,24,6,7,1,7.6,0,44.1,16.4,Non-Metro
Jul-2023,FY24,Nashik,Maharashtra,Amazon,127,146391,1183,188,51,61,11,9.2,3,30.1,19.8,Non-Metro
Jul-2023,FY24,Nashik,Maharashtra,Flipkart,78,123957,1595,86,21,36,8,10.5,3,36.6,13.7,Non-Metro
Jul-2023,FY24,Nashik,Maharashtra,Ugaoo Website,100,122556,1211,142,30,33,5,5.8,4,37.1,5.6,Non-Metro
Jul-2023,FY24,Nashik,Maharashtra,Blinkit,43,48508,1098,52,11,23,2,5.2,1,26.3,19.2,Non-Metro
Jul-2023,FY24,Nashik,Maharashtra,Zepto,28,31381,1263,32,5,13,2,9.8,0,35.4,11.0,Non-Metro
Jul-2023,FY24,Nashik,Maharashtra,Retail Store,94,111722,1212,161,26,44,8,8.7,4,27.0,17.3,Non-Metro
Jul-2023,FY24,Nashik,Maharashtra,Corporate Gifting,32,47334,1595,48,9,17,2,8.1,1,38.0,16.5,Non-Metro
Jul-2023,FY24,Nashik,Maharashtra,Meesho,16,22177,1248,23,4,6,1,6.7,0,37.9,12.1,Non-Metro
Jul-2023,FY24,Bhopal,Madhya Pradesh,Amazon,88,132317,1525,110,16,47,10,11.5,3,36.2,16.7,Non-Metro
Jul-2023,FY24,Bhopal,Madhya Pradesh,Flipkart,110,104994,913,191,35,39,8,7.8,2,39.1,19.3,Non-Metro
Jul-2023,FY24,Bhopal,Madhya Pradesh,Ugaoo Website,86,133340,1582,147,21,28,4,5.1,4,19.5,17.4,Non-Metro
Jul-2023,FY24,Bhopal,Madhya Pradesh,Blinkit,41,61363,1552,52,9,15,2,5.2,1,40.2,8.1,Non-Metro
Jul-2023,FY24,Bhopal,Madhya Pradesh,Zepto,31,47977,1412,54,7,11,3,11.7,1,39.6,10.3,Non-Metro
Jul-2023,FY24,Bhopal,Madhya Pradesh,Retail Store,105,156293,1509,169,38,55,9,9.3,5,43.4,13.1,Non-Metro
Jul-2023,FY24,Bhopal,Madhya Pradesh,Corporate Gifting,57,67442,1268,93,17,19,6,11.5,2,34.2,17.3,Non-Metro
Jul-2023,FY24,Bhopal,Madhya Pradesh,Meesho,14,15653,1344,23,5,6,0,6.8,0,34.7,10.5,Non-Metro
Jul-2023,FY24,Indore,Madhya Pradesh,Amazon,112,176913,1540,180,40,45,7,7.0,6,40.1,10.8,Non-Metro
Jul-2023,FY24,Indore,Madhya Pradesh,Flipkart,106,145066,1405,179,30,49,6,6.3,3,21.9,6.2,Non-Metro
Jul-2023,FY24,Indore,Madhya Pradesh,Ugaoo Website,72,66844,904,97,23,23,5,7.1,2,42.9,11.8,Non-Metro
Jul-2023,FY24,Indore,Madhya Pradesh,Blinkit,38,44359,1227,55,13,17,2,6.9,1,25.7,15.1,Non-Metro
Jul-2023,FY24,Indore,Madhya Pradesh,Zepto,33,40400,1346,42,12,14,2,8.4,1,18.1,16.0,Non-Metro
Jul-2023,FY24,Indore,Madhya Pradesh,Retail Store,84,129949,1500,130,34,33,7,8.5,3,22.5,13.1,Non-Metro
Jul-2023,FY24,Indore,Madhya Pradesh,Corporate Gifting,50,56296,1037,81,15,19,3,7.3,1,30.1,10.8,Non-Metro
Jul-2023,FY24,Indore,Madhya Pradesh,Meesho,15,15060,1062,24,2,4,1,7.1,0,20.7,18.6,Non-Metro
Aug-2023,FY24,Bengaluru,Karnataka,Amazon,3271,5176695,1583,4567,1079,1151,353,10.8,128,25.3,14.5,Metro
Aug-2023,FY24,Bengaluru,Karnataka,Flipkart,2223,1947403,877,3730,472,718,135,6.1,129,29.8,15.1,Metro
Aug-2023,FY24,Bengaluru,Karnataka,Ugaoo Website,2210,3137911,1420,3421,476,1201,232,10.5,75,34.0,16.4,Metro
Aug-2023,FY24,Bengaluru,Karnataka,Blinkit,1209,1791427,1478,1704,342,448,112,9.3,31,41.5,14.1,Metro
Aug-2023,FY24,Bengaluru,Karnataka,Zepto,1084,1236998,1142,1420,309,389,106,9.8,31,42.2,6.7,Metro
Aug-2023,FY24,Bengaluru,Karnataka,Retail Store,2674,3613384,1352,3635,711,1214,133,5.0,100,34.8,8.6,Metro
Aug-2023,FY24,Bengaluru,Karnataka,Corporate Gifting,1018,1122602,1106,1743,220,540,70,6.9,49,34.1,7.7,Metro
Aug-2023,FY24,Bengaluru,Karnataka,Meesho,465,552674,1199,653,157,202,23,5.1,20,28.4,11.4,Metro
Aug-2023,FY24,Mumbai,Maharashtra,Amazon,1864,2978021,1599,2182,432,586,182,9.8,57,35.4,12.7,Metro
Aug-2023,FY24,Mumbai,Maharashtra,Flipkart,1992,2147139,1077,2877,434,926,141,7.1,78,19.8,7.2,Metro
Aug-2023,FY24,Mumbai,Maharashtra,Ugaoo Website,1396,1982603,1417,2473,520,460,117,8.4,35,37.3,18.2,Metro
Aug-2023,FY24,Mumbai,Maharashtra,Blinkit,619,638609,1037,757,136,328,77,12.5,29,42.8,5.6,Metro
Aug-2023,FY24,Mumbai,Maharashtra,Zepto,1036,1511445,1461,1533,214,445,107,10.4,56,41.1,12.3,Metro
Aug-2023,FY24,Mumbai,Maharashtra,Retail Store,1164,1102018,947,1557,252,429,107,9.2,38,40.5,15.4,Metro
Aug-2023,FY24,Mumbai,Maharashtra,Corporate Gifting,935,1478453,1579,1534,224,325,62,6.7,46,26.1,16.8,Metro
Aug-2023,FY24,Mumbai,Maharashtra,Meesho,318,383427,1219,440,98,159,40,12.8,10,41.2,6.7,Metro
Aug-2023,FY24,Delhi,Delhi,Amazon,1466,1655273,1126,2082,271,581,115,7.9,75,40.2,11.7,Metro
Aug-2023,FY24,Delhi,Delhi,Flipkart,1618,1835310,1133,2418,351,561,131,8.1,35,40.0,10.0,Metro
Aug-2023,FY24,Delhi,Delhi,Ugaoo Website,1240,1545213,1247,1484,225,461,69,5.6,49,44.6,8.7,Metro
Aug-2023,FY24,Delhi,Delhi,Blinkit,693,833531,1197,901,242,231,79,11.5,18,39.4,10.6,Metro
Aug-2023,FY24,Delhi,Delhi,Zepto,689,1002031,1453,797,267,373,87,12.7,22,24.9,17.9,Metro
Aug-2023,FY24,Delhi,Delhi,Retail Store,999,1233677,1237,1623,229,484,103,10.4,33,31.1,12.9,Metro
Aug-2023,FY24,Delhi,Delhi,Corporate Gifting,699,838018,1199,1175,238,216,37,5.4,22,20.9,11.0,Metro
Aug-2023,FY24,Delhi,Delhi,Meesho,218,223367,1018,289,89,89,11,5.5,12,18.7,19.5,Metro
Aug-2023,FY24,Pune,Maharashtra,Amazon,1282,1626067,1268,1956,302,446,82,6.4,54,25.8,9.1,Metro
Aug-2023,FY24,Pune,Maharashtra,Flipkart,1257,1480248,1175,1964,504,409,130,10.4,25,18.7,7.8,Metro
Aug-2023,FY24,Pune,Maharashtra,Ugaoo Website,1167,1436980,1232,1504,283,432,143,12.3,50,40.4,12.2,Metro
Aug-2023,FY24,Pune,Maharashtra,Blinkit,345,553150,1595,549,85,111,42,12.4,20,19.4,15.4,Metro
Aug-2023,FY24,Pune,Maharashtra,Zepto,146,161487,1075,190,41,53,11,8.1,8,44.2,15.6,Metro
Aug-2023,FY24,Pune,Maharashtra,Retail Store,565,894408,1583,847,151,188,63,11.2,23,30.1,13.4,Metro
Aug-2023,FY24,Pune,Maharashtra,Corporate Gifting,488,545464,1128,866,173,221,51,10.6,23,30.8,17.8,Metro
Aug-2023,FY24,Pune,Maharashtra,Meesho,180,263923,1452,305,33,95,16,8.9,7,37.5,13.7,Metro
Aug-2023,FY24,Hyderabad,Telangana,Amazon,725,1084174,1492,961,134,396,58,8.0,19,44.5,14.3,Metro
Aug-2023,FY24,Hyderabad,Telangana,Flipkart,1030,1348470,1306,1187,279,557,63,6.2,51,31.9,14.9,Metro
Aug-2023,FY24,Hyderabad,Telangana,Ugaoo Website,709,1130161,1600,1059,145,388,61,8.7,35,25.4,13.2,Metro
Aug-2023,FY24,Hyderabad,Telangana,Blinkit,204,182571,888,308,41,107,15,7.7,10,25.9,13.9,Metro
Aug-2023,FY24,Hyderabad,Telangana,Zepto,248,291938,1180,303,85,103,21,8.6,12,29.8,5.6,Metro
Aug-2023,FY24,Hyderabad,Telangana,Retail Store,673,895784,1326,769,264,234,74,11.1,26,23.9,19.3,Metro
Aug-2023,FY24,Hyderabad,Telangana,Corporate Gifting,301,453906,1512,511,116,95,18,6.1,9,31.8,9.9,Metro
Aug-2023,FY24,Hyderabad,Telangana,Meesho,97,106439,1090,157,24,33,9,9.5,5,21.7,8.7,Metro
Aug-2023,FY24,Chennai,Tamil Nadu,Amazon,874,993984,1134,1034,206,394,83,9.6,30,43.4,15.0,Non-Metro
Aug-2023,FY24,Chennai,Tamil Nadu,Flipkart,471,593038,1265,531,170,169,59,12.7,10,41.2,13.5,Non-Metro
Aug-2023,FY24,Chennai,Tamil Nadu,Ugaoo Website,436,649203,1486,748,100,156,22,5.2,14,35.1,17.5,Non-Metro
Aug-2023,FY24,Chennai,Tamil Nadu,Blinkit,296,410458,1372,498,105,91,33,11.2,7,24.8,10.5,Non-Metro
Aug-2023,FY24,Chennai,Tamil Nadu,Zepto,252,257110,1008,285,70,129,26,10.4,11,34.5,5.9,Non-Metro
Aug-2023,FY24,Chennai,Tamil Nadu,Retail Store,680,928141,1366,1044,141,216,67,9.9,27,31.4,18.1,Non-Metro
Aug-2023,FY24,Chennai,Tamil Nadu,Corporate Gifting,282,274273,981,507,85,145,31,11.0,10,43.6,9.5,Non-Metro
Aug-2023,FY24,Chennai,Tamil Nadu,Meesho,99,154639,1540,153,29,33,10,10.8,3,30.8,19.1,Non-Metro
Aug-2023,FY24,Kolkata,West Bengal,Amazon,385,340374,887,510,102,166,40,10.4,10,33.8,14.4,Non-Metro
Aug-2023,FY24,Kolkata,West Bengal,Flipkart,455,496201,1086,775,85,178,53,11.8,25,27.6,5.9,Non-Metro
Aug-2023,FY24,Kolkata,West Bengal,Ugaoo Website,345,411425,1180,527,110,178,27,8.1,15,34.1,17.2,Non-Metro
Aug-2023,FY24,Kolkata,West Bengal,Blinkit,161,186400,1182,207,53,49,15,9.4,4,24.3,19.2,Non-Metro
Aug-2023,FY24,Kolkata,West Bengal,Zepto,202,239057,1173,268,38,83,24,11.9,8,31.0,14.4,Non-Metro
Aug-2023,FY24,Kolkata,West Bengal,Retail Store,258,239691,940,395,75,121,20,7.8,14,29.9,14.2,Non-Metro
Aug-2023,FY24,Kolkata,West Bengal,Corporate Gifting,226,197339,866,341,55,118,21,9.3,9,28.6,16.6,Non-Metro
Aug-2023,FY24,Kolkata,West Bengal,Meesho,52,40740,875,81,15,20,4,8.2,2,25.5,14.5,Non-Metro
Aug-2023,FY24,Ahmedabad,Gujarat,Amazon,406,377604,936,457,95,203,47,11.7,17,26.7,9.8,Non-Metro
Aug-2023,FY24,Ahmedabad,Gujarat,Flipkart,224,345329,1550,267,90,104,24,10.8,5,30.0,11.4,Non-Metro
Aug-2023,FY24,Ahmedabad,Gujarat,Ugaoo Website,224,242428,1098,252,92,76,21,9.4,8,42.8,14.9,Non-Metro
Aug-2023,FY24,Ahmedabad,Gujarat,Blinkit,102,118499,1172,162,33,45,7,7.4,4,37.3,17.2,Non-Metro
Aug-2023,FY24,Ahmedabad,Gujarat,Zepto,114,142670,1242,200,21,49,9,7.9,4,30.2,7.6,Non-Metro
Aug-2023,FY24,Ahmedabad,Gujarat,Retail Store,251,259936,1016,420,47,121,22,8.9,13,42.7,18.6,Non-Metro
Aug-2023,FY24,Ahmedabad,Gujarat,Corporate Gifting,131,180680,1389,158,33,63,16,12.4,5,23.1,19.8,Non-Metro
Aug-2023,FY24,Ahmedabad,Gujarat,Meesho,40,57526,1514,46,14,16,4,10.6,1,44.1,9.4,Non-Metro
Aug-2023,FY24,Jaipur,Rajasthan,Amazon,188,258673,1372,249,39,65,22,11.8,4,37.3,16.9,Non-Metro
Aug-2023,FY24,Jaipur,Rajasthan,Flipkart,163,175570,1100,218,57,80,15,9.8,3,25.5,9.3,Non-Metro
Aug-2023,FY24,Jaipur,Rajasthan,Ugaoo Website,129,153630,1181,227,31,53,10,8.1,4,27.9,18.1,Non-Metro
Aug-2023,FY24,Jaipur,Rajasthan,Blinkit,92,148330,1592,138,37,30,10,11.3,4,30.0,20.0,Non-Metro
Aug-2023,FY24,Jaipur,Rajasthan,Zepto,62,52129,873,79,13,27,3,5.7,2,24.5,10.1,Non-Metro
Aug-2023,FY24,Jaipur,Rajasthan,Retail Store,226,243308,1062,382,90,75,22,9.9,12,21.4,7.9,Non-Metro
Aug-2023,FY24,Jaipur,Rajasthan,Corporate Gifting,92,83213,867,155,25,39,9,10.2,3,44.6,8.2,Non-Metro
Aug-2023,FY24,Jaipur,Rajasthan,Meesho,27,29376,1164,30,10,9,2,10.2,0,31.8,12.0,Non-Metro
Aug-2023,FY24,Gurgaon,Haryana,Amazon,242,228636,954,338,73,131,30,12.8,10,31.7,15.4,Non-Metro
Aug-2023,FY24,Gurgaon,Haryana,Flipkart,154,217549,1382,262,62,50,12,8.4,5,34.3,13.3,Non-Metro
Aug-2023,FY24,Gurgaon,Haryana,Ugaoo Website,108,106872,1012,147,37,39,8,7.7,2,40.0,5.7,Non-Metro
Aug-2023,FY24,Gurgaon,Haryana,Blinkit,77,83250,1021,108,31,36,9,12.1,2,32.5,8.6,Non-Metro
Aug-2023,FY24,Gurgaon,Haryana,Zepto,80,110030,1425,122,15,41,6,8.0,4,38.1,6.0,Non-Metro
Aug-2023,FY24,Gurgaon,Haryana,Retail Store,196,308610,1597,271,60,66,15,8.1,8,21.7,17.7,Non-Metro
Aug-2023,FY24,Gurgaon,Haryana,Corporate Gifting,96,132736,1383,119,31,44,11,11.8,4,22.1,10.2,Non-Metro
Aug-2023,FY24,Gurgaon,Haryana,Meesho,28,25494,942,44,5,8,3,11.5,1,30.9,19.2,Non-Metro
Aug-2023,FY24,Noida,Uttar Pradesh,Amazon,116,172959,1453,163,25,61,13,11.8,5,26.2,18.5,Non-Metro
Aug-2023,FY24,Noida,Uttar Pradesh,Flipkart,59,95270,1575,90,24,27,3,6.4,1,27.0,7.8,Non-Metro
Aug-2023,FY24,Noida,Uttar Pradesh,Ugaoo Website,89,81452,912,114,33,46,8,10.1,2,31.1,17.7,Non-Metro
Aug-2023,FY24,Noida,Uttar Pradesh,Blinkit,47,51311,1121,59,16,16,6,12.8,2,41.9,17.3,Non-Metro
Aug-2023,FY24,Noida,Uttar Pradesh,Zepto,27,35626,1229,36,5,9,3,12.3,1,27.5,8.2,Non-Metro
Aug-2023,FY24,Noida,Uttar Pradesh,Retail Store,95,137242,1434,152,22,29,10,10.7,4,25.8,10.1,Non-Metro
Aug-2023,FY24,Noida,Uttar Pradesh,Corporate Gifting,41,35356,950,69,10,20,2,5.7,0,37.7,5.1,Non-Metro
Aug-2023,FY24,Noida,Uttar Pradesh,Meesho,19,18778,926,29,3,10,2,11.0,1,33.5,17.3,Non-Metro
Aug-2023,FY24,Nashik,Maharashtra,Amazon,110,137294,1234,142,44,44,10,9.6,6,19.2,18.6,Non-Metro
Aug-2023,FY24,Nashik,Maharashtra,Flipkart,117,160028,1342,141,23,51,10,9.3,6,36.3,9.5,Non-Metro
Aug-2023,FY24,Nashik,Maharashtra,Ugaoo Website,65,62398,989,98,13,29,4,7.0,2,31.2,15.6,Non-Metro
Aug-2023,FY24,Nashik,Maharashtra,Blinkit,40,40718,945,64,12,17,2,6.9,1,34.3,5.9,Non-Metro
Aug-2023,FY24,Nashik,Maharashtra,Zepto,33,49236,1503,47,7,17,1,5.0,1,33.2,14.4,Non-Metro
Aug-2023,FY24,Nashik,Maharashtra,Retail Store,87,88312,1060,146,34,29,9,10.4,4,42.5,17.8,Non-Metro
Aug-2023,FY24,Nashik,Maharashtra,Corporate Gifting,46,49262,1020,73,14,13,5,12.5,1,28.5,13.7,Non-Metro
Aug-2023,FY24,Nashik,Maharashtra,Meesho,17,18965,1168,23,4,5,1,9.3,0,21.0,5.5,Non-Metro
Aug-2023,FY24,Bhopal,Madhya Pradesh,Amazon,102,149074,1439,115,19,44,6,6.0,4,29.8,14.4,Non-Metro
Aug-2023,FY24,Bhopal,Madhya Pradesh,Flipkart,69,101179,1425,117,27,22,8,12.9,1,21.3,12.8,Non-Metro
Aug-2023,FY24,Bhopal,Madhya Pradesh,Ugaoo Website,82,73725,856,107,26,38,6,7.5,2,21.7,12.4,Non-Metro
Aug-2023,FY24,Bhopal,Madhya Pradesh,Blinkit,28,32451,1277,49,8,11,2,8.4,1,27.8,5.5,Non-Metro
Aug-2023,FY24,Bhopal,Madhya Pradesh,Zepto,29,22497,879,47,11,9,3,12.4,0,44.3,11.2,Non-Metro
Aug-2023,FY24,Bhopal,Madhya Pradesh,Retail Store,100,148588,1487,170,23,49,11,11.0,5,20.5,16.8,Non-Metro
Aug-2023,FY24,Bhopal,Madhya Pradesh,Corporate Gifting,41,61277,1394,51,11,13,4,11.9,1,42.0,10.3,Non-Metro
Aug-2023,FY24,Bhopal,Madhya Pradesh,Meesho,17,23226,1194,25,4,8,1,6.1,0,41.0,12.1,Non-Metro
Aug-2023,FY24,Indore,Madhya Pradesh,Amazon,121,163293,1348,169,35,53,6,5.4,6,24.9,11.4,Non-Metro
Aug-2023,FY24,Indore,Madhya Pradesh,Flipkart,63,96838,1582,84,19,27,5,8.8,2,19.4,9.1,Non-Metro
Aug-2023,FY24,Indore,Madhya Pradesh,Ugaoo Website,68,98037,1496,78,26,31,5,8.7,1,20.0,9.6,Non-Metro
Aug-2023,FY24,Indore,Madhya Pradesh,Blinkit,48,75245,1509,57,15,18,5,10.6,2,23.1,16.2,Non-Metro
Aug-2023,FY24,Indore,Madhya Pradesh,Zepto,36,36571,936,54,14,19,2,8.2,1,22.8,9.1,Non-Metro
Aug-2023,FY24,Indore,Madhya Pradesh,Retail Store,71,85189,1240,90,19,27,5,8.1,2,29.6,7.8,Non-Metro
Aug-2023,FY24,Indore,Madhya Pradesh,Corporate Gifting,58,72034,1314,98,13,26,5,9.3,1,29.3,15.5,Non-Metro
Aug-2023,FY24,Indore,Madhya Pradesh,Meesho,5,9460,1490,8,1,2,0,6.6,0,18.1,9.9,Non-Metro
Sep-2023,FY24,Bengaluru,Karnataka,Amazon,2905,2648381,913,3487,658,1112,244,8.4,80,37.3,7.4,Metro
Sep-2023,FY24,Bengaluru,Karnataka,Flipkart,2804,2447417,873,3564,1123,1483,308,11.0,68,44.7,18.1,Metro
Sep-2023,FY24,Bengaluru,Karnataka,Ugaoo Website,1608,1409515,877,2627,555,714,138,8.6,96,34.1,16.9,Metro
Sep-2023,FY24,Bengaluru,Karnataka,Blinkit,675,1012737,1497,934,277,299,60,8.9,30,22.7,5.3,Metro
Sep-2023,FY24,Bengaluru,Karnataka,Zepto,425,662123,1561,541,130,141,22,5.4,23,20.4,18.8,Metro
Sep-2023,FY24,Bengaluru,Karnataka,Retail Store,2717,2487203,914,3103,1120,1131,154,5.7,98,19.0,13.4,Metro
Sep-2023,FY24,Bengaluru,Karnataka,Corporate Gifting,918,1080212,1175,1158,327,356,46,5.1,19,28.0,12.5,Metro
Sep-2023,FY24,Bengaluru,Karnataka,Meesho,270,239864,871,358,106,111,31,11.5,5,43.9,6.9,Metro
Sep-2023,FY24,Mumbai,Maharashtra,Amazon,2524,2758516,1093,3055,769,1335,181,7.2,136,41.3,10.7,Metro
Sep-2023,FY24,Mumbai,Maharashtra,Flipkart,2031,2047905,1008,2926,472,833,170,8.4,43,32.0,6.6,Metro
Sep-2023,FY24,Mumbai,Maharashtra,Ugaoo Website,1439,1997714,1388,2486,306,673,138,9.6,71,32.6,6.8,Metro
Sep-2023,FY24,Mumbai,Maharashtra,Blinkit,875,1231418,1409,975,195,403,46,5.3,45,34.9,6.4,Metro
Sep-2023,FY24,Mumbai,Maharashtra,Zepto,607,761284,1253,854,134,254,71,11.7,34,25.2,10.7,Metro
Sep-2023,FY24,Mumbai,Maharashtra,Retail Store,1546,1984839,1286,1871,528,584,139,9.0,33,43.8,5.5,Metro
Sep-2023,FY24,Mumbai,Maharashtra,Corporate Gifting,1061,1459097,1373,1393,416,348,110,10.4,28,19.3,14.3,Metro
Sep-2023,FY24,Mumbai,Maharashtra,Meesho,333,438758,1319,428,117,143,22,6.8,9,29.7,10.9,Metro
Sep-2023,FY24,Delhi,Delhi,Amazon,1571,2354297,1498,2117,322,495,95,6.1,72,40.3,13.3,Metro
Sep-2023,FY24,Delhi,Delhi,Flipkart,1287,1909586,1481,1868,272,490,163,12.7,40,43.5,15.1,Metro
Sep-2023,FY24,Delhi,Delhi,Ugaoo Website,1009,958441,945,1682,214,438,99,9.9,22,20.4,9.9,Metro
Sep-2023,FY24,Delhi,Delhi,Blinkit,483,466028,971,601,171,147,40,8.4,17,33.9,15.1,Metro
Sep-2023,FY24,Delhi,Delhi,Zepto,377,571869,1522,528,84,136,35,9.3,14,43.2,10.2,Metro
Sep-2023,FY24,Delhi,Delhi,Retail Store,1077,1185893,1104,1345,310,507,89,8.3,51,23.6,16.7,Metro
Sep-2023,FY24,Delhi,Delhi,Corporate Gifting,718,931063,1291,799,287,233,46,6.5,20,33.1,8.6,Metro
Sep-2023,FY24,Delhi,Delhi,Meesho,258,353435,1384,403,105,85,28,11.0,8,30.3,5.8,Metro
Sep-2023,FY24,Pune,Maharashtra,Amazon,1102,1277674,1159,1721,200,413,100,9.1,37,43.6,15.6,Metro
Sep-2023,FY24,Pune,Maharashtra,Flipkart,1240,1508694,1215,1416,262,586,114,9.2,53,22.3,17.8,Metro
Sep-2023,FY24,Pune,Maharashtra,Ugaoo Website,739,934457,1260,846,292,303,66,9.0,35,24.4,17.9,Metro
Sep-2023,FY24,Pune,Maharashtra,Blinkit,389,350268,894,660,114,209,29,7.6,16,28.5,16.1,Metro
Sep-2023,FY24,Pune,Maharashtra,Zepto,433,457323,1051,578,150,230,24,5.7,19,34.3,17.5,Metro
Sep-2023,FY24,Pune,Maharashtra,Retail Store,723,684754,951,948,203,233,52,7.3,24,29.2,18.7,Metro
Sep-2023,FY24,Pune,Maharashtra,Corporate Gifting,659,955628,1454,1036,248,244,51,7.8,38,34.4,8.4,Metro
Sep-2023,FY24,Pune,Maharashtra,Meesho,158,160750,991,176,47,62,8,5.1,5,36.1,11.9,Metro
Sep-2023,FY24,Hyderabad,Telangana,Amazon,833,972684,1171,1387,266,302,42,5.1,30,43.9,12.6,Metro
Sep-2023,FY24,Hyderabad,Telangana,Flipkart,568,789266,1393,942,212,283,73,12.9,16,30.9,5.3,Metro
Sep-2023,FY24,Hyderabad,Telangana,Ugaoo Website,731,727897,993,1035,282,222,54,7.5,37,30.1,13.9,Metro
Sep-2023,FY24,Hyderabad,Telangana,Blinkit,287,392452,1354,434,62,147,34,11.9,14,18.8,16.1,Metro
Sep-2023,FY24,Hyderabad,Telangana,Zepto,312,424164,1348,442,65,168,39,12.6,12,28.9,8.3,Metro
Sep-2023,FY24,Hyderabad,Telangana,Retail Store,775,1221199,1572,1117,178,368,51,6.7,20,30.5,10.8,Metro
Sep-2023,FY24,Hyderabad,Telangana,Corporate Gifting,322,308361,948,557,101,153,35,11.1,14,43.6,17.1,Metro
Sep-2023,FY24,Hyderabad,Telangana,Meesho,121,166254,1413,169,32,62,11,9.4,6,32.9,12.5,Metro
Sep-2023,FY24,Chennai,Tamil Nadu,Amazon,532,833751,1559,822,144,291,47,9.0,15,24.9,6.3,Non-Metro
Sep-2023,FY24,Chennai,Tamil Nadu,Flipkart,499,737083,1477,894,134,264,30,6.2,14,32.6,9.9,Non-Metro
Sep-2023,FY24,Chennai,Tamil Nadu,Ugaoo Website,306,352448,1148,389,104,152,29,9.7,17,27.8,14.9,Non-Metro
Sep-2023,FY24,Chennai,Tamil Nadu,Blinkit,277,378068,1369,334,58,109,21,7.8,16,19.9,12.7,Non-Metro
Sep-2023,FY24,Chennai,Tamil Nadu,Zepto,206,197246,979,245,79,104,10,5.3,8,19.1,18.5,Non-Metro
Sep-2023,FY24,Chennai,Tamil Nadu,Retail Store,541,613862,1141,634,155,189,38,7.2,17,30.1,8.0,Non-Metro
Sep-2023,FY24,Chennai,Tamil Nadu,Corporate Gifting,233,226728,982,407,93,78,29,12.8,12,39.4,15.1,Non-Metro
Sep-2023,FY24,Chennai,Tamil Nadu,Meesho,52,46931,963,84,13,18,4,9.3,1,29.5,16.4,Non-Metro
Sep-2023,FY24,Kolkata,West Bengal,Amazon,479,598843,1247,547,174,186,34,7.1,23,32.7,5.2,Non-Metro
Sep-2023,FY24,Kolkata,West Bengal,Flipkart,268,264209,1000,302,73,139,26,9.9,14,28.4,6.6,Non-Metro
Sep-2023,FY24,Kolkata,West Bengal,Ugaoo Website,360,426593,1172,614,139,197,36,10.1,7,26.3,13.1,Non-Metro
Sep-2023,FY24,Kolkata,West Bengal,Blinkit,180,246109,1349,227,75,91,9,5.1,9,42.2,13.7,Non-Metro
Sep-2023,FY24,Kolkata,West Bengal,Zepto,94,126364,1342,112,28,40,10,11.2,4,22.0,19.4,Non-Metro
Sep-2023,FY24,Kolkata,West Bengal,Retail Store,274,397917,1464,325,73,84,19,7.0,8,29.8,12.6,Non-Metro
Sep-2023,FY24,Kolkata,West Bengal,Corporate Gifting,203,273124,1360,258,74,89,16,8.2,4,38.8,7.9,Non-Metro
Sep-2023,FY24,Kolkata,West Bengal,Meesho,61,81346,1356,85,12,23,4,7.5,3,22.8,16.1,Non-Metro
Sep-2023,FY24,Ahmedabad,Gujarat,Amazon,303,403584,1316,374,69,148,33,10.9,17,34.5,5.7,Non-Metro
Sep-2023,FY24,Ahmedabad,Gujarat,Flipkart,390,584574,1499,690,145,184,48,12.4,9,43.4,6.1,Non-Metro
Sep-2023,FY24,Ahmedabad,Gujarat,Ugaoo Website,227,335017,1468,292,76,114,25,11.3,8,24.1,15.4,Non-Metro
Sep-2023,FY24,Ahmedabad,Gujarat,Blinkit,140,209814,1520,179,28,70,7,5.3,4,25.9,6.3,Non-Metro
Sep-2023,FY24,Ahmedabad,Gujarat,Zepto,135,124828,912,176,24,40,14,10.6,7,39.9,18.5,Non-Metro
Sep-2023,FY24,Ahmedabad,Gujarat,Retail Store,298,276208,913,431,119,110,24,8.3,6,43.2,9.9,Non-Metro
Sep-2023,FY24,Ahmedabad,Gujarat,Corporate Gifting,131,182655,1392,149,33,64,8,6.8,6,40.9,14.4,Non-Metro
Sep-2023,FY24,Ahmedabad,Gujarat,Meesho,65,78387,1154,106,19,30,6,9.9,2,35.8,12.3,Non-Metro
Sep-2023,FY24,Jaipur,Rajasthan,Amazon,287,404848,1427,412,58,104,19,6.9,8,44.7,18.2,Non-Metro
Sep-2023,FY24,Jaipur,Rajasthan,Flipkart,151,196086,1274,207,38,67,14,9.3,5,35.2,8.8,Non-Metro
Sep-2023,FY24,Jaipur,Rajasthan,Ugaoo Website,166,234274,1435,212,55,68,20,12.5,9,18.7,19.0,Non-Metro
Sep-2023,FY24,Jaipur,Rajasthan,Blinkit,67,89196,1312,103,27,33,7,11.1,3,23.6,19.0,Non-Metro
Sep-2023,FY24,Jaipur,Rajasthan,Zepto,75,114257,1545,106,29,31,9,12.6,3,28.7,15.2,Non-Metro
Sep-2023,FY24,Jaipur,Rajasthan,Retail Store,237,379672,1593,324,64,107,20,8.5,5,40.0,14.7,Non-Metro
Sep-2023,FY24,Jaipur,Rajasthan,Corporate Gifting,95,90681,962,147,34,31,11,12.2,5,19.4,18.4,Non-Metro
Sep-2023,FY24,Jaipur,Rajasthan,Meesho,29,42996,1547,36,12,10,2,6.9,1,25.2,16.1,Non-Metro
Sep-2023,FY24,Gurgaon,Haryana,Amazon,270,253118,928,420,106,83,33,12.5,13,29.4,19.4,Non-Metro
Sep-2023,FY24,Gurgaon,Haryana,Flipkart,156,211376,1325,232,59,65,15,9.9,4,34.3,11.1,Non-Metro
Sep-2023,FY24,Gurgaon,Haryana,Ugaoo Website,184,199153,1087,323,64,78,9,5.4,4,34.0,15.8,Non-Metro
Sep-2023,FY24,Gurgaon,Haryana,Blinkit,98,161057,1595,155,31,36,5,5.6,4,41.8,8.5,Non-Metro
Sep-2023,FY24,Gurgaon,Haryana,Zepto,66,70712,1071,113,26,20,6,9.5,2,29.2,14.8,Non-Metro
Sep-2023,FY24,Gurgaon,Haryana,Retail Store,157,164623,1043,246,48,84,17,11.3,3,32.7,10.9,Non-Metro
Sep-2023,FY24,Gurgaon,Haryana,Corporate Gifting,97,91458,994,110,23,51,9,9.7,4,44.8,14.9,Non-Metro
Sep-2023,FY24,Gurgaon,Haryana,Meesho,31,40745,1470,55,7,11,2,7.3,0,22.6,6.9,Non-Metro
Sep-2023,FY24,Noida,Uttar Pradesh,Amazon,98,103610,1067,135,24,32,5,5.2,3,30.6,6.7,Non-Metro
Sep-2023,FY24,Noida,Uttar Pradesh,Flipkart,104,141545,1373,142,19,31,9,8.9,4,33.8,14.2,Non-Metro
Sep-2023,FY24,Noida,Uttar Pradesh,Ugaoo Website,63,91370,1408,94,18,26,4,7.0,2,44.2,11.3,Non-Metro
Sep-2023,FY24,Noida,Uttar Pradesh,Blinkit,39,45532,1086,61,8,19,4,11.4,1,42.5,6.2,Non-Metro
Sep-2023,FY24,Noida,Uttar Pradesh,Zepto,39,59141,1417,44,14,11,2,7.6,0,43.8,19.6,Non-Metro
Sep-2023,FY24,Noida,Uttar Pradesh,Retail Store,98,143339,1430,175,31,31,11,11.7,2,37.1,16.9,Non-Metro
Sep-2023,FY24,Noida,Uttar Pradesh,Corporate Gifting,44,42696,1059,57,17,19,2,6.7,2,25.3,17.0,Non-Metro
Sep-2023,FY24,Noida,Uttar Pradesh,Meesho,11,12618,1084,13,4,5,1,10.9,0,31.3,16.3,Non-Metro
Sep-2023,FY24,Nashik,Maharashtra,Amazon,103,148661,1471,158,35,48,7,7.6,5,23.7,8.7,Non-Metro
Sep-2023,FY24,Nashik,Maharashtra,Flipkart,86,104958,1180,148,18,43,6,7.3,3,36.1,19.0,Non-Metro
Sep-2023,FY24,Nashik,Maharashtra,Ugaoo Website,71,110877,1492,118,13,30,5,8.2,2,23.5,8.3,Non-Metro
Sep-2023,FY24,Nashik,Maharashtra,Blinkit,34,44052,1311,42,13,13,2,6.2,1,24.8,19.2,Non-Metro
Sep-2023,FY24,Nashik,Maharashtra,Zepto,46,59598,1361,64,16,23,3,7.8,1,19.9,8.0,Non-Metro
Sep-2023,FY24,Nashik,Maharashtra,Retail Store,82,99686,1189,131,28,40,9,11.2,3,29.9,19.4,Non-Metro
Sep-2023,FY24,Nashik,Maharashtra,Corporate Gifting,46,38470,926,67,12,16,4,10.2,2,35.4,16.2,Non-Metro
Sep-2023,FY24,Nashik,Maharashtra,Meesho,13,12128,1259,16,4,4,0,6.9,0,38.7,19.5,Non-Metro
Sep-2023,FY24,Bhopal,Madhya Pradesh,Amazon,153,191502,1282,206,46,67,11,7.3,7,38.4,18.5,Non-Metro
Sep-2023,FY24,Bhopal,Madhya Pradesh,Flipkart,66,78685,1193,91,17,25,6,10.2,3,23.3,19.3,Non-Metro
Sep-2023,FY24,Bhopal,Madhya Pradesh,Ugaoo Website,76,73425,966,116,19,27,8,11.7,3,23.9,11.8,Non-Metro
Sep-2023,FY24,Bhopal,Madhya Pradesh,Blinkit,47,57068,1113,72,12,18,3,6.7,2,34.0,17.9,Non-Metro
Sep-2023,FY24,Bhopal,Madhya Pradesh,Zepto,39,63028,1540,66,13,14,3,9.4,0,37.9,6.5,Non-Metro
Sep-2023,FY24,Bhopal,Madhya Pradesh,Retail Store,74,84569,1099,120,24,25,3,5.3,3,26.2,14.2,Non-Metro
Sep-2023,FY24,Bhopal,Madhya Pradesh,Corporate Gifting,49,63369,1312,64,18,18,4,10.0,1,23.6,11.2,Non-Metro
Sep-2023,FY24,Bhopal,Madhya Pradesh,Meesho,11,17977,1593,18,3,4,1,11.8,0,37.3,10.2,Non-Metro
Sep-2023,FY24,Indore,Madhya Pradesh,Amazon,84,78500,903,140,19,33,10,12.2,3,24.0,12.6,Non-Metro
Sep-2023,FY24,Indore,Madhya Pradesh,Flipkart,108,131778,1197,140,22,50,6,5.9,5,22.3,15.7,Non-Metro
Sep-2023,FY24,Indore,Madhya Pradesh,Ugaoo Website,115,131897,1106,171,31,50,13,11.4,5,21.2,12.4,Non-Metro
Sep-2023,FY24,Indore,Madhya Pradesh,Blinkit,46,54776,1238,76,11,21,3,7.5,1,41.6,16.6,Non-Metro
Sep-2023,FY24,Indore,Madhya Pradesh,Zepto,29,34585,1027,32,10,13,2,9.5,1,26.5,10.5,Non-Metro
Sep-2023,FY24,Indore,Madhya Pradesh,Retail Store,108,113066,1049,178,25,56,10,10.1,5,28.5,10.8,Non-Metro
Sep-2023,FY24,Indore,Madhya Pradesh,Corporate Gifting,53,81026,1526,62,20,23,4,9.2,1,18.0,18.8,Non-Metro
Sep-2023,FY24,Indore,Madhya Pradesh,Meesho,17,17050,1124,26,3,6,1,6.1,0,29.6,14.8,Non-Metro
Oct-2023,FY24,Bengaluru,Karnataka,Amazon,5007,6960493,1391,8256,1943,2407,365,7.3,158,23.8,13.9,Metro
Oct-2023,FY24,Bengaluru,Karnataka,Flipkart,2834,3384352,1194,4846,1146,1047,320,11.3,116,42.7,7.7,Metro
Oct-2023,FY24,Bengaluru,Karnataka,Ugaoo Website,2335,3007717,1289,3610,537,1001,291,12.5,70,20.4,8.4,Metro
Oct-2023,FY24,Bengaluru,Karnataka,Blinkit,762,1138117,1492,1232,150,409,40,5.3,39,22.6,13.8,Metro
Oct-2023,FY24,Bengaluru,Karnataka,Zepto,1199,1828359,1522,1866,411,380,98,8.2,68,19.5,7.7,Metro
Oct-2023,FY24,Bengaluru,Karnataka,Retail Store,3537,4517207,1278,6293,1354,1145,290,8.2,186,29.2,16.1,Metro
Oct-2023,FY24,Bengaluru,Karnataka,Corporate Gifting,2176,3393320,1559,2666,852,809,217,10.0,91,40.2,5.6,Metro
Oct-2023,FY24,Bengaluru,Karnataka,Meesho,511,600441,1169,852,181,210,39,7.7,26,19.3,6.7,Metro
Oct-2023,FY24,Mumbai,Maharashtra,Amazon,3941,4938500,1253,6653,727,1215,346,8.8,110,36.3,6.7,Metro
Oct-2023,FY24,Mumbai,Maharashtra,Flipkart,3103,4905337,1582,4831,857,1025,245,7.9,165,24.2,18.8,Metro
Oct-2023,FY24,Mumbai,Maharashtra,Ugaoo Website,2700,2311878,857,3356,668,1348,191,7.1,86,25.5,13.4,Metro
Oct-2023,FY24,Mumbai,Maharashtra,Blinkit,986,947408,956,1442,243,414,110,11.2,53,18.4,8.9,Metro
Oct-2023,FY24,Mumbai,Maharashtra,Zepto,844,1165511,1380,1205,262,384,63,7.5,46,25.3,18.2,Metro
Oct-2023,FY24,Mumbai,Maharashtra,Retail Store,3230,3532612,1094,4453,1330,1373,306,9.5,68,25.0,10.0,Metro
Oct-2023,FY24,Mumbai,Maharashtra,Corporate Gifting,1345,1454436,1084,2354,360,646,94,7.0,56,36.8,16.3,Metro
Oct-2023,FY24,Mumbai,Maharashtra,Meesho,458,441405,968,533,100,246,39,8.7,22,43.4,15.3,Metro
Oct-2023,FY24,Delhi,Delhi,Amazon,3202,3280146,1025,3779,891,1425,204,6.4,177,37.2,11.5,Metro
Oct-2023,FY24,Delhi,Delhi,Flipkart,1889,2592179,1370,2402,532,810,164,8.7,73,18.2,11.9,Metro
Oct-2023,FY24,Delhi,Delhi,Ugaoo Website,1887,1605565,850,2708,659,798,158,8.4,84,23.8,13.9,Metro
Oct-2023,FY24,Delhi,Delhi,Blinkit,722,1009758,1393,1284,150,236,74,10.3,41,20.3,18.9,Metro
Oct-2023,FY24,Delhi,Delhi,Zepto,863,816581,948,960,247,330,69,8.1,51,21.4,10.3,Metro
Oct-2023,FY24,Delhi,Delhi,Retail Store,2455,2866166,1167,2918,483,994,277,11.3,83,21.0,15.5,Metro
Oct-2023,FY24,Delhi,Delhi,Corporate Gifting,1084,1133762,1043,1676,340,498,67,6.2,28,33.2,16.0,Metro
Oct-2023,FY24,Delhi,Delhi,Meesho,320,299311,937,425,92,168,23,7.4,10,31.9,11.8,Metro
Oct-2023,FY24,Pune,Maharashtra,Amazon,2804,4316031,1539,4671,718,1454,350,12.5,62,28.9,8.7,Metro
Oct-2023,FY24,Pune,Maharashtra,Flipkart,1837,1613226,878,3147,446,692,202,11.0,101,27.7,9.7,Metro
Oct-2023,FY24,Pune,Maharashtra,Ugaoo Website,1428,1235787,862,1960,347,750,112,7.9,52,19.7,13.9,Metro
Oct-2023,FY24,Pune,Maharashtra,Blinkit,654,800542,1221,721,167,331,53,8.2,24,34.5,12.0,Metro
Oct-2023,FY24,Pune,Maharashtra,Zepto,582,560123,956,800,229,210,59,10.3,34,30.5,8.5,Metro
Oct-2023,FY24,Pune,Maharashtra,Retail Store,1557,2411481,1549,1862,375,819,155,10.0,67,21.4,19.2,Metro
Oct-2023,FY24,Pune,Maharashtra,Corporate Gifting,898,1161803,1290,1473,211,493,64,7.2,52,20.4,13.1,Metro
Oct-2023,FY24,Pune,Maharashtra,Meesho,263,336042,1263,348,84,107,22,8.5,12,41.7,11.9,Metro
Oct-2023,FY24,Hyderabad,Telangana,Amazon,1921,2823014,1470,3277,487,1004,215,11.2,70,30.1,10.5,Metro
Oct-2023,FY24,Hyderabad,Telangana,Flipkart,1460,1424340,976,2569,514,614,128,8.8,40,39.8,9.9,Metro
Oct-2023,FY24,Hyderabad,Telangana,Ugaoo Website,965,1393785,1444,1419,249,404,82,8.6,26,25.4,13.1,Metro
Oct-2023,FY24,Hyderabad,Telangana,Blinkit,569,826886,1445,865,139,285,46,8.1,20,20.3,15.1,Metro
Oct-2023,FY24,Hyderabad,Telangana,Zepto,408,417855,1013,637,101,164,34,8.4,22,34.6,19.5,Metro
Oct-2023,FY24,Hyderabad,Telangana,Retail Store,1071,1518566,1421,1374,261,562,137,12.8,34,41.0,6.5,Metro
Oct-2023,FY24,Hyderabad,Telangana,Corporate Gifting,450,677022,1508,507,131,239,32,7.2,26,21.4,19.9,Metro
Oct-2023,FY24,Hyderabad,Telangana,Meesho,263,382750,1467,319,92,87,30,11.6,12,24.1,5.6,Metro
Oct-2023,FY24,Chennai,Tamil Nadu,Amazon,1043,1375871,1322,1376,301,434,96,9.3,56,27.9,9.0,Non-Metro
Oct-2023,FY24,Chennai,Tamil Nadu,Flipkart,696,699816,1010,1191,173,231,80,11.5,26,30.7,16.4,Non-Metro
Oct-2023,FY24,Chennai,Tamil Nadu,Ugaoo Website,461,629676,1363,636,125,212,25,5.6,27,37.5,8.9,Non-Metro
Oct-2023,FY24,Chennai,Tamil Nadu,Blinkit,288,368965,1278,388,52,116,36,12.7,10,33.1,9.2,Non-Metro
Oct-2023,FY24,Chennai,Tamil Nadu,Zepto,330,424304,1271,443,112,173,27,8.4,12,30.5,16.7,Non-Metro
Oct-2023,FY24,Chennai,Tamil Nadu,Retail Store,578,508353,876,686,155,200,36,6.4,25,32.8,17.9,Non-Metro
Oct-2023,FY24,Chennai,Tamil Nadu,Corporate Gifting,524,786034,1499,579,209,287,34,6.6,22,28.9,9.8,Non-Metro
Oct-2023,FY24,Chennai,Tamil Nadu,Meesho,143,190337,1326,252,32,75,18,12.8,3,19.4,16.5,Non-Metro
Oct-2023,FY24,Kolkata,West Bengal,Amazon,529,667592,1254,898,165,165,34,6.6,25,33.3,10.0,Non-Metro
Oct-2023,FY24,Kolkata,West Bengal,Flipkart,482,666233,1386,814,96,241,49,10.3,10,31.6,7.3,Non-Metro
Oct-2023,FY24,Kolkata,West Bengal,Ugaoo Website,581,570039,980,724,225,238,40,6.9,20,28.6,16.6,Non-Metro
Oct-2023,FY24,Kolkata,West Bengal,Blinkit,234,358648,1517,297,47,127,28,12.3,10,23.9,19.2,Non-Metro
Oct-2023,FY24,Kolkata,West Bengal,Zepto,199,294183,1461,340,59,73,23,11.8,7,34.3,6.1,Non-Metro
Oct-2023,FY24,Kolkata,West Bengal,Retail Store,634,575116,900,777,231,341,42,6.7,33,34.6,8.2,Non-Metro
Oct-2023,FY24,Kolkata,West Bengal,Corporate Gifting,264,294584,1098,377,54,85,28,10.7,8,38.7,16.4,Non-Metro
Oct-2023,FY24,Kolkata,West Bengal,Meesho,139,166934,1210,172,29,55,13,9.8,5,44.4,5.5,Non-Metro
Oct-2023,FY24,Ahmedabad,Gujarat,Amazon,499,628317,1267,715,123,251,32,6.5,21,36.1,7.7,Non-Metro
Oct-2023,FY24,Ahmedabad,Gujarat,Flipkart,545,737165,1345,674,221,201,61,11.3,32,34.6,9.0,Non-Metro
Oct-2023,FY24,Ahmedabad,Gujarat,Ugaoo Website,433,494466,1143,477,159,212,34,7.9,23,39.1,14.2,Non-Metro
Oct-2023,FY24,Ahmedabad,Gujarat,Blinkit,226,339562,1509,368,54,120,16,7.5,10,35.7,16.1,Non-Metro
Oct-2023,FY24,Ahmedabad,Gujarat,Zepto,152,230334,1529,251,34,60,16,11.1,9,38.3,8.1,Non-Metro
Oct-2023,FY24,Ahmedabad,Gujarat,Retail Store,437,619380,1427,687,146,216,34,7.9,15,24.4,7.4,Non-Metro
Oct-2023,FY24,Ahmedabad,Gujarat,Corporate Gifting,219,325410,1490,314,61,69,24,11.3,12,28.0,14.8,Non-Metro
Oct-2023,FY24,Ahmedabad,Gujarat,Meesho,76,74459,975,127,18,35,8,11.8,4,30.1,13.0,Non-Metro
Oct-2023,FY24,Jaipur,Rajasthan,Amazon,372,586077,1568,570,78,136,34,9.4,13,18.1,7.4,Non-Metro
Oct-2023,FY24,Jaipur,Rajasthan,Flipkart,322,287156,892,527,59,138,28,8.8,7,20.0,7.7,Non-Metro
Oct-2023,FY24,Jaipur,Rajasthan,Ugaoo Website,249,325395,1325,327,95,105,17,7.1,11,30.7,19.3,Non-Metro
Oct-2023,FY24,Jaipur,Rajasthan,Blinkit,144,123215,866,188,43,46,10,7.5,7,44.4,15.6,Non-Metro
Oct-2023,FY24,Jaipur,Rajasthan,Zepto,83,124093,1547,100,28,38,4,5.4,2,27.2,9.5,Non-Metro
Oct-2023,FY24,Jaipur,Rajasthan,Retail Store,334,318446,952,510,103,148,30,9.0,10,19.8,19.0,Non-Metro
Oct-2023,FY24,Jaipur,Rajasthan,Corporate Gifting,134,151455,1140,159,34,47,17,12.9,3,44.3,13.6,Non-Metro
Oct-2023,FY24,Jaipur,Rajasthan,Meesho,46,64377,1468,75,11,21,3,8.5,2,28.5,6.0,Non-Metro
Oct-2023,FY24,Gurgaon,Haryana,Amazon,417,397910,950,735,116,183,31,7.6,23,19.8,14.8,Non-Metro
Oct-2023,FY24,Gurgaon,Haryana,Flipkart,325,369724,1145,582,83,127,16,5.2,18,20.6,13.0,Non-Metro
Oct-2023,FY24,Gurgaon,Haryana,Ugaoo Website,213,207110,955,311,74,76,11,5.5,12,36.8,18.5,Non-Metro
Oct-2023,FY24,Gurgaon,Haryana,Blinkit,125,124832,977,211,47,40,13,10.6,4,33.6,19.7,Non-Metro
Oct-2023,FY24,Gurgaon,Haryana,Zepto,105,135973,1299,174,34,42,11,11.3,3,30.8,5.2,Non-Metro
Oct-2023,FY24,Gurgaon,Haryana,Retail Store,362,479007,1320,550,97,149,18,5.1,8,24.0,12.9,Non-Metro
Oct-2023,FY24,Gurgaon,Haryana,Corporate Gifting,153,233741,1551,261,64,59,10,6.8,3,35.6,9.0,Non-Metro
Oct-2023,FY24,Gurgaon,Haryana,Meesho,39,58581,1465,45,10,13,3,7.7,1,33.3,16.3,Non-Metro
Oct-2023,FY24,Noida,Uttar Pradesh,Amazon,123,157452,1262,165,45,50,7,6.3,3,38.4,12.5,Non-Metro
Oct-2023,FY24,Noida,Uttar Pradesh,Flipkart,156,185361,1210,195,42,65,13,8.6,7,23.7,16.1,Non-Metro
Oct-2023,FY24,Noida,Uttar Pradesh,Ugaoo Website,104,93887,919,120,19,42,6,6.1,5,31.1,7.0,Non-Metro
Oct-2023,FY24,Noida,Uttar Pradesh,Blinkit,64,77524,1265,75,26,29,7,11.2,2,28.1,5.0,Non-Metro
Oct-2023,FY24,Noida,Uttar Pradesh,Zepto,50,70908,1422,58,18,21,5,10.7,2,31.7,8.7,Non-Metro
Oct-2023,FY24,Noida,Uttar Pradesh,Retail Store,129,126496,948,196,31,43,9,7.4,2,37.6,13.6,Non-Metro
Oct-2023,FY24,Noida,Uttar Pradesh,Corporate Gifting,83,101946,1262,136,26,28,7,9.2,2,18.6,11.4,Non-Metro
Oct-2023,FY24,Noida,Uttar Pradesh,Meesho,25,18962,940,43,7,9,2,11.1,0,24.3,8.2,Non-Metro
Oct-2023,FY24,Nashik,Maharashtra,Amazon,222,188160,859,368,63,86,23,10.5,11,33.6,6.6,Non-Metro
Oct-2023,FY24,Nashik,Maharashtra,Flipkart,110,143767,1298,150,20,52,8,7.9,5,36.0,9.5,Non-Metro
Oct-2023,FY24,Nashik,Maharashtra,Ugaoo Website,52,71626,1418,65,13,18,2,5.2,1,43.9,16.0,Non-Metro
Oct-2023,FY24,Nashik,Maharashtra,Blinkit,59,52418,937,96,12,20,4,7.6,2,35.9,13.9,Non-Metro
Oct-2023,FY24,Nashik,Maharashtra,Zepto,58,78019,1422,102,23,29,5,9.9,1,30.7,5.1,Non-Metro
Oct-2023,FY24,Nashik,Maharashtra,Retail Store,162,216216,1359,272,48,74,17,10.8,7,26.8,15.9,Non-Metro
Oct-2023,FY24,Nashik,Maharashtra,Corporate Gifting,58,89391,1504,96,23,27,3,5.9,2,31.8,14.8,Non-Metro
Oct-2023,FY24,Nashik,Maharashtra,Meesho,15,12296,997,23,3,5,0,5.1,0,20.2,9.9,Non-Metro
Oct-2023,FY24,Bhopal,Madhya Pradesh,Amazon,178,238318,1322,205,52,95,11,6.2,6,24.3,10.0,Non-Metro
Oct-2023,FY24,Bhopal,Madhya Pradesh,Flipkart,172,256754,1486,232,68,59,21,12.6,4,24.2,10.8,Non-Metro
Oct-2023,FY24,Bhopal,Madhya Pradesh,Ugaoo Website,88,129330,1481,113,21,47,5,6.6,4,37.1,9.2,Non-Metro
Oct-2023,FY24,Bhopal,Madhya Pradesh,Blinkit,63,95442,1479,100,12,30,7,12.4,1,30.3,9.7,Non-Metro
Oct-2023,FY24,Bhopal,Madhya Pradesh,Zepto,47,64298,1402,69,13,19,5,11.9,2,40.6,6.9,Non-Metro
Oct-2023,FY24,Bhopal,Madhya Pradesh,Retail Store,157,158233,982,243,61,59,10,7.0,4,24.6,15.9,Non-Metro
Oct-2023,FY24,Bhopal,Madhya Pradesh,Corporate Gifting,65,84675,1277,94,23,34,7,11.9,1,43.4,14.3,Non-Metro
Oct-2023,FY24,Bhopal,Madhya Pradesh,Meesho,14,12302,1217,24,2,5,1,7.2,0,25.2,16.5,Non-Metro
Oct-2023,FY24,Indore,Madhya Pradesh,Amazon,141,185326,1322,170,43,57,15,10.8,8,24.7,17.3,Non-Metro
Oct-2023,FY24,Indore,Madhya Pradesh,Flipkart,135,124740,920,219,25,48,8,6.1,6,43.4,17.1,Non-Metro
Oct-2023,FY24,Indore,Madhya Pradesh,Ugaoo Website,125,149253,1196,171,34,64,7,5.9,6,40.0,9.9,Non-Metro
Oct-2023,FY24,Indore,Madhya Pradesh,Blinkit,40,62613,1530,57,7,18,3,7.6,1,36.1,13.0,Non-Metro
Oct-2023,FY24,Indore,Madhya Pradesh,Zepto,53,44549,915,82,11,17,3,7.3,1,42.2,10.2,Non-Metro
Oct-2023,FY24,Indore,Madhya Pradesh,Retail Store,112,136438,1260,148,34,51,7,6.6,5,24.1,6.2,Non-Metro
Oct-2023,FY24,Indore,Madhya Pradesh,Corporate Gifting,62,90782,1455,91,14,25,7,12.9,1,39.1,13.8,Non-Metro
Oct-2023,FY24,Indore,Madhya Pradesh,Meesho,34,41595,1250,60,11,12,2,8.4,1,27.8,15.1,Non-Metro
Nov-2023,FY24,Bengaluru,Karnataka,Amazon,4658,4078688,875,7895,1808,1642,237,5.1,274,24.8,9.3,Metro
Nov-2023,FY24,Bengaluru,Karnataka,Flipkart,4421,6427264,1453,5757,1249,2320,366,8.3,219,30.0,18.6,Metro
Nov-2023,FY24,Bengaluru,Karnataka,Ugaoo Website,3840,5701673,1484,4561,1576,1244,211,5.5,225,22.6,19.2,Metro
Nov-2023,FY24,Bengaluru,Karnataka,Blinkit,1576,1687661,1069,2363,544,838,135,8.6,46,36.5,11.3,Metro
Nov-2023,FY24,Bengaluru,Karnataka,Zepto,2114,3253542,1537,3391,745,1057,126,6.0,119,44.9,17.6,Metro
Nov-2023,FY24,Bengaluru,Karnataka,Retail Store,3361,5288252,1572,5930,1255,1428,315,9.4,101,37.7,19.1,Metro
Nov-2023,FY24,Bengaluru,Karnataka,Corporate Gifting,1557,1447084,928,2335,482,711,82,5.3,65,22.4,5.9,Metro
Nov-2023,FY24,Bengaluru,Karnataka,Meesho,612,675381,1103,689,122,220,41,6.8,22,21.5,16.4,Metro
Nov-2023,FY24,Mumbai,Maharashtra,Amazon,3744,5176065,1382,6205,706,1676,348,9.3,126,25.7,16.1,Metro
Nov-2023,FY24,Mumbai,Maharashtra,Flipkart,4161,4091937,983,6379,1176,2117,486,11.7,231,39.2,18.5,Metro
Nov-2023,FY24,Mumbai,Maharashtra,Ugaoo Website,2992,4115474,1377,3983,745,976,215,7.2,95,40.4,12.0,Metro
Nov-2023,FY24,Mumbai,Maharashtra,Blinkit,2034,2737154,1345,2670,780,830,134,6.6,118,18.5,15.0,Metro
Nov-2023,FY24,Mumbai,Maharashtra,Zepto,1136,1153180,1012,1911,433,342,105,9.3,25,43.1,15.5,Metro
Nov-2023,FY24,Mumbai,Maharashtra,Retail Store,3165,4486649,1419,4968,1019,1153,227,7.2,127,39.9,12.7,Metro
Nov-2023,FY24,Mumbai,Maharashtra,Corporate Gifting,1692,1443356,852,2442,406,576,214,12.7,37,25.1,6.2,Metro
Nov-2023,FY24,Mumbai,Maharashtra,Meesho,819,1280465,1568,1321,200,344,103,12.6,20,43.1,18.1,Metro
Nov-2023,FY24,Delhi,Delhi,Amazon,2249,2166985,965,3272,604,1174,209,9.3,83,40.4,6.2,Metro
Nov-2023,FY24,Delhi,Delhi,Flipkart,3538,4011244,1135,6215,1235,1190,233,6.6,120,42.0,19.2,Metro
Nov-2023,FY24,Delhi,Delhi,Ugaoo Website,2157,3223197,1495,3671,751,862,239,11.1,70,36.7,15.4,Metro
Nov-2023,FY24,Delhi,Delhi,Blinkit,812,975786,1201,1051,264,323,77,9.5,21,25.0,5.9,Metro
Nov-2023,FY24,Delhi,Delhi,Zepto,1230,1494467,1215,1830,445,469,109,8.9,26,21.4,8.3,Metro
Nov-2023,FY24,Delhi,Delhi,Retail Store,2427,3602468,1484,3057,883,1179,143,5.9,107,25.1,13.1,Metro
Nov-2023,FY24,Delhi,Delhi,Corporate Gifting,1112,1624290,1461,1810,261,449,128,11.6,54,26.1,13.4,Metro
Nov-2023,FY24,Delhi,Delhi,Meesho,260,296542,1154,372,109,104,31,12.3,11,30.0,13.6,Metro
Nov-2023,FY24,Pune,Maharashtra,Amazon,1878,2928064,1561,2629,535,868,174,9.3,84,36.7,10.7,Metro
Nov-2023,FY24,Pune,Maharashtra,Flipkart,1364,1465501,1077,1594,342,607,137,10.1,79,30.4,10.9,Metro
Nov-2023,FY24,Pune,Maharashtra,Ugaoo Website,1467,1988132,1357,1778,559,451,95,6.5,29,18.1,9.0,Metro
Nov-2023,FY24,Pune,Maharashtra,Blinkit,1124,1782603,1582,1549,294,611,137,12.2,62,42.2,6.5,Metro
Nov-2023,FY24,Pune,Maharashtra,Zepto,677,629770,931,1160,187,262,37,5.6,33,37.3,17.9,Metro
Nov-2023,FY24,Pune,Maharashtra,Retail Store,2210,2909627,1316,3884,724,937,251,11.4,127,29.1,6.1,Metro
Nov-2023,FY24,Pune,Maharashtra,Corporate Gifting,950,1236438,1299,1398,289,505,80,8.5,44,43.0,5.7,Metro
Nov-2023,FY24,Pune,Maharashtra,Meesho,334,527541,1584,373,98,178,25,7.5,7,29.8,13.2,Metro
Nov-2023,FY24,Hyderabad,Telangana,Amazon,1826,2218890,1215,2336,627,761,213,11.7,58,35.9,5.2,Metro
Nov-2023,FY24,Hyderabad,Telangana,Flipkart,1132,1235509,1089,1447,308,405,115,10.2,23,43.0,8.1,Metro
Nov-2023,FY24,Hyderabad,Telangana,Ugaoo Website,1336,1586682,1189,1849,531,430,116,8.7,79,32.6,8.4,Metro
Nov-2023,FY24,Hyderabad,Telangana,Blinkit,562,679400,1216,941,216,230,45,8.1,17,22.4,16.8,Metro
Nov-2023,FY24,Hyderabad,Telangana,Zepto,523,468698,899,835,125,178,29,5.7,19,36.3,16.1,Metro
Nov-2023,FY24,Hyderabad,Telangana,Retail Store,1295,1700794,1317,2031,495,683,93,7.2,70,39.1,8.6,Metro
Nov-2023,FY24,Hyderabad,Telangana,Corporate Gifting,781,840571,1081,1251,146,363,91,11.7,20,27.9,13.6,Metro
Nov-2023,FY24,Hyderabad,Telangana,Meesho,278,355171,1292,405,89,149,26,9.7,13,23.1,12.0,Metro
Nov-2023,FY24,Chennai,Tamil Nadu,Amazon,1146,1784881,1554,2003,301,580,72,6.3,26,35.4,11.6,Non-Metro
Nov-2023,FY24,Chennai,Tamil Nadu,Flipkart,1038,1320921,1270,1345,324,411,72,7.0,55,18.5,6.7,Non-Metro
Nov-2023,FY24,Chennai,Tamil Nadu,Ugaoo Website,939,1294143,1373,1096,307,289,92,9.8,39,32.0,10.9,Non-Metro
Nov-2023,FY24,Chennai,Tamil Nadu,Blinkit,527,678605,1296,902,122,195,62,11.9,24,36.7,16.5,Non-Metro
Nov-2023,FY24,Chennai,Tamil Nadu,Zepto,314,498150,1600,397,127,96,31,10.0,10,23.6,5.1,Non-Metro
Nov-2023,FY24,Chennai,Tamil Nadu,Retail Store,937,1346653,1435,1202,174,364,115,12.3,38,23.3,10.4,Non-Metro
Nov-2023,FY24,Chennai,Tamil Nadu,Corporate Gifting,655,997425,1516,990,145,210,77,11.9,24,20.7,12.1,Non-Metro
Nov-2023,FY24,Chennai,Tamil Nadu,Meesho,142,212016,1508,226,36,74,8,6.3,8,20.3,6.5,Non-Metro
Nov-2023,FY24,Kolkata,West Bengal,Amazon,812,1290312,1584,983,202,304,67,8.3,45,28.3,7.0,Non-Metro
Nov-2023,FY24,Kolkata,West Bengal,Flipkart,637,990128,1551,1000,154,293,79,12.5,24,28.1,5.2,Non-Metro
Nov-2023,FY24,Kolkata,West Bengal,Ugaoo Website,532,557633,1055,877,99,225,43,8.2,22,37.3,11.5,Non-Metro
Nov-2023,FY24,Kolkata,West Bengal,Blinkit,256,394766,1536,424,73,120,12,5.0,13,21.2,15.9,Non-Metro
Nov-2023,FY24,Kolkata,West Bengal,Zepto,167,255226,1499,261,43,85,8,5.1,8,21.7,5.2,Non-Metro
Nov-2023,FY24,Kolkata,West Bengal,Retail Store,712,735498,1026,865,264,387,76,10.8,19,32.0,11.9,Non-Metro
Nov-2023,FY24,Kolkata,West Bengal,Corporate Gifting,361,456883,1278,546,137,146,35,9.9,10,20.7,13.0,Non-Metro
Nov-2023,FY24,Kolkata,West Bengal,Meesho,156,139705,875,224,35,66,17,11.2,8,22.7,6.0,Non-Metro
Nov-2023,FY24,Ahmedabad,Gujarat,Amazon,645,798666,1233,771,243,262,82,12.8,34,40.7,16.1,Non-Metro
Nov-2023,FY24,Ahmedabad,Gujarat,Flipkart,506,690845,1370,690,192,225,30,6.0,19,31.2,7.6,Non-Metro
Nov-2023,FY24,Ahmedabad,Gujarat,Ugaoo Website,577,541964,938,813,149,272,73,12.7,11,29.9,11.1,Non-Metro
Nov-2023,FY24,Ahmedabad,Gujarat,Blinkit,177,241349,1338,236,35,66,13,7.9,4,43.0,7.1,Non-Metro
Nov-2023,FY24,Ahmedabad,Gujarat,Zepto,175,249713,1453,249,45,77,12,7.4,8,30.5,5.0,Non-Metro
Nov-2023,FY24,Ahmedabad,Gujarat,Retail Store,418,555218,1338,528,130,203,48,11.6,19,40.9,14.3,Non-Metro
Nov-2023,FY24,Ahmedabad,Gujarat,Corporate Gifting,287,449465,1582,440,105,110,33,11.8,11,38.4,10.7,Non-Metro
Nov-2023,FY24,Ahmedabad,Gujarat,Meesho,47,60880,1306,55,15,21,2,5.6,2,26.6,18.7,Non-Metro
Nov-2023,FY24,Jaipur,Rajasthan,Amazon,613,624627,1020,1036,153,274,43,7.1,18,34.3,11.2,Non-Metro
Nov-2023,FY24,Jaipur,Rajasthan,Flipkart,309,444196,1451,441,74,155,25,8.3,11,38.5,16.4,Non-Metro
Nov-2023,FY24,Jaipur,Rajasthan,Ugaoo Website,284,296700,1035,326,83,144,34,12.0,12,34.0,14.3,Non-Metro
Nov-2023,FY24,Jaipur,Rajasthan,Blinkit,184,211930,1128,287,56,78,15,8.5,7,31.8,10.2,Non-Metro
Nov-2023,FY24,Jaipur,Rajasthan,Zepto,96,96313,1041,169,18,31,11,12.3,5,31.9,12.5,Non-Metro
Nov-2023,FY24,Jaipur,Rajasthan,Retail Store,405,624709,1545,481,142,128,37,9.3,8,33.4,5.6,Non-Metro
Nov-2023,FY24,Jaipur,Rajasthan,Corporate Gifting,147,154812,1073,254,54,63,12,8.8,3,38.7,14.9,Non-Metro
Nov-2023,FY24,Jaipur,Rajasthan,Meesho,65,70142,1076,78,20,30,4,7.0,3,18.2,12.8,Non-Metro
Nov-2023,FY24,Gurgaon,Haryana,Amazon,418,544655,1296,630,95,205,33,7.9,16,44.3,13.9,Non-Metro
Nov-2023,FY24,Gurgaon,Haryana,Flipkart,341,457051,1333,603,62,160,43,12.8,9,31.9,19.9,Non-Metro
Nov-2023,FY24,Gurgaon,Haryana,Ugaoo Website,264,251803,951,341,74,80,13,5.0,15,34.9,11.5,Non-Metro
Nov-2023,FY24,Gurgaon,Haryana,Blinkit,97,141603,1509,173,23,30,7,8.1,4,24.7,12.8,Non-Metro
Nov-2023,FY24,Gurgaon,Haryana,Zepto,110,157420,1428,140,34,59,11,10.3,3,20.0,6.1,Non-Metro
Nov-2023,FY24,Gurgaon,Haryana,Retail Store,306,432894,1415,344,60,159,24,8.0,16,22.3,19.8,Non-Metro
Nov-2023,FY24,Gurgaon,Haryana,Corporate Gifting,154,214268,1363,256,36,56,12,8.3,8,27.2,9.6,Non-Metro
Nov-2023,FY24,Gurgaon,Haryana,Meesho,67,90034,1390,96,20,34,3,5.5,2,26.1,14.5,Non-Metro
Nov-2023,FY24,Noida,Uttar Pradesh,Amazon,252,359345,1407,385,77,134,22,8.9,13,33.8,10.4,Non-Metro
Nov-2023,FY24,Noida,Uttar Pradesh,Flipkart,198,203322,1031,286,61,106,16,8.2,4,20.7,11.5,Non-Metro
Nov-2023,FY24,Noida,Uttar Pradesh,Ugaoo Website,163,145880,877,257,57,49,14,9.0,8,34.6,7.9,Non-Metro
Nov-2023,FY24,Noida,Uttar Pradesh,Blinkit,60,83294,1434,73,21,19,5,9.4,2,29.2,8.9,Non-Metro
Nov-2023,FY24,Noida,Uttar Pradesh,Zepto,59,72515,1294,105,21,27,3,6.2,2,32.4,10.1,Non-Metro
Nov-2023,FY24,Noida,Uttar Pradesh,Retail Store,162,245249,1498,250,58,80,13,8.3,4,31.2,15.3,Non-Metro
Nov-2023,FY24,Noida,Uttar Pradesh,Corporate Gifting,77,93985,1262,108,16,26,4,5.2,3,23.7,12.6,Non-Metro
Nov-2023,FY24,Noida,Uttar Pradesh,Meesho,37,40781,1119,48,7,11,4,11.0,2,28.6,9.5,Non-Metro
Nov-2023,FY24,Nashik,Maharashtra,Amazon,153,234075,1551,240,37,49,12,8.4,4,26.6,6.2,Non-Metro
Nov-2023,FY24,Nashik,Maharashtra,Flipkart,107,97187,923,142,20,47,6,6.5,3,24.2,11.4,Non-Metro
Nov-2023,FY24,Nashik,Maharashtra,Ugaoo Website,106,149787,1452,179,32,50,13,12.3,4,39.3,8.3,Non-Metro
Nov-2023,FY24,Nashik,Maharashtra,Blinkit,69,99795,1492,117,18,24,6,10.1,2,38.7,17.3,Non-Metro
Nov-2023,FY24,Nashik,Maharashtra,Zepto,80,127574,1539,139,22,34,4,5.1,3,21.3,9.4,Non-Metro
Nov-2023,FY24,Nashik,Maharashtra,Retail Store,95,84481,880,107,33,31,7,8.1,2,20.7,11.8,Non-Metro
Nov-2023,FY24,Nashik,Maharashtra,Corporate Gifting,70,86092,1267,97,19,28,3,5.6,3,38.4,10.6,Non-Metro
Nov-2023,FY24,Nashik,Maharashtra,Meesho,34,33987,1102,58,11,16,3,9.8,1,25.9,19.8,Non-Metro
Nov-2023,FY24,Bhopal,Madhya Pradesh,Amazon,126,146151,1167,201,39,42,15,12.0,4,20.0,15.6,Non-Metro
Nov-2023,FY24,Bhopal,Madhya Pradesh,Flipkart,212,233654,1115,358,40,115,11,5.5,10,27.0,17.8,Non-Metro
Nov-2023,FY24,Bhopal,Madhya Pradesh,Ugaoo Website,151,192872,1266,245,63,63,16,11.2,5,28.7,17.6,Non-Metro
Nov-2023,FY24,Bhopal,Madhya Pradesh,Blinkit,71,58671,858,98,22,23,7,10.4,4,18.9,18.0,Non-Metro
Nov-2023,FY24,Bhopal,Madhya Pradesh,Zepto,55,79480,1418,86,21,18,3,6.1,2,29.3,19.7,Non-Metro
Nov-2023,FY24,Bhopal,Madhya Pradesh,Retail Store,153,166447,1080,273,38,75,19,12.7,5,21.7,9.2,Non-Metro
Nov-2023,FY24,Bhopal,Madhya Pradesh,Corporate Gifting,83,84498,1077,109,15,37,8,10.3,3,36.4,9.8,Non-Metro
Nov-2023,FY24,Bhopal,Madhya Pradesh,Meesho,33,44431,1485,48,10,12,1,5.5,0,44.6,16.4,Non-Metro
Nov-2023,FY24,Indore,Madhya Pradesh,Amazon,265,412330,1569,368,57,90,19,7.5,12,40.7,6.6,Non-Metro
Nov-2023,FY24,Indore,Madhya Pradesh,Flipkart,110,106202,931,125,44,46,5,5.4,5,42.1,15.9,Non-Metro
Nov-2023,FY24,Indore,Madhya Pradesh,Ugaoo Website,138,169791,1234,166,28,57,11,8.4,3,44.9,13.2,Non-Metro
Nov-2023,FY24,Indore,Madhya Pradesh,Blinkit,66,100059,1497,73,20,33,3,5.9,3,36.7,18.1,Non-Metro
Nov-2023,FY24,Indore,Madhya Pradesh,Zepto,78,83838,1128,88,29,26,8,10.6,2,27.7,16.1,Non-Metro
Nov-2023,FY24,Indore,Madhya Pradesh,Retail Store,152,188396,1235,197,38,68,13,9.0,6,43.6,14.2,Non-Metro
Nov-2023,FY24,Indore,Madhya Pradesh,Corporate Gifting,94,96270,986,158,28,44,11,12.5,2,20.8,12.7,Non-Metro
Nov-2023,FY24,Indore,Madhya Pradesh,Meesho,27,42893,1584,43,10,13,1,5.1,1,33.0,15.9,Non-Metro
Dec-2023,FY24,Bengaluru,Karnataka,Amazon,5644,5331728,944,6785,1142,1831,519,9.2,161,26.9,17.4,Metro
Dec-2023,FY24,Bengaluru,Karnataka,Flipkart,4472,4257862,953,5803,1559,2300,420,9.4,248,31.8,6.7,Metro
Dec-2023,FY24,Bengaluru,Karnataka,Ugaoo Website,3480,4243317,1218,4219,802,1681,219,6.3,207,41.3,5.6,Metro
Dec-2023,FY24,Bengaluru,Karnataka,Blinkit,2111,3284974,1554,3594,594,894,185,8.8,76,21.2,8.9,Metro
Dec-2023,FY24,Bengaluru,Karnataka,Zepto,1488,1721393,1157,2486,538,755,193,13.0,76,36.5,13.3,Metro
Dec-2023,FY24,Bengaluru,Karnataka,Retail Store,3924,3746934,954,6661,1400,1998,470,12.0,178,22.9,5.4,Metro
Dec-2023,FY24,Bengaluru,Karnataka,Corporate Gifting,1885,2875773,1528,2233,752,1020,111,5.9,71,34.8,13.8,Metro
Dec-2023,FY24,Bengaluru,Karnataka,Meesho,681,838929,1228,948,238,243,49,7.3,39,44.5,5.1,Metro
Dec-2023,FY24,Mumbai,Maharashtra,Amazon,5541,5317742,959,9639,2103,2034,382,6.9,240,35.4,19.1,Metro
Dec-2023,FY24,Mumbai,Maharashtra,Flipkart,2186,3202936,1465,3441,414,1087,264,12.1,47,30.2,11.4,Metro
Dec-2023,FY24,Mumbai,Maharashtra,Ugaoo Website,3260,4585403,1406,5292,1149,1315,208,6.4,94,20.4,12.0,Metro
Dec-2023,FY24,Mumbai,Maharashtra,Blinkit,960,987373,1027,1441,197,292,59,6.2,41,43.4,9.0,Metro
Dec-2023,FY24,Mumbai,Maharashtra,Zepto,927,1018861,1100,1303,308,333,55,6.0,28,18.7,18.7,Metro
Dec-2023,FY24,Mumbai,Maharashtra,Retail Store,3914,3452261,882,6457,1415,1398,320,8.2,97,38.2,19.9,Metro
Dec-2023,FY24,Mumbai,Maharashtra,Corporate Gifting,1498,1314020,876,2445,311,738,181,12.1,59,19.5,16.6,Metro
Dec-2023,FY24,Mumbai,Maharashtra,Meesho,502,643426,1273,686,150,194,51,10.2,26,23.6,8.1,Metro
Dec-2023,FY24,Delhi,Delhi,Amazon,2761,4034925,1460,3578,883,1234,176,6.4,83,22.2,7.0,Metro
Dec-2023,FY24,Delhi,Delhi,Flipkart,1579,2016365,1274,2258,402,541,90,5.7,70,42.7,16.7,Metro
Dec-2023,FY24,Delhi,Delhi,Ugaoo Website,2387,2735814,1148,3092,971,777,162,6.8,75,22.2,15.1,Metro
Dec-2023,FY24,Delhi,Delhi,Blinkit,1084,1043786,967,1476,421,406,120,11.1,42,36.1,6.4,Metro
Dec-2023,FY24,Delhi,Delhi,Zepto,893,1384113,1554,1508,262,303,63,7.1,28,39.5,18.3,Metro
Dec-2023,FY24,Delhi,Delhi,Retail Store,2001,1848705,925,3122,388,1036,240,12.0,62,34.5,10.4,Metro
Dec-2023,FY24,Delhi,Delhi,Corporate Gifting,724,708716,981,1075,291,312,55,7.7,37,40.8,18.5,Metro
Dec-2023,FY24,Delhi,Delhi,Meesho,407,616764,1505,572,115,210,47,11.6,14,36.0,8.0,Metro
Dec-2023,FY24,Pune,Maharashtra,Amazon,1834,2471343,1346,2317,609,981,124,6.8,51,24.8,10.8,Metro
Dec-2023,FY24,Pune,Maharashtra,Flipkart,777,959864,1241,1224,308,416,90,11.6,17,25.8,6.0,Metro
Dec-2023,FY24,Pune,Maharashtra,Ugaoo Website,1402,1348351,962,2073,382,720,164,11.7,80,21.1,11.3,Metro
Dec-2023,FY24,Pune,Maharashtra,Blinkit,911,1189955,1309,1065,347,282,82,9.1,53,22.5,9.3,Metro
Dec-2023,FY24,Pune,Maharashtra,Zepto,504,453404,897,615,133,183,47,9.4,13,36.1,16.2,Metro
Dec-2023,FY24,Pune,Maharashtra,Retail Store,1368,1845993,1346,1818,514,721,147,10.8,68,18.3,17.6,Metro
Dec-2023,FY24,Pune,Maharashtra,Corporate Gifting,968,974951,1009,1601,402,469,106,11.0,54,37.6,7.0,Metro
Dec-2023,FY24,Pune,Maharashtra,Meesho,300,389540,1310,418,116,95,25,8.6,9,43.6,18.0,Metro
Dec-2023,FY24,Hyderabad,Telangana,Amazon,1388,1993186,1434,2083,268,680,144,10.4,45,42.0,6.0,Metro
Dec-2023,FY24,Hyderabad,Telangana,Flipkart,1175,1839340,1569,1453,220,583,99,8.5,64,26.4,8.4,Metro
Dec-2023,FY24,Hyderabad,Telangana,Ugaoo Website,1384,1227712,887,1808,349,437,96,7.0,63,32.7,18.3,Metro
Dec-2023,FY24,Hyderabad,Telangana,Blinkit,500,793214,1589,860,116,154,57,11.4,28,21.9,16.6,Metro
Dec-2023,FY24,Hyderabad,Telangana,Zepto,324,502641,1565,419,75,152,26,8.2,16,24.3,18.9,Metro
Dec-2023,FY24,Hyderabad,Telangana,Retail Store,997,953045,952,1574,324,304,87,8.8,28,39.9,15.7,Metro
Dec-2023,FY24,Hyderabad,Telangana,Corporate Gifting,603,590562,979,797,197,223,70,11.7,28,23.9,9.5,Metro
Dec-2023,FY24,Hyderabad,Telangana,Meesho,192,306669,1580,269,68,64,18,9.7,6,20.7,19.7,Metro
Dec-2023,FY24,Chennai,Tamil Nadu,Amazon,1265,1376062,1086,2051,310,392,151,12.0,35,36.5,8.6,Non-Metro
Dec-2023,FY24,Chennai,Tamil Nadu,Flipkart,972,1506797,1549,1604,239,316,71,7.4,46,24.9,13.8,Non-Metro
Dec-2023,FY24,Chennai,Tamil Nadu,Ugaoo Website,520,505855,980,653,171,189,66,12.8,26,30.9,10.3,Non-Metro
Dec-2023,FY24,Chennai,Tamil Nadu,Blinkit,307,416493,1341,375,87,120,16,5.5,17,39.5,18.6,Non-Metro
Dec-2023,FY24,Chennai,Tamil Nadu,Zepto,421,538584,1287,723,133,179,38,9.1,12,25.0,11.6,Non-Metro
Dec-2023,FY24,Chennai,Tamil Nadu,Retail Store,877,1205704,1379,1224,204,272,57,6.6,36,28.2,10.4,Non-Metro
Dec-2023,FY24,Chennai,Tamil Nadu,Corporate Gifting,409,654422,1589,634,117,219,38,9.4,22,42.6,15.1,Non-Metro
Dec-2023,FY24,Chennai,Tamil Nadu,Meesho,107,99527,906,188,34,57,7,7.2,5,23.5,15.7,Non-Metro
Dec-2023,FY24,Kolkata,West Bengal,Amazon,809,858734,1062,959,243,369,79,9.8,43,32.7,16.2,Non-Metro
Dec-2023,FY24,Kolkata,West Bengal,Flipkart,605,670885,1116,770,111,189,52,8.6,34,23.0,11.1,Non-Metro
Dec-2023,FY24,Kolkata,West Bengal,Ugaoo Website,559,628240,1124,664,110,177,64,11.6,15,30.8,7.6,Non-Metro
Dec-2023,FY24,Kolkata,West Bengal,Blinkit,342,406484,1184,556,118,103,31,9.1,16,44.8,7.4,Non-Metro
Dec-2023,FY24,Kolkata,West Bengal,Zepto,325,508228,1551,430,62,156,35,10.8,16,25.2,18.8,Non-Metro
Dec-2023,FY24,Kolkata,West Bengal,Retail Store,557,630669,1137,877,102,223,54,9.7,22,37.5,9.1,Non-Metro
Dec-2023,FY24,Kolkata,West Bengal,Corporate Gifting,245,338356,1397,435,74,116,14,5.9,6,35.1,6.0,Non-Metro
Dec-2023,FY24,Kolkata,West Bengal,Meesho,108,139600,1330,123,36,37,11,11.1,4,25.5,5.8,Non-Metro
Dec-2023,FY24,Ahmedabad,Gujarat,Amazon,614,951178,1543,715,139,272,54,8.8,35,35.2,12.4,Non-Metro
Dec-2023,FY24,Ahmedabad,Gujarat,Flipkart,468,741418,1594,768,160,140,59,12.7,23,39.7,8.8,Non-Metro
Dec-2023,FY24,Ahmedabad,Gujarat,Ugaoo Website,429,546203,1275,753,152,147,31,7.4,18,28.1,18.2,Non-Metro
Dec-2023,FY24,Ahmedabad,Gujarat,Blinkit,230,318181,1371,374,50,93,26,11.7,13,30.5,18.4,Non-Metro
Dec-2023,FY24,Ahmedabad,Gujarat,Zepto,122,125942,1044,195,32,62,10,9.0,3,30.3,15.6,Non-Metro
Dec-2023,FY24,Ahmedabad,Gujarat,Retail Store,633,989451,1557,861,167,314,50,8.0,33,37.5,7.5,Non-Metro
Dec-2023,FY24,Ahmedabad,Gujarat,Corporate Gifting,250,232254,937,292,53,96,29,11.8,5,32.1,5.3,Non-Metro
Dec-2023,FY24,Ahmedabad,Gujarat,Meesho,80,96700,1215,96,18,42,6,7.8,2,35.9,18.5,Non-Metro
Dec-2023,FY24,Jaipur,Rajasthan,Amazon,477,602484,1271,820,112,197,35,7.4,24,41.1,19.1,Non-Metro
Dec-2023,FY24,Jaipur,Rajasthan,Flipkart,294,307444,1051,484,61,120,18,6.2,11,44.8,11.6,Non-Metro
Dec-2023,FY24,Jaipur,Rajasthan,Ugaoo Website,268,256317,945,315,106,124,13,5.1,14,32.6,16.2,Non-Metro
Dec-2023,FY24,Jaipur,Rajasthan,Blinkit,124,144229,1177,204,50,50,10,8.3,6,28.5,16.9,Non-Metro
Dec-2023,FY24,Jaipur,Rajasthan,Zepto,107,113742,1032,173,42,54,9,9.1,5,42.0,7.3,Non-Metro
Dec-2023,FY24,Jaipur,Rajasthan,Retail Store,338,339549,1003,438,77,163,18,5.6,12,33.6,12.1,Non-Metro
Dec-2023,FY24,Jaipur,Rajasthan,Corporate Gifting,149,225971,1509,192,54,58,15,10.4,6,28.7,7.1,Non-Metro
Dec-2023,FY24,Jaipur,Rajasthan,Meesho,42,59121,1473,53,14,13,4,11.9,1,43.8,14.4,Non-Metro
Dec-2023,FY24,Gurgaon,Haryana,Amazon,307,441272,1427,415,60,123,19,6.2,13,37.3,8.8,Non-Metro
Dec-2023,FY24,Gurgaon,Haryana,Flipkart,232,223541,942,358,48,83,26,11.3,11,26.7,12.0,Non-Metro
Dec-2023,FY24,Gurgaon,Haryana,Ugaoo Website,262,364501,1382,418,52,104,15,6.0,5,27.7,8.0,Non-Metro
Dec-2023,FY24,Gurgaon,Haryana,Blinkit,135,119142,898,206,53,49,10,7.7,5,39.1,17.1,Non-Metro
Dec-2023,FY24,Gurgaon,Haryana,Zepto,104,153815,1488,154,40,45,11,10.8,5,26.6,5.4,Non-Metro
Dec-2023,FY24,Gurgaon,Haryana,Retail Store,328,284829,859,521,126,177,36,11.1,9,37.9,14.6,Non-Metro
Dec-2023,FY24,Gurgaon,Haryana,Corporate Gifting,173,156771,898,268,61,77,20,12.1,8,27.7,14.4,Non-Metro
Dec-2023,FY24,Gurgaon,Haryana,Meesho,59,70200,1222,84,22,31,3,5.8,3,22.5,11.9,Non-Metro
Dec-2023,FY24,Noida,Uttar Pradesh,Amazon,194,186178,956,216,38,96,10,5.6,9,36.3,18.5,Non-Metro
Dec-2023,FY24,Noida,Uttar Pradesh,Flipkart,173,186544,1091,208,35,61,9,5.6,7,36.2,10.5,Non-Metro
Dec-2023,FY24,Noida,Uttar Pradesh,Ugaoo Website,117,156268,1372,180,25,41,10,8.9,4,37.6,6.7,Non-Metro
Dec-2023,FY24,Noida,Uttar Pradesh,Blinkit,60,67606,1046,73,13,19,4,7.4,2,20.1,18.7,Non-Metro
Dec-2023,FY24,Noida,Uttar Pradesh,Zepto,70,74362,1046,101,28,38,8,12.6,3,43.1,6.0,Non-Metro
Dec-2023,FY24,Noida,Uttar Pradesh,Retail Store,176,190807,1087,214,63,56,10,5.8,8,23.1,8.8,Non-Metro
Dec-2023,FY24,Noida,Uttar Pradesh,Corporate Gifting,75,99051,1271,108,25,23,8,11.1,3,30.3,11.3,Non-Metro
Dec-2023,FY24,Noida,Uttar Pradesh,Meesho,38,52351,1311,49,11,16,3,8.5,1,23.8,13.1,Non-Metro
Dec-2023,FY24,Nashik,Maharashtra,Amazon,190,208146,1089,313,52,83,21,11.1,6,26.0,13.3,Non-Metro
Dec-2023,FY24,Nashik,Maharashtra,Flipkart,142,151194,1081,254,55,62,16,11.4,4,30.4,8.6,Non-Metro
Dec-2023,FY24,Nashik,Maharashtra,Ugaoo Website,105,114443,1073,133,30,48,11,10.6,5,44.7,18.7,Non-Metro
Dec-2023,FY24,Nashik,Maharashtra,Blinkit,84,123547,1453,94,31,35,6,8.1,2,29.8,17.4,Non-Metro
Dec-2023,FY24,Nashik,Maharashtra,Zepto,69,78722,1167,117,22,37,6,9.7,3,40.1,6.3,Non-Metro
Dec-2023,FY24,Nashik,Maharashtra,Retail Store,117,182621,1576,169,43,41,7,6.0,4,20.8,6.8,Non-Metro
Dec-2023,FY24,Nashik,Maharashtra,Corporate Gifting,82,112884,1351,120,15,30,4,6.0,1,30.0,19.4,Non-Metro
Dec-2023,FY24,Nashik,Maharashtra,Meesho,18,20244,1220,24,7,9,2,12.8,0,25.4,7.3,Non-Metro
Dec-2023,FY24,Bhopal,Madhya Pradesh,Amazon,207,217767,1073,289,56,102,15,7.3,5,35.9,8.0,Non-Metro
Dec-2023,FY24,Bhopal,Madhya Pradesh,Flipkart,169,244600,1476,270,44,89,14,8.6,4,34.2,13.4,Non-Metro
Dec-2023,FY24,Bhopal,Madhya Pradesh,Ugaoo Website,121,180243,1518,164,49,59,13,11.5,3,39.9,9.7,Non-Metro
Dec-2023,FY24,Bhopal,Madhya Pradesh,Blinkit,71,87222,1189,117,14,26,6,8.9,3,22.8,17.9,Non-Metro
Dec-2023,FY24,Bhopal,Madhya Pradesh,Zepto,59,90845,1514,72,11,28,3,5.9,2,42.9,12.2,Non-Metro
Dec-2023,FY24,Bhopal,Madhya Pradesh,Retail Store,136,186519,1342,160,56,63,14,10.5,8,36.4,10.2,Non-Metro
Dec-2023,FY24,Bhopal,Madhya Pradesh,Corporate Gifting,73,75035,981,128,29,37,6,8.6,3,37.2,14.1,Non-Metro
Dec-2023,FY24,Bhopal,Madhya Pradesh,Meesho,32,40203,1228,47,8,13,3,10.7,1,29.1,7.5,Non-Metro
Dec-2023,FY24,Indore,Madhya Pradesh,Amazon,115,144447,1286,147,27,56,9,8.6,4,39.6,9.8,Non-Metro
Dec-2023,FY24,Indore,Madhya Pradesh,Flipkart,127,187565,1496,149,31,67,14,11.8,3,31.4,18.0,Non-Metro
Dec-2023,FY24,Indore,Madhya Pradesh,Ugaoo Website,107,145875,1402,190,35,41,13,12.6,4,25.2,11.0,Non-Metro
Dec-2023,FY24,Indore,Madhya Pradesh,Blinkit,71,108777,1499,78,16,31,4,5.7,2,42.0,14.2,Non-Metro
Dec-2023,FY24,Indore,Madhya Pradesh,Zepto,56,64436,1225,88,12,21,5,10.3,1,38.4,15.9,Non-Metro
Dec-2023,FY24,Indore,Madhya Pradesh,Retail Store,167,262500,1584,204,52,65,18,11.1,7,41.7,17.1,Non-Metro
Dec-2023,FY24,Indore,Madhya Pradesh,Corporate Gifting,55,85070,1481,83,21,17,3,6.1,2,43.3,13.7,Non-Metro
Dec-2023,FY24,Indore,Madhya Pradesh,Meesho,30,27571,1046,35,10,10,2,9.5,1,24.9,9.1,Non-Metro
Jan-2024,FY24,Bengaluru,Karnataka,Amazon,3826,3573798,933,6769,1446,1423,294,7.7,208,35.3,9.9,Metro
Jan-2024,FY24,Bengaluru,Karnataka,Flipkart,3847,5511998,1432,6257,1592,1846,215,5.6,219,44.5,11.7,Metro
Jan-2024,FY24,Bengaluru,Karnataka,Ugaoo Website,3208,3798093,1183,4381,704,1351,320,10.0,162,37.2,11.7,Metro
Jan-2024,FY24,Bengaluru,Karnataka,Blinkit,1380,2048499,1485,1601,337,699,84,6.1,45,36.4,8.6,Metro
Jan-2024,FY24,Bengaluru,Karnataka,Zepto,1237,1161334,938,1392,401,434,129,10.5,45,27.7,11.2,Metro
Jan-2024,FY24,Bengaluru,Karnataka,Retail Store,3982,4993889,1253,5741,1619,2103,481,12.1,217,18.8,9.0,Metro
Jan-2024,FY24,Bengaluru,Karnataka,Corporate Gifting,1487,1511702,1014,2324,471,542,163,11.0,84,19.9,6.1,Metro
Jan-2024,FY24,Bengaluru,Karnataka,Meesho,423,496019,1176,533,88,198,28,6.7,20,42.4,9.7,Metro
Jan-2024,FY24,Mumbai,Maharashtra,Amazon,3672,5577157,1520,4421,882,1967,216,5.9,135,38.8,19.6,Metro
Jan-2024,FY24,Mumbai,Maharashtra,Flipkart,3325,3273154,985,5180,1108,1251,292,8.8,171,36.8,19.9,Metro
Jan-2024,FY24,Mumbai,Maharashtra,Ugaoo Website,2115,2247844,1065,3495,712,832,143,6.8,105,43.0,9.8,Metro
Jan-2024,FY24,Mumbai,Maharashtra,Blinkit,1208,1433830,1185,2038,367,637,122,10.1,53,19.5,15.8,Metro
Jan-2024,FY24,Mumbai,Maharashtra,Zepto,1109,1496037,1347,1583,326,379,130,11.8,30,26.9,5.1,Metro
Jan-2024,FY24,Mumbai,Maharashtra,Retail Store,2896,4100867,1416,3960,713,887,237,8.2,166,32.1,14.2,Metro
Jan-2024,FY24,Mumbai,Maharashtra,Corporate Gifting,1192,1358047,1136,1521,470,491,143,12.0,51,32.2,19.3,Metro
Jan-2024,FY24,Mumbai,Maharashtra,Meesho,438,377644,864,637,105,217,26,6.0,18,25.9,11.0,Metro
Jan-2024,FY24,Delhi,Delhi,Amazon,2732,3408606,1246,4038,764,1407,267,9.8,148,34.3,7.2,Metro
Jan-2024,FY24,Delhi,Delhi,Flipkart,1214,1754342,1449,2127,257,410,70,5.8,37,20.7,9.9,Metro
Jan-2024,FY24,Delhi,Delhi,Ugaoo Website,1700,1787301,1052,2778,362,904,183,10.8,42,35.7,9.0,Metro
Jan-2024,FY24,Delhi,Delhi,Blinkit,687,634395,927,777,257,223,41,6.0,40,28.9,9.5,Metro
Jan-2024,FY24,Delhi,Delhi,Zepto,784,816450,1044,1071,327,265,64,8.2,28,22.3,7.5,Metro
Jan-2024,FY24,Delhi,Delhi,Retail Store,1871,2263241,1211,2552,571,895,106,5.7,62,28.8,5.7,Metro
Jan-2024,FY24,Delhi,Delhi,Corporate Gifting,741,1156927,1566,1199,174,235,60,8.2,26,28.1,8.7,Metro
Jan-2024,FY24,Delhi,Delhi,Meesho,289,396902,1373,320,76,122,21,7.6,6,21.7,15.8,Metro
Jan-2024,FY24,Pune,Maharashtra,Amazon,2422,2790612,1154,2858,702,1119,176,7.3,100,31.5,9.7,Metro
Jan-2024,FY24,Pune,Maharashtra,Flipkart,1291,1893622,1465,2315,463,415,105,8.2,32,40.8,8.8,Metro
Jan-2024,FY24,Pune,Maharashtra,Ugaoo Website,1280,1926025,1502,2223,252,593,121,9.5,39,35.3,14.5,Metro
Jan-2024,FY24,Pune,Maharashtra,Blinkit,566,696175,1224,738,187,187,56,9.9,17,43.1,12.6,Metro
Jan-2024,FY24,Pune,Maharashtra,Zepto,599,543831,911,1044,110,267,43,7.2,21,42.1,9.3,Metro
Jan-2024,FY24,Pune,Maharashtra,Retail Store,1545,2023165,1312,1894,644,784,177,11.5,88,37.7,7.8,Metro
Jan-2024,FY24,Pune,Maharashtra,Corporate Gifting,808,1000616,1242,1174,218,428,100,12.4,44,34.6,14.0,Metro
Jan-2024,FY24,Pune,Maharashtra,Meesho,252,221551,875,390,97,83,21,8.7,8,18.6,17.9,Metro
Jan-2024,FY24,Hyderabad,Telangana,Amazon,1390,1931374,1389,2315,355,712,80,5.8,58,34.3,17.9,Metro
Jan-2024,FY24,Hyderabad,Telangana,Flipkart,760,1067072,1409,886,234,327,93,12.3,15,26.8,7.1,Metro
Jan-2024,FY24,Hyderabad,Telangana,Ugaoo Website,694,892081,1283,886,193,343,72,10.5,29,39.6,13.8,Metro
Jan-2024,FY24,Hyderabad,Telangana,Blinkit,550,695173,1267,755,179,233,68,12.4,26,32.9,6.5,Metro
Jan-2024,FY24,Hyderabad,Telangana,Zepto,588,539615,914,876,223,281,73,12.5,26,30.6,13.8,Metro
Jan-2024,FY24,Hyderabad,Telangana,Retail Store,964,1357103,1411,1627,370,502,68,7.1,42,38.9,10.2,Metro
Jan-2024,FY24,Hyderabad,Telangana,Corporate Gifting,419,594540,1411,585,96,190,28,6.7,12,33.4,11.0,Metro
Jan-2024,FY24,Hyderabad,Telangana,Meesho,214,197740,924,334,59,117,18,8.5,6,24.4,19.2,Metro
Jan-2024,FY24,Chennai,Tamil Nadu,Amazon,782,1174129,1497,1007,255,250,97,12.5,22,41.6,16.0,Non-Metro
Jan-2024,FY24,Chennai,Tamil Nadu,Flipkart,636,559267,885,918,252,238,36,5.8,14,24.6,6.8,Non-Metro
Jan-2024,FY24,Chennai,Tamil Nadu,Ugaoo Website,609,805980,1329,991,227,301,49,8.2,32,37.4,5.2,Non-Metro
Jan-2024,FY24,Chennai,Tamil Nadu,Blinkit,292,255680,867,521,86,137,32,11.3,12,28.8,18.0,Non-Metro
Jan-2024,FY24,Chennai,Tamil Nadu,Zepto,320,298867,921,437,66,160,29,9.3,14,21.5,19.8,Non-Metro
Jan-2024,FY24,Chennai,Tamil Nadu,Retail Store,966,1193052,1236,1464,323,292,122,12.7,20,41.0,7.1,Non-Metro
Jan-2024,FY24,Chennai,Tamil Nadu,Corporate Gifting,348,343042,975,540,65,119,27,7.9,11,19.9,15.4,Non-Metro
Jan-2024,FY24,Chennai,Tamil Nadu,Meesho,113,136797,1188,202,38,47,10,9.3,2,27.3,7.5,Non-Metro
Jan-2024,FY24,Kolkata,West Bengal,Amazon,674,619786,918,795,139,288,78,11.6,39,19.1,12.4,Non-Metro
Jan-2024,FY24,Kolkata,West Bengal,Flipkart,557,715408,1278,677,146,303,38,6.9,22,34.4,14.0,Non-Metro
Jan-2024,FY24,Kolkata,West Bengal,Ugaoo Website,616,893494,1454,881,143,200,31,5.1,22,40.0,15.7,Non-Metro
Jan-2024,FY24,Kolkata,West Bengal,Blinkit,218,277592,1293,263,59,109,13,6.2,9,35.1,6.1,Non-Metro
Jan-2024,FY24,Kolkata,West Bengal,Zepto,148,174733,1165,219,27,46,13,9.0,3,38.0,13.6,Non-Metro
Jan-2024,FY24,Kolkata,West Bengal,Retail Store,631,748059,1193,1004,123,334,61,9.7,31,21.1,19.7,Non-Metro
Jan-2024,FY24,Kolkata,West Bengal,Corporate Gifting,351,456178,1299,508,117,129,27,7.9,10,38.4,17.1,Non-Metro
Jan-2024,FY24,Kolkata,West Bengal,Meesho,78,89070,1121,89,15,26,4,5.8,3,32.7,9.0,Non-Metro
Jan-2024,FY24,Ahmedabad,Gujarat,Amazon,367,538574,1474,515,86,120,38,10.6,11,25.9,13.0,Non-Metro
Jan-2024,FY24,Ahmedabad,Gujarat,Flipkart,279,246919,885,476,104,149,20,7.4,12,40.8,13.5,Non-Metro
Jan-2024,FY24,Ahmedabad,Gujarat,Ugaoo Website,375,570054,1515,432,77,123,25,6.9,13,41.9,9.0,Non-Metro
Jan-2024,FY24,Ahmedabad,Gujarat,Blinkit,137,206463,1502,162,53,64,17,12.6,3,39.4,6.7,Non-Metro
Jan-2024,FY24,Ahmedabad,Gujarat,Zepto,194,200062,1011,346,43,82,15,7.8,11,27.4,9.7,Non-Metro
Jan-2024,FY24,Ahmedabad,Gujarat,Retail Store,450,511210,1126,650,183,135,24,5.4,10,34.6,5.9,Non-Metro
Jan-2024,FY24,Ahmedabad,Gujarat,Corporate Gifting,221,216120,956,341,55,106,20,9.1,7,25.9,15.3,Non-Metro
Jan-2024,FY24,Ahmedabad,Gujarat,Meesho,56,81527,1433,77,13,22,6,11.9,2,24.1,11.1,Non-Metro
Jan-2024,FY24,Jaipur,Rajasthan,Amazon,367,537453,1468,523,67,142,41,11.4,19,29.0,18.6,Non-Metro
Jan-2024,FY24,Jaipur,Rajasthan,Flipkart,310,265040,854,364,59,128,31,10.0,14,28.0,9.5,Non-Metro
Jan-2024,FY24,Jaipur,Rajasthan,Ugaoo Website,187,291632,1581,252,51,70,12,6.9,9,20.9,14.4,Non-Metro
Jan-2024,FY24,Jaipur,Rajasthan,Blinkit,120,153448,1263,162,30,56,15,12.7,4,20.0,15.6,Non-Metro
Jan-2024,FY24,Jaipur,Rajasthan,Zepto,106,148909,1370,176,42,50,7,7.4,2,19.7,8.6,Non-Metro
Jan-2024,FY24,Jaipur,Rajasthan,Retail Store,315,419462,1341,446,72,162,20,6.5,7,20.7,18.8,Non-Metro
Jan-2024,FY24,Jaipur,Rajasthan,Corporate Gifting,174,162291,927,297,66,61,13,7.8,7,22.9,11.5,Non-Metro
Jan-2024,FY24,Jaipur,Rajasthan,Meesho,45,48904,978,61,14,18,5,11.7,1,35.0,18.1,Non-Metro
Jan-2024,FY24,Gurgaon,Haryana,Amazon,200,224613,1124,275,47,100,19,9.5,6,43.7,11.7,Non-Metro
Jan-2024,FY24,Gurgaon,Haryana,Flipkart,324,510580,1567,512,130,137,26,8.2,8,44.8,11.4,Non-Metro
Jan-2024,FY24,Gurgaon,Haryana,Ugaoo Website,341,513040,1516,568,92,184,22,6.6,13,32.8,17.9,Non-Metro
Jan-2024,FY24,Gurgaon,Haryana,Blinkit,88,111345,1287,107,29,48,4,5.6,4,40.9,12.3,Non-Metro
Jan-2024,FY24,Gurgaon,Haryana,Zepto,66,54019,886,113,12,25,7,11.5,2,42.3,10.4,Non-Metro
Jan-2024,FY24,Gurgaon,Haryana,Retail Store,243,319262,1313,329,85,91,30,12.6,7,36.4,13.8,Non-Metro
Jan-2024,FY24,Gurgaon,Haryana,Corporate Gifting,156,227225,1477,246,46,51,12,8.2,6,26.6,8.2,Non-Metro
Jan-2024,FY24,Gurgaon,Haryana,Meesho,51,59356,1157,63,17,19,5,11.0,1,36.1,16.6,Non-Metro
Jan-2024,FY24,Noida,Uttar Pradesh,Amazon,225,244772,1078,333,92,94,21,9.6,6,44.6,5.4,Non-Metro
Jan-2024,FY24,Noida,Uttar Pradesh,Flipkart,131,168763,1260,172,41,67,14,11.1,6,36.2,18.1,Non-Metro
Jan-2024,FY24,Noida,Uttar Pradesh,Ugaoo Website,95,115932,1178,164,38,30,10,11.0,5,43.6,11.4,Non-Metro
Jan-2024,FY24,Noida,Uttar Pradesh,Blinkit,56,79336,1387,70,18,24,4,7.9,1,38.6,12.2,Non-Metro
Jan-2024,FY24,Noida,Uttar Pradesh,Zepto,50,56016,1072,83,16,23,2,5.4,2,23.1,12.8,Non-Metro
Jan-2024,FY24,Noida,Uttar Pradesh,Retail Store,86,77454,923,100,16,33,6,7.3,4,24.5,16.0,Non-Metro
Jan-2024,FY24,Noida,Uttar Pradesh,Corporate Gifting,53,80018,1447,78,20,22,6,12.7,2,40.3,13.9,Non-Metro
Jan-2024,FY24,Noida,Uttar Pradesh,Meesho,24,30047,1146,30,9,10,2,10.0,0,40.1,8.0,Non-Metro
Jan-2024,FY24,Nashik,Maharashtra,Amazon,138,146037,1045,184,53,67,15,10.9,3,38.7,10.9,Non-Metro
Jan-2024,FY24,Nashik,Maharashtra,Flipkart,99,112974,1126,133,21,49,11,12.1,4,31.8,13.1,Non-Metro
Jan-2024,FY24,Nashik,Maharashtra,Ugaoo Website,100,118373,1166,177,21,50,11,11.8,4,26.8,16.2,Non-Metro
Jan-2024,FY24,Nashik,Maharashtra,Blinkit,34,41620,1132,56,9,12,3,10.7,1,23.8,11.8,Non-Metro
Jan-2024,FY24,Nashik,Maharashtra,Zepto,60,59260,994,104,13,20,4,6.9,3,26.4,8.5,Non-Metro
Jan-2024,FY24,Nashik,Maharashtra,Retail Store,218,303686,1403,366,64,104,14,6.8,10,26.7,6.3,Non-Metro
Jan-2024,FY24,Nashik,Maharashtra,Corporate Gifting,69,109121,1526,122,28,34,7,10.7,1,18.4,19.6,Non-Metro
Jan-2024,FY24,Nashik,Maharashtra,Meesho,18,19808,1353,22,5,8,2,11.4,0,22.8,15.8,Non-Metro
Jan-2024,FY24,Bhopal,Madhya Pradesh,Amazon,122,155277,1303,192,24,42,8,7.0,5,29.9,7.9,Non-Metro
Jan-2024,FY24,Bhopal,Madhya Pradesh,Flipkart,174,154888,892,199,71,59,12,7.2,9,25.5,13.5,Non-Metro
Jan-2024,FY24,Bhopal,Madhya Pradesh,Ugaoo Website,111,128098,1131,169,20,52,12,11.6,3,21.8,12.8,Non-Metro
Jan-2024,FY24,Bhopal,Madhya Pradesh,Blinkit,58,61253,979,88,18,29,6,11.1,1,21.1,7.7,Non-Metro
Jan-2024,FY24,Bhopal,Madhya Pradesh,Zepto,56,60593,1091,69,16,24,4,7.2,1,18.7,18.6,Non-Metro
Jan-2024,FY24,Bhopal,Madhya Pradesh,Retail Store,59,73789,1243,91,15,23,4,8.1,2,39.2,19.1,Non-Metro
Jan-2024,FY24,Bhopal,Madhya Pradesh,Corporate Gifting,52,70961,1331,86,15,19,4,7.9,1,20.5,5.7,Non-Metro
Jan-2024,FY24,Bhopal,Madhya Pradesh,Meesho,20,21738,1108,26,4,8,1,5.8,0,42.1,10.0,Non-Metro
Jan-2024,FY24,Indore,Madhya Pradesh,Amazon,174,264153,1546,299,69,87,15,8.9,6,31.0,7.9,Non-Metro
Jan-2024,FY24,Indore,Madhya Pradesh,Flipkart,137,191566,1389,190,48,67,10,7.4,3,40.5,11.5,Non-Metro
Jan-2024,FY24,Indore,Madhya Pradesh,Ugaoo Website,94,115270,1262,111,20,30,6,7.1,3,37.5,12.0,Non-Metro
Jan-2024,FY24,Indore,Madhya Pradesh,Blinkit,55,81839,1522,73,17,25,5,9.8,1,26.6,5.2,Non-Metro
Jan-2024,FY24,Indore,Madhya Pradesh,Zepto,52,58180,1133,59,21,20,4,9.2,2,25.6,17.1,Non-Metro
Jan-2024,FY24,Indore,Madhya Pradesh,Retail Store,160,170433,1078,276,32,81,10,6.8,4,42.6,9.6,Non-Metro
Jan-2024,FY24,Indore,Madhya Pradesh,Corporate Gifting,74,108828,1431,84,19,39,6,8.8,2,27.9,6.7,Non-Metro
Jan-2024,FY24,Indore,Madhya Pradesh,Meesho,26,27722,1183,40,6,10,2,8.0,1,31.9,9.5,Non-Metro
Feb-2024,FY24,Bengaluru,Karnataka,Amazon,2981,4707372,1579,4017,998,991,286,9.6,104,24.6,11.6,Metro
Feb-2024,FY24,Bengaluru,Karnataka,Flipkart,2477,3736555,1510,2907,877,1149,126,5.1,81,28.6,18.6,Metro
Feb-2024,FY24,Bengaluru,Karnataka,Ugaoo Website,2213,2710609,1224,3052,499,671,278,12.6,77,31.5,6.1,Metro
Feb-2024,FY24,Bengaluru,Karnataka,Blinkit,1232,1057496,862,1466,420,549,107,8.7,63,24.4,16.2,Metro
Feb-2024,FY24,Bengaluru,Karnataka,Zepto,1257,1858084,1481,1972,491,459,81,6.5,71,22.2,17.1,Metro
Feb-2024,FY24,Bengaluru,Karnataka,Retail Store,3486,4849395,1392,4026,1008,1413,184,5.3,160,31.0,15.5,Metro
Feb-2024,FY24,Bengaluru,Karnataka,Corporate Gifting,1138,1577175,1387,1473,359,591,144,12.7,59,24.9,15.3,Metro
Feb-2024,FY24,Bengaluru,Karnataka,Meesho,588,518576,886,1043,180,318,75,12.9,25,35.5,14.6,Metro
Feb-2024,FY24,Mumbai,Maharashtra,Amazon,2190,2013281,920,3695,903,908,247,11.3,80,33.6,7.5,Metro
Feb-2024,FY24,Mumbai,Maharashtra,Flipkart,2031,2774731,1367,3155,646,994,176,8.7,68,39.4,15.9,Metro
Feb-2024,FY24,Mumbai,Maharashtra,Ugaoo Website,1646,2392799,1454,2458,640,832,177,10.8,55,35.5,13.2,Metro
Feb-2024,FY24,Mumbai,Maharashtra,Blinkit,1128,1302820,1157,1275,446,609,85,7.6,22,27.9,10.0,Metro
Feb-2024,FY24,Mumbai,Maharashtra,Zepto,1022,1562446,1528,1474,278,516,77,7.6,45,40.8,14.9,Metro
Feb-2024,FY24,Mumbai,Maharashtra,Retail Store,2401,3217532,1338,2666,593,1154,256,10.7,54,35.8,11.7,Metro
Feb-2024,FY24,Mumbai,Maharashtra,Corporate Gifting,1551,2126163,1371,1742,326,697,91,5.9,36,35.9,8.4,Metro
Feb-2024,FY24,Mumbai,Maharashtra,Meesho,328,312181,964,463,109,143,22,6.9,14,19.5,14.6,Metro
Feb-2024,FY24,Delhi,Delhi,Amazon,1789,2302425,1289,2564,495,874,228,12.8,88,30.2,12.8,Metro
Feb-2024,FY24,Delhi,Delhi,Flipkart,1373,1974117,1439,2031,477,457,86,6.3,42,39.1,19.4,Metro
Feb-2024,FY24,Delhi,Delhi,Ugaoo Website,1512,1945797,1287,2198,333,828,192,12.7,66,20.9,18.0,Metro
Feb-2024,FY24,Delhi,Delhi,Blinkit,836,1179634,1415,1276,185,342,47,5.7,20,40.5,14.5,Metro
Feb-2024,FY24,Delhi,Delhi,Zepto,766,1198303,1566,1310,232,416,92,12.1,35,44.8,14.0,Metro
Feb-2024,FY24,Delhi,Delhi,Retail Store,974,1033016,1065,1116,208,520,98,10.1,34,36.2,17.2,Metro
Feb-2024,FY24,Delhi,Delhi,Corporate Gifting,782,1006148,1282,1212,217,251,68,8.7,17,42.1,8.2,Metro
Feb-2024,FY24,Delhi,Delhi,Meesho,307,432852,1421,509,113,122,35,11.7,12,19.8,16.7,Metro
Feb-2024,FY24,Pune,Maharashtra,Amazon,1729,2102007,1213,2130,372,838,134,7.8,68,43.2,15.2,Metro
Feb-2024,FY24,Pune,Maharashtra,Flipkart,992,858645,861,1180,385,462,102,10.3,47,24.6,19.9,Metro
Feb-2024,FY24,Pune,Maharashtra,Ugaoo Website,1220,1537812,1263,2177,284,527,143,11.8,60,36.1,9.3,Metro
Feb-2024,FY24,Pune,Maharashtra,Blinkit,679,777889,1150,839,282,344,69,10.2,25,43.3,15.3,Metro
Feb-2024,FY24,Pune,Maharashtra,Zepto,561,536419,964,820,171,211,50,9.0,28,44.2,16.6,Metro
Feb-2024,FY24,Pune,Maharashtra,Retail Store,1238,1522901,1233,2105,344,434,79,6.4,46,21.7,18.1,Metro
Feb-2024,FY24,Pune,Maharashtra,Corporate Gifting,718,799782,1113,1095,216,388,51,7.2,38,40.9,17.9,Metro
Feb-2024,FY24,Pune,Maharashtra,Meesho,196,285104,1462,287,71,96,14,7.5,9,41.4,14.9,Metro
Feb-2024,FY24,Hyderabad,Telangana,Amazon,913,938341,1023,1013,318,403,97,10.7,49,44.0,12.2,Metro
Feb-2024,FY24,Hyderabad,Telangana,Flipkart,770,1134322,1473,995,190,359,63,8.2,19,35.7,10.1,Metro
Feb-2024,FY24,Hyderabad,Telangana,Ugaoo Website,687,1024615,1486,1084,230,241,59,8.6,24,27.5,17.7,Metro
Feb-2024,FY24,Hyderabad,Telangana,Blinkit,301,328871,1089,383,70,152,25,8.6,12,35.8,17.6,Metro
Feb-2024,FY24,Hyderabad,Telangana,Zepto,424,628106,1476,669,176,159,39,9.2,24,43.5,12.3,Metro
Feb-2024,FY24,Hyderabad,Telangana,Retail Store,801,807996,1003,889,298,347,68,8.6,44,44.2,7.4,Metro
Feb-2024,FY24,Hyderabad,Telangana,Corporate Gifting,347,406566,1165,464,89,183,36,10.5,15,36.5,7.9,Metro
Feb-2024,FY24,Hyderabad,Telangana,Meesho,138,193188,1431,218,56,60,7,5.2,4,41.6,8.1,Metro
Feb-2024,FY24,Chennai,Tamil Nadu,Amazon,1024,1454006,1419,1199,361,411,124,12.2,53,22.4,12.1,Non-Metro
Feb-2024,FY24,Chennai,Tamil Nadu,Flipkart,702,613612,870,1013,172,256,61,8.7,29,28.4,17.6,Non-Metro
Feb-2024,FY24,Chennai,Tamil Nadu,Ugaoo Website,704,695595,988,1024,137,281,35,5.0,31,34.2,6.9,Non-Metro
Feb-2024,FY24,Chennai,Tamil Nadu,Blinkit,334,463553,1391,504,76,132,36,10.8,10,30.4,11.2,Non-Metro
Feb-2024,FY24,Chennai,Tamil Nadu,Zepto,244,226537,947,409,57,108,18,7.5,7,26.3,7.5,Non-Metro
Feb-2024,FY24,Chennai,Tamil Nadu,Retail Store,783,1102837,1414,1122,240,308,72,9.3,43,28.8,18.7,Non-Metro
Feb-2024,FY24,Chennai,Tamil Nadu,Corporate Gifting,363,562581,1548,423,120,163,19,5.4,19,33.6,14.5,Non-Metro
Feb-2024,FY24,Chennai,Tamil Nadu,Meesho,139,172976,1274,241,34,51,10,7.4,2,38.4,16.7,Non-Metro
Feb-2024,FY24,Kolkata,West Bengal,Amazon,515,697482,1363,911,125,188,40,7.8,17,37.6,12.7,Non-Metro
Feb-2024,FY24,Kolkata,West Bengal,Flipkart,531,516765,979,604,195,234,35,6.6,20,44.2,10.7,Non-Metro
Feb-2024,FY24,Kolkata,West Bengal,Ugaoo Website,562,887410,1581,731,190,189,59,10.6,32,20.0,6.4,Non-Metro
Feb-2024,FY24,Kolkata,West Bengal,Blinkit,197,303497,1518,304,57,72,22,11.4,5,30.4,18.9,Non-Metro
Feb-2024,FY24,Kolkata,West Bengal,Zepto,155,190068,1257,201,31,75,16,10.4,4,37.3,7.6,Non-Metro
Feb-2024,FY24,Kolkata,West Bengal,Retail Store,448,478879,1080,650,154,243,24,5.5,12,25.7,15.6,Non-Metro
Feb-2024,FY24,Kolkata,West Bengal,Corporate Gifting,351,396366,1119,510,77,141,22,6.4,11,35.0,17.0,Non-Metro
Feb-2024,FY24,Kolkata,West Bengal,Meesho,88,102412,1119,117,25,40,10,11.5,3,26.0,17.9,Non-Metro
Feb-2024,FY24,Ahmedabad,Gujarat,Amazon,442,502025,1138,725,143,175,31,7.2,14,24.0,16.6,Non-Metro
Feb-2024,FY24,Ahmedabad,Gujarat,Flipkart,448,609133,1361,510,172,169,50,11.2,18,37.5,12.0,Non-Metro
Feb-2024,FY24,Ahmedabad,Gujarat,Ugaoo Website,177,179727,1002,250,60,77,9,5.6,8,31.2,16.2,Non-Metro
Feb-2024,FY24,Ahmedabad,Gujarat,Blinkit,140,157162,1140,170,36,53,13,9.6,6,22.2,14.4,Non-Metro
Feb-2024,FY24,Ahmedabad,Gujarat,Zepto,121,174104,1420,189,24,49,10,9.0,5,19.4,15.0,Non-Metro
Feb-2024,FY24,Ahmedabad,Gujarat,Retail Store,383,480620,1250,464,81,171,46,12.1,17,23.6,16.2,Non-Metro
Feb-2024,FY24,Ahmedabad,Gujarat,Corporate Gifting,170,239432,1431,247,61,65,15,9.2,4,27.3,16.7,Non-Metro
Feb-2024,FY24,Ahmedabad,Gujarat,Meesho,32,48055,1589,56,11,15,3,11.0,1,41.2,20.0,Non-Metro
Feb-2024,FY24,Jaipur,Rajasthan,Amazon,221,292088,1307,317,52,74,12,5.7,11,24.6,18.7,Non-Metro
Feb-2024,FY24,Jaipur,Rajasthan,Flipkart,240,367369,1542,304,63,126,22,9.4,10,23.5,14.1,Non-Metro
Feb-2024,FY24,Jaipur,Rajasthan,Ugaoo Website,175,246454,1383,296,33,75,15,8.6,6,23.3,19.8,Non-Metro
Feb-2024,FY24,Jaipur,Rajasthan,Blinkit,106,123591,1173,150,30,36,12,12.1,3,34.0,17.7,Non-Metro
Feb-2024,FY24,Jaipur,Rajasthan,Zepto,85,121731,1469,114,23,32,5,6.4,4,42.9,16.7,Non-Metro
Feb-2024,FY24,Jaipur,Rajasthan,Retail Store,241,252504,1063,289,87,111,29,12.1,10,44.1,5.6,Non-Metro
Feb-2024,FY24,Jaipur,Rajasthan,Corporate Gifting,137,161833,1146,212,40,47,8,6.4,4,18.5,9.3,Non-Metro
Feb-2024,FY24,Jaipur,Rajasthan,Meesho,40,44874,1112,62,10,17,2,6.9,1,20.8,7.8,Non-Metro
Feb-2024,FY24,Gurgaon,Haryana,Amazon,286,400230,1404,492,90,93,30,10.8,12,32.1,9.8,Non-Metro
Feb-2024,FY24,Gurgaon,Haryana,Flipkart,171,191244,1120,249,45,80,21,12.5,9,23.6,11.8,Non-Metro
Feb-2024,FY24,Gurgaon,Haryana,Ugaoo Website,186,237047,1272,301,75,67,19,10.6,6,33.0,9.8,Non-Metro
Feb-2024,FY24,Gurgaon,Haryana,Blinkit,93,142845,1586,118,22,38,8,8.8,4,43.0,9.5,Non-Metro
Feb-2024,FY24,Gurgaon,Haryana,Zepto,52,59145,1171,82,14,20,6,11.8,1,29.7,11.6,Non-Metro
Feb-2024,FY24,Gurgaon,Haryana,Retail Store,167,251974,1498,240,62,69,14,8.4,6,36.0,7.9,Non-Metro
Feb-2024,FY24,Gurgaon,Haryana,Corporate Gifting,104,112449,1069,134,41,56,8,7.8,4,18.4,11.4,Non-Metro
Feb-2024,FY24,Gurgaon,Haryana,Meesho,36,51094,1444,43,13,17,2,6.3,1,22.5,5.2,Non-Metro
Feb-2024,FY24,Noida,Uttar Pradesh,Amazon,170,221686,1315,248,45,87,15,9.2,6,33.1,6.9,Non-Metro
Feb-2024,FY24,Noida,Uttar Pradesh,Flipkart,103,130493,1247,137,29,40,6,6.3,2,26.6,5.1,Non-Metro
Feb-2024,FY24,Noida,Uttar Pradesh,Ugaoo Website,98,80243,869,155,36,43,9,9.2,4,35.1,11.0,Non-Metro
Feb-2024,FY24,Noida,Uttar Pradesh,Blinkit,59,86448,1472,87,19,18,7,12.4,3,24.2,11.6,Non-Metro
Feb-2024,FY24,Noida,Uttar Pradesh,Zepto,39,46161,1132,69,12,20,4,11.7,1,32.6,10.7,Non-Metro
Feb-2024,FY24,Noida,Uttar Pradesh,Retail Store,118,105567,857,137,26,60,7,6.1,3,36.3,18.2,Non-Metro
Feb-2024,FY24,Noida,Uttar Pradesh,Corporate Gifting,68,64508,914,117,21,34,5,8.4,1,37.9,15.4,Non-Metro
Feb-2024,FY24,Noida,Uttar Pradesh,Meesho,18,21804,1223,23,4,7,2,12.2,0,33.2,6.4,Non-Metro
Feb-2024,FY24,Nashik,Maharashtra,Amazon,133,170677,1287,184,32,40,13,10.2,2,41.5,15.5,Non-Metro
Feb-2024,FY24,Nashik,Maharashtra,Flipkart,148,175133,1187,210,30,57,12,8.5,5,38.5,14.9,Non-Metro
Feb-2024,FY24,Nashik,Maharashtra,Ugaoo Website,101,107272,1037,173,25,32,9,9.3,4,28.0,14.2,Non-Metro
Feb-2024,FY24,Nashik,Maharashtra,Blinkit,54,51461,876,87,18,16,5,10.7,1,22.0,17.9,Non-Metro
Feb-2024,FY24,Nashik,Maharashtra,Zepto,50,77439,1588,68,11,20,4,8.0,1,21.0,13.7,Non-Metro
Feb-2024,FY24,Nashik,Maharashtra,Retail Store,130,173573,1341,232,40,70,11,8.9,6,19.0,9.7,Non-Metro
Feb-2024,FY24,Nashik,Maharashtra,Corporate Gifting,44,62461,1528,52,11,14,4,10.8,0,37.1,14.2,Non-Metro
Feb-2024,FY24,Nashik,Maharashtra,Meesho,23,23400,1033,35,9,10,2,10.5,1,43.5,15.4,Non-Metro
Feb-2024,FY24,Bhopal,Madhya Pradesh,Amazon,149,136806,906,245,27,75,15,10.4,7,42.1,12.2,Non-Metro
Feb-2024,FY24,Bhopal,Madhya Pradesh,Flipkart,142,165292,1190,157,56,75,12,8.7,5,29.6,16.6,Non-Metro
Feb-2024,FY24,Bhopal,Madhya Pradesh,Ugaoo Website,100,89724,875,157,33,38,11,11.0,4,34.5,16.1,Non-Metro
Feb-2024,FY24,Bhopal,Madhya Pradesh,Blinkit,46,61459,1404,60,15,14,2,5.8,1,42.6,16.9,Non-Metro
Feb-2024,FY24,Bhopal,Madhya Pradesh,Zepto,53,75602,1467,64,18,17,3,6.3,1,23.7,14.0,Non-Metro
Feb-2024,FY24,Bhopal,Madhya Pradesh,Retail Store,114,102713,861,203,41,54,13,11.7,5,29.9,7.8,Non-Metro
Feb-2024,FY24,Bhopal,Madhya Pradesh,Corporate Gifting,51,78260,1580,87,16,21,6,12.2,2,30.7,6.6,Non-Metro
Feb-2024,FY24,Bhopal,Madhya Pradesh,Meesho,24,36109,1534,31,8,7,2,8.4,0,44.5,10.4,Non-Metro
Feb-2024,FY24,Indore,Madhya Pradesh,Amazon,165,202606,1247,257,62,55,11,7.0,5,26.6,18.7,Non-Metro
Feb-2024,FY24,Indore,Madhya Pradesh,Flipkart,78,87516,1137,100,25,36,6,8.9,4,35.6,16.0,Non-Metro
Feb-2024,FY24,Indore,Madhya Pradesh,Ugaoo Website,98,104907,1061,121,35,33,8,8.6,3,44.2,16.7,Non-Metro
Feb-2024,FY24,Indore,Madhya Pradesh,Blinkit,51,53953,1011,90,12,25,4,9.6,1,36.5,16.3,Non-Metro
Feb-2024,FY24,Indore,Madhya Pradesh,Zepto,48,37383,874,85,15,17,2,5.5,1,18.6,18.2,Non-Metro
Feb-2024,FY24,Indore,Madhya Pradesh,Retail Store,111,153865,1372,184,30,50,10,9.1,3,39.0,10.0,Non-Metro
Feb-2024,FY24,Indore,Madhya Pradesh,Corporate Gifting,61,83468,1372,107,19,28,5,8.8,2,30.3,18.0,Non-Metro
Feb-2024,FY24,Indore,Madhya Pradesh,Meesho,14,17994,1180,19,5,6,0,6.3,0,29.8,9.3,Non-Metro
Mar-2024,FY24,Bengaluru,Karnataka,Amazon,3830,3896057,1017,5285,1314,1925,436,11.4,228,32.3,6.9,Metro
Mar-2024,FY24,Bengaluru,Karnataka,Flipkart,2461,3163729,1287,3461,664,1099,152,6.2,74,21.2,7.2,Metro
Mar-2024,FY24,Bengaluru,Karnataka,Ugaoo Website,2522,2363157,938,4122,848,852,290,11.5,124,29.5,13.0,Metro
Mar-2024,FY24,Bengaluru,Karnataka,Blinkit,1254,1947777,1553,1703,497,384,126,10.1,37,34.4,8.3,Metro
Mar-2024,FY24,Bengaluru,Karnataka,Zepto,1005,987893,983,1417,339,370,110,11.0,24,41.2,9.0,Metro
Mar-2024,FY24,Bengaluru,Karnataka,Retail Store,2380,2985022,1253,2668,767,803,130,5.5,53,21.2,19.2,Metro
Mar-2024,FY24,Bengaluru,Karnataka,Corporate Gifting,1225,1511948,1237,1741,335,401,99,8.1,66,32.8,7.0,Metro
Mar-2024,FY24,Bengaluru,Karnataka,Meesho,393,406653,1033,452,112,174,48,12.4,22,32.3,17.0,Metro
Mar-2024,FY24,Mumbai,Maharashtra,Amazon,1660,2200397,1326,2697,419,723,84,5.1,44,30.2,16.4,Metro
Mar-2024,FY24,Mumbai,Maharashtra,Flipkart,2140,2257784,1056,3006,510,928,203,9.5,63,18.3,19.0,Metro
Mar-2024,FY24,Mumbai,Maharashtra,Ugaoo Website,2082,3305030,1587,3074,554,659,214,10.3,84,24.5,11.3,Metro
Mar-2024,FY24,Mumbai,Maharashtra,Blinkit,678,653369,967,1217,186,366,50,7.5,18,34.5,8.7,Metro
Mar-2024,FY24,Mumbai,Maharashtra,Zepto,663,1028255,1547,981,137,264,33,5.0,31,38.4,5.6,Metro
Mar-2024,FY24,Mumbai,Maharashtra,Retail Store,1589,2045707,1286,2672,505,850,108,6.8,62,33.6,10.7,Metro
Mar-2024,FY24,Mumbai,Maharashtra,Corporate Gifting,1155,1285811,1111,1740,279,380,88,7.7,65,37.4,7.6,Metro
Mar-2024,FY24,Mumbai,Maharashtra,Meesho,291,318307,1098,413,55,141,16,5.6,12,39.2,15.9,Metro
Mar-2024,FY24,Delhi,Delhi,Amazon,2311,3256285,1410,2938,641,693,145,6.3,87,20.6,16.5,Metro
Mar-2024,FY24,Delhi,Delhi,Flipkart,1235,1564072,1263,2011,459,380,66,5.4,64,25.3,14.3,Metro
Mar-2024,FY24,Delhi,Delhi,Ugaoo Website,1582,2427564,1536,2118,588,490,96,6.1,83,33.9,15.8,Metro
Mar-2024,FY24,Delhi,Delhi,Blinkit,603,891071,1482,812,211,297,66,11.1,33,27.6,15.8,Metro
Mar-2024,FY24,Delhi,Delhi,Zepto,552,759273,1368,764,175,296,64,11.6,23,22.0,8.0,Metro
Mar-2024,FY24,Delhi,Delhi,Retail Store,1307,1160078,886,2323,284,436,92,7.1,26,34.8,15.8,Metro
Mar-2024,FY24,Delhi,Delhi,Corporate Gifting,761,1010506,1332,963,166,289,59,7.8,37,29.2,14.9,Metro
Mar-2024,FY24,Delhi,Delhi,Meesho,143,147520,1048,208,46,72,14,10.0,7,24.3,9.6,Metro
Mar-2024,FY24,Pune,Maharashtra,Amazon,1157,1737188,1501,1424,356,445,94,8.2,60,23.0,5.7,Metro
Mar-2024,FY24,Pune,Maharashtra,Flipkart,733,1037392,1413,1307,229,290,83,11.4,36,34.2,15.2,Metro
Mar-2024,FY24,Pune,Maharashtra,Ugaoo Website,1193,1903145,1596,1813,470,396,81,6.8,25,36.5,7.9,Metro
Mar-2024,FY24,Pune,Maharashtra,Blinkit,526,759690,1442,652,210,182,59,11.4,30,44.4,7.7,Metro
Mar-2024,FY24,Pune,Maharashtra,Zepto,314,383172,1230,511,60,170,34,11.0,10,24.1,12.8,Metro
Mar-2024,FY24,Pune,Maharashtra,Retail Store,1483,1632473,1100,2237,387,568,169,11.4,33,23.5,6.0,Metro
Mar-2024,FY24,Pune,Maharashtra,Corporate Gifting,437,420739,973,758,171,155,52,12.0,25,21.3,6.8,Metro
Mar-2024,FY24,Pune,Maharashtra,Meesho,116,109668,956,184,40,52,11,9.6,4,26.5,17.5,Metro
Mar-2024,FY24,Hyderabad,Telangana,Amazon,966,1464143,1518,1703,195,373,95,9.9,57,39.3,7.1,Metro
Mar-2024,FY24,Hyderabad,Telangana,Flipkart,736,1096062,1489,1202,204,369,78,10.6,26,29.9,15.8,Metro
Mar-2024,FY24,Hyderabad,Telangana,Ugaoo Website,655,817363,1247,1001,197,290,74,11.4,15,29.3,11.4,Metro
Mar-2024,FY24,Hyderabad,Telangana,Blinkit,280,433862,1547,361,89,152,19,7.0,16,31.0,12.1,Metro
Mar-2024,FY24,Hyderabad,Telangana,Zepto,294,396080,1356,404,96,101,34,11.6,5,22.9,17.6,Metro
Mar-2024,FY24,Hyderabad,Telangana,Retail Store,842,807428,957,1142,175,307,55,6.6,42,33.7,11.0,Metro
Mar-2024,FY24,Hyderabad,Telangana,Corporate Gifting,476,726241,1521,619,140,240,39,8.4,14,36.4,6.7,Metro
Mar-2024,FY24,Hyderabad,Telangana,Meesho,104,133843,1327,157,28,56,10,9.8,2,36.2,18.3,Metro
Mar-2024,FY24,Chennai,Tamil Nadu,Amazon,850,1063741,1252,1222,277,421,62,7.3,26,19.3,5.4,Non-Metro
Mar-2024,FY24,Chennai,Tamil Nadu,Flipkart,513,626798,1214,659,156,219,36,7.1,11,20.5,14.1,Non-Metro
Mar-2024,FY24,Chennai,Tamil Nadu,Ugaoo Website,402,486943,1205,490,97,182,27,6.8,16,27.3,8.3,Non-Metro
Mar-2024,FY24,Chennai,Tamil Nadu,Blinkit,343,440763,1274,425,115,168,36,10.7,19,19.1,12.7,Non-Metro
Mar-2024,FY24,Chennai,Tamil Nadu,Zepto,298,300999,1011,446,82,130,31,10.5,14,37.4,13.5,Non-Metro
Mar-2024,FY24,Chennai,Tamil Nadu,Retail Store,619,849622,1378,1029,120,198,35,5.8,19,20.8,7.1,Non-Metro
Mar-2024,FY24,Chennai,Tamil Nadu,Corporate Gifting,304,261440,875,420,122,100,28,9.3,6,43.8,5.3,Non-Metro
Mar-2024,FY24,Chennai,Tamil Nadu,Meesho,71,84404,1134,121,29,38,7,10.4,1,26.3,13.3,Non-Metro
Mar-2024,FY24,Kolkata,West Bengal,Amazon,411,493863,1198,510,135,194,22,5.5,19,23.2,8.6,Non-Metro
Mar-2024,FY24,Kolkata,West Bengal,Flipkart,439,504074,1154,562,116,139,40,9.2,19,28.5,5.6,Non-Metro
Mar-2024,FY24,Kolkata,West Bengal,Ugaoo Website,324,398632,1225,529,89,153,33,10.3,15,41.9,11.7,Non-Metro
Mar-2024,FY24,Kolkata,West Bengal,Blinkit,205,179341,861,332,55,110,18,9.2,6,39.6,14.1,Non-Metro
Mar-2024,FY24,Kolkata,West Bengal,Zepto,171,219975,1301,264,37,61,15,9.1,5,30.5,11.2,Non-Metro
Mar-2024,FY24,Kolkata,West Bengal,Retail Store,322,471420,1475,429,100,110,22,7.0,18,25.9,13.4,Non-Metro
Mar-2024,FY24,Kolkata,West Bengal,Corporate Gifting,223,197761,905,285,59,88,26,11.8,6,30.4,6.6,Non-Metro
Mar-2024,FY24,Kolkata,West Bengal,Meesho,72,88958,1215,96,13,29,6,8.9,3,43.6,14.0,Non-Metro
Mar-2024,FY24,Ahmedabad,Gujarat,Amazon,352,521577,1473,568,135,114,36,10.3,9,42.9,13.4,Non-Metro
Mar-2024,FY24,Ahmedabad,Gujarat,Flipkart,290,467416,1596,489,68,120,25,8.8,14,19.7,9.6,Non-Metro
Mar-2024,FY24,Ahmedabad,Gujarat,Ugaoo Website,235,283195,1218,408,66,126,16,7.0,6,22.6,15.5,Non-Metro
Mar-2024,FY24,Ahmedabad,Gujarat,Blinkit,128,182788,1458,145,53,62,15,12.2,4,23.6,17.2,Non-Metro
Mar-2024,FY24,Ahmedabad,Gujarat,Zepto,120,157361,1324,209,50,56,12,10.3,4,32.6,15.0,Non-Metro
Mar-2024,FY24,Ahmedabad,Gujarat,Retail Store,249,315970,1274,423,65,84,12,5.1,14,39.6,16.3,Non-Metro
Mar-2024,FY24,Ahmedabad,Gujarat,Corporate Gifting,118,169675,1472,161,36,48,10,8.5,4,40.9,5.1,Non-Metro
Mar-2024,FY24,Ahmedabad,Gujarat,Meesho,53,47078,893,80,21,25,2,5.1,2,35.2,6.7,Non-Metro
Mar-2024,FY24,Jaipur,Rajasthan,Amazon,283,400383,1418,478,56,95,22,7.9,12,18.3,5.6,Non-Metro
Mar-2024,FY24,Jaipur,Rajasthan,Flipkart,167,158401,974,261,62,52,11,6.6,6,27.8,8.5,Non-Metro
Mar-2024,FY24,Jaipur,Rajasthan,Ugaoo Website,165,154355,926,243,55,68,10,6.6,8,30.3,8.5,Non-Metro
Mar-2024,FY24,Jaipur,Rajasthan,Blinkit,94,138194,1481,158,24,38,6,7.1,2,22.3,6.7,Non-Metro
Mar-2024,FY24,Jaipur,Rajasthan,Zepto,81,126023,1576,91,15,29,6,7.9,4,26.2,19.8,Non-Metro
Mar-2024,FY24,Jaipur,Rajasthan,Retail Store,180,216990,1205,222,49,66,22,12.4,5,24.9,12.9,Non-Metro
Mar-2024,FY24,Jaipur,Rajasthan,Corporate Gifting,109,95580,850,174,44,59,6,5.7,5,31.4,19.4,Non-Metro
Mar-2024,FY24,Jaipur,Rajasthan,Meesho,30,34072,1088,39,7,14,3,12.4,1,33.7,15.9,Non-Metro
Mar-2024,FY24,Gurgaon,Haryana,Amazon,282,273994,987,464,72,100,34,12.4,8,33.2,17.0,Non-Metro
Mar-2024,FY24,Gurgaon,Haryana,Flipkart,191,187323,975,269,41,83,10,5.3,5,37.2,5.8,Non-Metro
Mar-2024,FY24,Gurgaon,Haryana,Ugaoo Website,221,257029,1145,277,47,99,26,12.1,11,34.3,14.8,Non-Metro
Mar-2024,FY24,Gurgaon,Haryana,Blinkit,97,131371,1320,110,37,45,8,8.7,2,19.4,17.3,Non-Metro
Mar-2024,FY24,Gurgaon,Haryana,Zepto,80,96624,1207,117,17,36,9,11.5,2,35.3,15.8,Non-Metro
Mar-2024,FY24,Gurgaon,Haryana,Retail Store,204,189381,919,291,45,79,11,5.4,10,19.7,19.6,Non-Metro
Mar-2024,FY24,Gurgaon,Haryana,Corporate Gifting,76,121136,1574,136,15,37,7,9.6,2,40.6,5.5,Non-Metro
Mar-2024,FY24,Gurgaon,Haryana,Meesho,25,39489,1462,31,9,11,3,12.0,0,25.3,17.5,Non-Metro
Mar-2024,FY24,Noida,Uttar Pradesh,Amazon,142,137934,955,252,30,73,15,11.2,3,28.5,15.1,Non-Metro
Mar-2024,FY24,Noida,Uttar Pradesh,Flipkart,78,71246,961,89,23,29,9,12.2,2,20.1,6.5,Non-Metro
Mar-2024,FY24,Noida,Uttar Pradesh,Ugaoo Website,64,91284,1389,104,18,25,6,9.8,2,31.3,12.7,Non-Metro
Mar-2024,FY24,Noida,Uttar Pradesh,Blinkit,53,74597,1346,65,12,18,4,9.1,1,39.4,5.9,Non-Metro
Mar-2024,FY24,Noida,Uttar Pradesh,Zepto,37,43239,1276,45,14,15,3,9.0,0,34.3,15.2,Non-Metro
Mar-2024,FY24,Noida,Uttar Pradesh,Retail Store,87,115767,1387,121,31,28,5,6.2,2,22.3,11.8,Non-Metro
Mar-2024,FY24,Noida,Uttar Pradesh,Corporate Gifting,66,97309,1448,78,16,25,3,5.1,1,31.0,5.6,Non-Metro
Mar-2024,FY24,Noida,Uttar Pradesh,Meesho,14,10179,992,23,4,4,1,11.0,0,27.6,13.6,Non-Metro
Mar-2024,FY24,Nashik,Maharashtra,Amazon,111,160634,1403,126,33,45,11,10.2,5,34.7,17.4,Non-Metro
Mar-2024,FY24,Nashik,Maharashtra,Flipkart,89,77601,856,135,16,46,6,7.5,4,42.0,19.0,Non-Metro
Mar-2024,FY24,Nashik,Maharashtra,Ugaoo Website,91,128767,1380,131,22,33,11,12.6,2,19.2,18.6,Non-Metro
Mar-2024,FY24,Nashik,Maharashtra,Blinkit,43,54040,1280,65,10,15,2,6.7,1,28.0,5.6,Non-Metro
Mar-2024,FY24,Nashik,Maharashtra,Zepto,46,74391,1552,61,12,16,4,10.6,1,20.9,14.9,Non-Metro
Mar-2024,FY24,Nashik,Maharashtra,Retail Store,103,104917,988,165,19,35,8,7.9,2,39.3,17.8,Non-Metro
Mar-2024,FY24,Nashik,Maharashtra,Corporate Gifting,44,47848,1125,58,10,22,2,6.8,2,25.8,8.9,Non-Metro
Mar-2024,FY24,Nashik,Maharashtra,Meesho,21,32849,1598,36,5,8,1,8.5,0,42.5,13.9,Non-Metro
Mar-2024,FY24,Bhopal,Madhya Pradesh,Amazon,148,220904,1463,241,33,74,18,12.4,7,20.9,17.8,Non-Metro
Mar-2024,FY24,Bhopal,Madhya Pradesh,Flipkart,117,108155,923,180,21,46,9,8.0,3,33.4,5.9,Non-Metro
Mar-2024,FY24,Bhopal,Madhya Pradesh,Ugaoo Website,81,117647,1470,142,25,24,6,8.2,2,40.0,16.6,Non-Metro
Mar-2024,FY24,Bhopal,Madhya Pradesh,Blinkit,45,50762,1129,52,10,16,2,6.3,2,18.3,7.6,Non-Metro
Mar-2024,FY24,Bhopal,Madhya Pradesh,Zepto,42,63474,1516,51,16,16,5,12.7,1,23.5,6.1,Non-Metro
Mar-2024,FY24,Bhopal,Madhya Pradesh,Retail Store,108,115143,1030,127,30,45,10,9.5,2,41.4,11.3,Non-Metro
Mar-2024,FY24,Bhopal,Madhya Pradesh,Corporate Gifting,42,58452,1314,54,15,19,3,9.1,1,34.9,14.2,Non-Metro
Mar-2024,FY24,Bhopal,Madhya Pradesh,Meesho,15,17087,1012,23,4,4,1,7.0,0,19.4,5.4,Non-Metro
Mar-2024,FY24,Indore,Madhya Pradesh,Amazon,105,89280,867,179,41,31,11,11.0,2,35.7,11.7,Non-Metro
Mar-2024,FY24,Indore,Madhya Pradesh,Flipkart,120,128032,1098,155,48,41,6,5.6,5,39.1,19.6,Non-Metro
Mar-2024,FY24,Indore,Madhya Pradesh,Ugaoo Website,105,154705,1459,134,36,48,5,5.6,2,41.7,8.9,Non-Metro
Mar-2024,FY24,Indore,Madhya Pradesh,Blinkit,44,66011,1530,64,10,18,2,6.1,2,27.2,9.0,Non-Metro
Mar-2024,FY24,Indore,Madhya Pradesh,Zepto,40,49482,1128,61,10,15,4,12.4,1,22.2,13.3,Non-Metro
Mar-2024,FY24,Indore,Madhya Pradesh,Retail Store,86,110373,1284,120,23,38,7,8.4,1,27.7,18.0,Non-Metro
Mar-2024,FY24,Indore,Madhya Pradesh,Corporate Gifting,55,53833,943,94,12,21,7,12.9,2,39.5,19.0,Non-Metro
Mar-2024,FY24,Indore,Madhya Pradesh,Meesho,16,22321,1224,27,3,7,1,11.2,0,23.8,8.0,Non-Metro
Apr-2024,FY25,Bengaluru,Karnataka,Amazon,2584,4111243,1592,4649,593,1135,217,8.4,77,22.7,10.3,Metro
Apr-2024,FY25,Bengaluru,Karnataka,Flipkart,2360,3673577,1557,2932,553,1175,233,9.9,125,19.1,8.3,Metro
Apr-2024,FY25,Bengaluru,Karnataka,Ugaoo Website,1558,1855534,1192,2030,598,733,191,12.3,31,30.7,18.2,Metro
Apr-2024,FY25,Bengaluru,Karnataka,Blinkit,890,911242,1028,1230,294,325,90,10.2,34,19.9,11.7,Metro
Apr-2024,FY25,Bengaluru,Karnataka,Zepto,663,1039215,1574,1166,268,216,72,11.0,33,41.5,14.5,Metro
Apr-2024,FY25,Bengaluru,Karnataka,Retail Store,1799,2344740,1303,2918,730,886,203,11.3,95,32.2,18.0,Metro
Apr-2024,FY25,Bengaluru,Karnataka,Corporate Gifting,1149,1356212,1181,1364,240,468,127,11.1,36,38.2,18.8,Metro
Apr-2024,FY25,Bengaluru,Karnataka,Meesho,204,316917,1533,231,74,107,15,7.5,7,29.0,10.1,Metro
Apr-2024,FY25,Mumbai,Maharashtra,Amazon,2016,2990607,1482,2600,364,779,122,6.1,78,33.3,7.5,Metro
Apr-2024,FY25,Mumbai,Maharashtra,Flipkart,1719,2685632,1563,2788,658,760,163,9.5,85,36.2,11.7,Metro
Apr-2024,FY25,Mumbai,Maharashtra,Ugaoo Website,1436,1437320,1003,2534,360,451,185,12.9,82,36.2,11.8,Metro
Apr-2024,FY25,Mumbai,Maharashtra,Blinkit,727,875154,1198,937,143,243,74,10.3,17,32.9,8.2,Metro
Apr-2024,FY25,Mumbai,Maharashtra,Zepto,496,616940,1239,842,100,205,41,8.3,24,34.6,16.9,Metro
Apr-2024,FY25,Mumbai,Maharashtra,Retail Store,1683,1589890,946,2930,588,747,196,11.7,65,32.4,10.9,Metro
Apr-2024,FY25,Mumbai,Maharashtra,Corporate Gifting,738,665672,902,1053,293,379,56,7.7,20,44.8,18.5,Metro
Apr-2024,FY25,Mumbai,Maharashtra,Meesho,277,404337,1472,430,83,131,32,11.8,10,23.9,8.1,Metro
Apr-2024,FY25,Delhi,Delhi,Amazon,1718,1973325,1146,1986,622,526,104,6.1,93,22.3,19.7,Metro
Apr-2024,FY25,Delhi,Delhi,Flipkart,1120,1730391,1549,1507,295,436,78,7.0,55,18.7,16.4,Metro
Apr-2024,FY25,Delhi,Delhi,Ugaoo Website,797,1181416,1480,995,167,257,47,5.9,20,22.6,12.2,Metro
Apr-2024,FY25,Delhi,Delhi,Blinkit,378,465895,1232,458,102,125,47,12.5,13,31.6,5.3,Metro
Apr-2024,FY25,Delhi,Delhi,Zepto,325,280792,872,556,100,137,30,9.3,10,34.1,11.0,Metro
Apr-2024,FY25,Delhi,Delhi,Retail Store,957,1268302,1327,1586,249,396,108,11.3,47,39.6,9.8,Metro
Apr-2024,FY25,Delhi,Delhi,Corporate Gifting,460,692519,1503,655,115,157,52,11.5,27,20.7,8.6,Metro
Apr-2024,FY25,Delhi,Delhi,Meesho,261,224134,861,399,87,123,28,11.0,9,26.5,13.2,Metro
Apr-2024,FY25,Pune,Maharashtra,Amazon,1163,1414047,1219,2091,473,626,69,6.0,53,42.8,16.8,Metro
Apr-2024,FY25,Pune,Maharashtra,Flipkart,570,616153,1087,843,182,211,70,12.4,27,25.7,15.1,Metro
Apr-2024,FY25,Pune,Maharashtra,Ugaoo Website,756,833643,1103,1308,237,255,92,12.3,25,20.9,5.5,Metro
Apr-2024,FY25,Pune,Maharashtra,Blinkit,421,666013,1582,481,109,198,24,5.8,19,44.8,5.0,Metro
Apr-2024,FY25,Pune,Maharashtra,Zepto,310,488082,1585,343,69,124,30,9.9,6,38.1,7.8,Metro
Apr-2024,FY25,Pune,Maharashtra,Retail Store,502,487488,973,861,178,200,32,6.4,27,31.2,6.9,Metro
Apr-2024,FY25,Pune,Maharashtra,Corporate Gifting,253,341343,1337,390,76,92,15,6.2,15,38.4,9.5,Metro
Apr-2024,FY25,Pune,Maharashtra,Meesho,102,150567,1478,171,26,36,5,5.4,6,22.7,7.8,Metro
Apr-2024,FY25,Hyderabad,Telangana,Amazon,720,765298,1068,1204,221,317,60,8.4,30,39.0,14.8,Metro
Apr-2024,FY25,Hyderabad,Telangana,Flipkart,633,919572,1456,862,201,218,44,7.1,34,25.7,17.9,Metro
Apr-2024,FY25,Hyderabad,Telangana,Ugaoo Website,651,786997,1213,815,262,225,42,6.6,32,36.7,15.5,Metro
Apr-2024,FY25,Hyderabad,Telangana,Blinkit,276,302881,1097,475,77,84,29,10.6,7,32.4,6.5,Metro
Apr-2024,FY25,Hyderabad,Telangana,Zepto,208,306927,1460,362,39,111,13,6.3,6,20.7,15.6,Metro
Apr-2024,FY25,Hyderabad,Telangana,Retail Store,624,646446,1043,1092,194,331,49,8.0,18,19.3,7.6,Metro
Apr-2024,FY25,Hyderabad,Telangana,Corporate Gifting,361,315761,881,581,100,182,30,8.5,11,32.2,8.6,Metro
Apr-2024,FY25,Hyderabad,Telangana,Meesho,110,98201,927,144,37,46,9,8.5,4,33.0,13.9,Metro
Apr-2024,FY25,Chennai,Tamil Nadu,Amazon,711,1053508,1477,801,297,221,39,5.6,27,31.2,17.5,Non-Metro
Apr-2024,FY25,Chennai,Tamil Nadu,Flipkart,387,526023,1367,605,118,119,27,7.1,13,28.0,5.2,Non-Metro
Apr-2024,FY25,Chennai,Tamil Nadu,Ugaoo Website,365,519912,1426,443,142,117,27,7.6,9,34.6,17.3,Non-Metro
Apr-2024,FY25,Chennai,Tamil Nadu,Blinkit,215,266023,1254,300,59,72,16,7.6,5,29.1,10.2,Non-Metro
Apr-2024,FY25,Chennai,Tamil Nadu,Zepto,188,264896,1434,209,35,97,23,12.3,8,21.0,18.9,Non-Metro
Apr-2024,FY25,Chennai,Tamil Nadu,Retail Store,498,783421,1583,625,110,247,62,12.6,23,20.8,9.3,Non-Metro
Apr-2024,FY25,Chennai,Tamil Nadu,Corporate Gifting,271,278138,1033,423,62,106,33,12.3,11,33.9,7.8,Non-Metro
Apr-2024,FY25,Chennai,Tamil Nadu,Meesho,85,109853,1268,147,33,39,7,9.0,2,39.8,19.5,Non-Metro
Apr-2024,FY25,Kolkata,West Bengal,Amazon,549,808675,1465,860,225,232,54,10.0,20,23.1,18.7,Non-Metro
Apr-2024,FY25,Kolkata,West Bengal,Flipkart,194,185719,939,291,71,86,23,12.2,11,20.4,6.0,Non-Metro
Apr-2024,FY25,Kolkata,West Bengal,Ugaoo Website,267,334911,1267,457,87,81,32,12.3,14,37.4,8.5,Non-Metro
Apr-2024,FY25,Kolkata,West Bengal,Blinkit,77,97879,1329,92,21,29,6,7.9,3,38.2,10.4,Non-Metro
Apr-2024,FY25,Kolkata,West Bengal,Zepto,107,134043,1243,190,22,34,13,13.0,4,18.3,18.3,Non-Metro
Apr-2024,FY25,Kolkata,West Bengal,Retail Store,389,530879,1355,497,121,194,38,10.0,22,19.7,19.6,Non-Metro
Apr-2024,FY25,Kolkata,West Bengal,Corporate Gifting,168,178228,1058,288,43,77,14,8.7,6,40.3,19.7,Non-Metro
Apr-2024,FY25,Kolkata,West Bengal,Meesho,71,86963,1262,101,20,21,6,8.9,3,39.4,7.1,Non-Metro
Apr-2024,FY25,Ahmedabad,Gujarat,Amazon,261,272547,1057,354,93,102,29,11.3,13,31.8,12.2,Non-Metro
Apr-2024,FY25,Ahmedabad,Gujarat,Flipkart,319,285130,906,401,90,131,19,6.1,11,41.4,18.6,Non-Metro
Apr-2024,FY25,Ahmedabad,Gujarat,Ugaoo Website,192,246652,1295,309,48,71,14,7.3,9,28.6,9.9,Non-Metro
Apr-2024,FY25,Ahmedabad,Gujarat,Blinkit,69,79106,1191,112,16,28,7,11.1,2,40.5,14.1,Non-Metro
Apr-2024,FY25,Ahmedabad,Gujarat,Zepto,83,123762,1446,142,33,45,4,5.5,2,24.7,15.5,Non-Metro
Apr-2024,FY25,Ahmedabad,Gujarat,Retail Store,176,159079,886,295,55,55,16,9.5,7,31.1,12.8,Non-Metro
Apr-2024,FY25,Ahmedabad,Gujarat,Corporate Gifting,115,150587,1311,141,45,62,8,7.1,4,39.0,10.4,Non-Metro
Apr-2024,FY25,Ahmedabad,Gujarat,Meesho,34,56030,1585,60,7,12,2,6.1,1,31.1,13.1,Non-Metro
Apr-2024,FY25,Jaipur,Rajasthan,Amazon,234,368570,1586,396,75,124,16,6.9,10,18.2,8.8,Non-Metro
Apr-2024,FY25,Jaipur,Rajasthan,Flipkart,146,142159,945,212,59,54,14,9.7,4,34.7,18.2,Non-Metro
Apr-2024,FY25,Jaipur,Rajasthan,Ugaoo Website,149,181101,1224,262,32,73,14,10.0,5,36.2,11.7,Non-Metro
Apr-2024,FY25,Jaipur,Rajasthan,Blinkit,79,123293,1516,138,19,35,8,10.3,2,35.3,10.7,Non-Metro
Apr-2024,FY25,Jaipur,Rajasthan,Zepto,55,74381,1344,66,21,17,5,10.8,1,27.9,13.3,Non-Metro
Apr-2024,FY25,Jaipur,Rajasthan,Retail Store,105,164355,1587,134,19,48,10,10.1,4,31.4,16.7,Non-Metro
Apr-2024,FY25,Jaipur,Rajasthan,Corporate Gifting,58,56361,989,87,22,22,4,7.4,3,40.8,19.1,Non-Metro
Apr-2024,FY25,Jaipur,Rajasthan,Meesho,20,18808,1004,22,7,10,1,9.9,0,40.2,13.1,Non-Metro
Apr-2024,FY25,Gurgaon,Haryana,Amazon,168,252730,1481,284,41,81,15,9.1,9,30.5,5.8,Non-Metro
Apr-2024,FY25,Gurgaon,Haryana,Flipkart,130,168289,1264,159,53,49,16,12.5,4,19.0,15.4,Non-Metro
Apr-2024,FY25,Gurgaon,Haryana,Ugaoo Website,106,160553,1487,147,35,31,7,7.0,2,38.3,13.4,Non-Metro
Apr-2024,FY25,Gurgaon,Haryana,Blinkit,59,74330,1193,94,19,24,4,8.3,3,36.3,11.6,Non-Metro
Apr-2024,FY25,Gurgaon,Haryana,Zepto,46,46013,1077,52,15,17,2,5.5,1,37.9,14.1,Non-Metro
Apr-2024,FY25,Gurgaon,Haryana,Retail Store,171,191589,1117,260,70,58,11,6.5,9,20.7,8.5,Non-Metro
Apr-2024,FY25,Gurgaon,Haryana,Corporate Gifting,80,97658,1179,125,32,30,8,11.2,2,22.3,8.6,Non-Metro
Apr-2024,FY25,Gurgaon,Haryana,Meesho,24,25322,954,29,5,7,2,9.9,0,36.7,14.5,Non-Metro
Apr-2024,FY25,Noida,Uttar Pradesh,Amazon,80,102255,1251,118,19,40,8,10.4,3,23.1,12.4,Non-Metro
Apr-2024,FY25,Noida,Uttar Pradesh,Flipkart,69,112036,1580,93,13,21,5,8.6,3,43.5,15.6,Non-Metro
Apr-2024,FY25,Noida,Uttar Pradesh,Ugaoo Website,61,76306,1241,105,19,29,3,5.6,3,19.2,7.3,Non-Metro
Apr-2024,FY25,Noida,Uttar Pradesh,Blinkit,32,34812,1190,52,7,14,2,7.8,0,43.7,10.8,Non-Metro
Apr-2024,FY25,Noida,Uttar Pradesh,Zepto,28,42349,1503,37,8,13,2,8.9,1,18.5,15.6,Non-Metro
Apr-2024,FY25,Noida,Uttar Pradesh,Retail Store,58,59135,1013,96,16,31,4,7.9,1,40.7,13.5,Non-Metro
Apr-2024,FY25,Noida,Uttar Pradesh,Corporate Gifting,41,62611,1500,56,10,20,2,5.5,1,36.5,6.6,Non-Metro
Apr-2024,FY25,Noida,Uttar Pradesh,Meesho,11,20199,1571,17,2,3,1,9.5,0,35.2,19.4,Non-Metro
Apr-2024,FY25,Nashik,Maharashtra,Amazon,99,96900,985,175,29,49,8,8.2,3,38.9,6.9,Non-Metro
Apr-2024,FY25,Nashik,Maharashtra,Flipkart,87,129696,1459,124,30,34,11,12.8,4,31.7,13.4,Non-Metro
Apr-2024,FY25,Nashik,Maharashtra,Ugaoo Website,51,66238,1351,76,15,24,2,5.7,1,39.7,13.3,Non-Metro
Apr-2024,FY25,Nashik,Maharashtra,Blinkit,26,39451,1581,41,7,9,2,9.2,0,25.1,14.5,Non-Metro
Apr-2024,FY25,Nashik,Maharashtra,Zepto,37,45310,1179,47,7,12,2,6.5,1,42.2,5.2,Non-Metro
Apr-2024,FY25,Nashik,Maharashtra,Retail Store,51,64091,1345,61,14,23,4,8.0,1,28.3,12.6,Non-Metro
Apr-2024,FY25,Nashik,Maharashtra,Corporate Gifting,47,59598,1310,58,16,18,4,10.2,1,42.7,18.2,Non-Metro
Apr-2024,FY25,Nashik,Maharashtra,Meesho,11,15344,1012,12,4,4,1,10.8,0,22.3,13.4,Non-Metro
Apr-2024,FY25,Bhopal,Madhya Pradesh,Amazon,91,126784,1354,118,27,48,7,7.7,4,42.1,5.6,Non-Metro
Apr-2024,FY25,Bhopal,Madhya Pradesh,Flipkart,55,85012,1463,64,11,20,4,8.9,2,32.3,7.9,Non-Metro
Apr-2024,FY25,Bhopal,Madhya Pradesh,Ugaoo Website,48,54058,1177,66,11,14,3,7.0,1,22.5,12.3,Non-Metro
Apr-2024,FY25,Bhopal,Madhya Pradesh,Blinkit,19,34536,1589,30,5,6,1,9.0,1,35.6,11.5,Non-Metro
Apr-2024,FY25,Bhopal,Madhya Pradesh,Zepto,34,50976,1558,49,7,15,1,5.2,0,25.3,7.0,Non-Metro
Apr-2024,FY25,Bhopal,Madhya Pradesh,Retail Store,68,62605,931,84,17,32,7,10.8,2,23.8,10.6,Non-Metro
Apr-2024,FY25,Bhopal,Madhya Pradesh,Corporate Gifting,41,59146,1407,60,13,12,3,9.6,2,27.3,9.6,Non-Metro
Apr-2024,FY25,Bhopal,Madhya Pradesh,Meesho,9,10369,919,12,3,4,0,6.2,0,34.4,19.9,Non-Metro
Apr-2024,FY25,Indore,Madhya Pradesh,Amazon,109,115372,1104,190,42,39,11,11.0,4,39.4,18.9,Non-Metro
Apr-2024,FY25,Indore,Madhya Pradesh,Flipkart,54,83521,1540,81,19,28,2,5.4,2,40.6,10.7,Non-Metro
Apr-2024,FY25,Indore,Madhya Pradesh,Ugaoo Website,73,110825,1583,85,22,28,9,13.0,2,28.7,6.2,Non-Metro
Apr-2024,FY25,Indore,Madhya Pradesh,Blinkit,32,26113,926,43,9,13,3,10.1,0,33.7,6.5,Non-Metro
Apr-2024,FY25,Indore,Madhya Pradesh,Zepto,22,32632,1314,31,4,11,2,10.1,0,33.7,16.0,Non-Metro
Apr-2024,FY25,Indore,Madhya Pradesh,Retail Store,70,82644,1124,91,16,30,4,7.0,2,39.8,18.5,Non-Metro
Apr-2024,FY25,Indore,Madhya Pradesh,Corporate Gifting,41,60026,1573,46,16,21,3,8.7,2,27.4,12.4,Non-Metro
Apr-2024,FY25,Indore,Madhya Pradesh,Meesho,12,18030,1534,14,4,6,1,10.5,0,31.3,9.1,Non-Metro
May-2024,FY25,Bengaluru,Karnataka,Amazon,2140,2710895,1269,2398,590,647,186,8.7,105,44.7,18.3,Metro
May-2024,FY25,Bengaluru,Karnataka,Flipkart,1824,2489219,1363,2220,504,730,102,5.6,109,22.1,10.3,Metro
May-2024,FY25,Bengaluru,Karnataka,Ugaoo Website,1702,1622687,951,2836,388,931,204,12.0,92,24.1,7.3,Metro
May-2024,FY25,Bengaluru,Karnataka,Blinkit,869,1179624,1356,1420,260,364,47,5.5,20,19.1,12.8,Metro
May-2024,FY25,Bengaluru,Karnataka,Zepto,763,1200498,1570,1130,202,252,91,12.0,20,32.3,9.6,Metro
May-2024,FY25,Bengaluru,Karnataka,Retail Store,2262,3096112,1367,3000,449,1032,203,9.0,65,31.6,16.4,Metro
May-2024,FY25,Bengaluru,Karnataka,Corporate Gifting,1207,1038701,858,1361,379,624,78,6.5,34,18.2,19.0,Metro
May-2024,FY25,Bengaluru,Karnataka,Meesho,324,468965,1434,443,113,120,26,8.2,16,28.2,9.3,Metro
May-2024,FY25,Mumbai,Maharashtra,Amazon,1423,1655236,1166,2138,517,669,169,11.9,48,25.0,16.8,Metro
May-2024,FY25,Mumbai,Maharashtra,Flipkart,1285,1984497,1541,2086,289,507,123,9.6,51,31.5,13.7,Metro
May-2024,FY25,Mumbai,Maharashtra,Ugaoo Website,1473,2297803,1558,2133,287,586,117,8.0,75,27.5,16.1,Metro
May-2024,FY25,Mumbai,Maharashtra,Blinkit,640,860315,1345,1064,227,204,46,7.3,18,41.6,15.3,Metro
May-2024,FY25,Mumbai,Maharashtra,Zepto,595,630005,1054,1013,121,193,48,8.2,29,19.1,8.6,Metro
May-2024,FY25,Mumbai,Maharashtra,Retail Store,1766,1942797,1099,2354,643,913,135,7.7,53,38.5,8.0,Metro
May-2024,FY25,Mumbai,Maharashtra,Corporate Gifting,774,1197686,1551,1359,153,313,48,6.3,41,24.4,15.2,Metro
May-2024,FY25,Mumbai,Maharashtra,Meesho,168,229769,1346,261,32,89,16,10.1,9,25.3,19.7,Metro
May-2024,FY25,Delhi,Delhi,Amazon,1389,1572311,1129,1907,440,440,81,5.9,47,26.1,15.3,Metro
May-2024,FY25,Delhi,Delhi,Flipkart,1130,1753834,1550,1753,216,610,114,10.1,23,26.1,9.5,Metro
May-2024,FY25,Delhi,Delhi,Ugaoo Website,785,865859,1101,987,306,306,88,11.3,45,33.5,5.6,Metro
May-2024,FY25,Delhi,Delhi,Blinkit,545,802243,1473,789,104,228,46,8.6,28,27.1,10.8,Metro
May-2024,FY25,Delhi,Delhi,Zepto,396,541950,1363,561,163,175,35,9.0,20,38.6,16.7,Metro
May-2024,FY25,Delhi,Delhi,Retail Store,1145,1633977,1428,1724,329,413,122,10.7,29,23.9,14.7,Metro
May-2024,FY25,Delhi,Delhi,Corporate Gifting,583,859691,1468,1026,130,186,54,9.4,29,34.7,5.5,Metro
May-2024,FY25,Delhi,Delhi,Meesho,187,283193,1525,320,56,98,12,6.6,4,28.5,5.1,Metro
May-2024,FY25,Pune,Maharashtra,Amazon,766,1014917,1326,984,193,404,65,8.6,41,31.5,7.7,Metro
May-2024,FY25,Pune,Maharashtra,Flipkart,1051,934098,886,1187,260,576,62,5.9,24,33.2,19.2,Metro
May-2024,FY25,Pune,Maharashtra,Ugaoo Website,731,659002,902,1052,178,376,37,5.1,33,28.7,8.7,Metro
May-2024,FY25,Pune,Maharashtra,Blinkit,407,525992,1303,704,149,144,45,11.1,13,18.3,14.8,Metro
May-2024,FY25,Pune,Maharashtra,Zepto,400,509434,1281,529,102,189,50,12.7,11,27.4,10.2,Metro
May-2024,FY25,Pune,Maharashtra,Retail Store,715,975417,1365,1070,137,349,42,5.9,37,23.7,18.7,Metro
May-2024,FY25,Pune,Maharashtra,Corporate Gifting,485,476872,985,569,198,205,60,12.4,19,25.1,11.2,Metro
May-2024,FY25,Pune,Maharashtra,Meesho,159,223550,1387,204,48,54,11,7.5,4,29.1,6.5,Metro
May-2024,FY25,Hyderabad,Telangana,Amazon,703,987583,1402,1171,220,384,41,5.9,26,21.3,10.9,Metro
May-2024,FY25,Hyderabad,Telangana,Flipkart,462,533866,1161,581,99,183,52,11.4,26,22.5,6.7,Metro
May-2024,FY25,Hyderabad,Telangana,Ugaoo Website,345,402052,1152,599,143,126,39,11.4,9,41.6,5.9,Metro
May-2024,FY25,Hyderabad,Telangana,Blinkit,234,250900,1051,405,70,114,22,9.5,6,34.7,17.1,Metro
May-2024,FY25,Hyderabad,Telangana,Zepto,207,237755,1150,359,47,78,15,7.4,7,43.7,9.9,Metro
May-2024,FY25,Hyderabad,Telangana,Retail Store,526,731361,1383,777,133,168,31,5.9,29,40.8,15.7,Metro
May-2024,FY25,Hyderabad,Telangana,Corporate Gifting,296,445119,1518,346,118,120,35,12.1,12,21.0,5.8,Metro
May-2024,FY25,Hyderabad,Telangana,Meesho,141,132659,961,237,35,49,9,6.9,7,39.3,16.3,Metro
May-2024,FY25,Chennai,Tamil Nadu,Amazon,460,628464,1368,717,179,206,44,9.7,13,40.1,7.7,Non-Metro
May-2024,FY25,Chennai,Tamil Nadu,Flipkart,474,565035,1194,577,194,207,43,9.2,22,24.0,5.1,Non-Metro
May-2024,FY25,Chennai,Tamil Nadu,Ugaoo Website,335,474297,1419,378,77,137,19,5.8,13,31.3,16.7,Non-Metro
May-2024,FY25,Chennai,Tamil Nadu,Blinkit,181,286031,1581,200,49,55,23,12.9,7,20.8,17.9,Non-Metro
May-2024,FY25,Chennai,Tamil Nadu,Zepto,108,159149,1439,130,35,55,10,10.1,4,40.3,6.5,Non-Metro
May-2024,FY25,Chennai,Tamil Nadu,Retail Store,444,705243,1584,709,130,214,29,6.6,10,30.0,18.8,Non-Metro
May-2024,FY25,Chennai,Tamil Nadu,Corporate Gifting,236,233865,1001,411,53,94,25,10.8,7,22.5,5.2,Non-Metro
May-2024,FY25,Chennai,Tamil Nadu,Meesho,75,98351,1255,99,25,32,5,7.3,4,36.0,14.2,Non-Metro
May-2024,FY25,Kolkata,West Bengal,Amazon,320,327369,1026,370,78,118,27,8.6,11,34.3,18.9,Non-Metro
May-2024,FY25,Kolkata,West Bengal,Flipkart,215,285800,1349,246,55,98,13,6.2,10,18.5,9.2,Non-Metro
May-2024,FY25,Kolkata,West Bengal,Ugaoo Website,250,343161,1363,321,91,96,14,5.8,7,27.1,17.8,Non-Metro
May-2024,FY25,Kolkata,West Bengal,Blinkit,164,191684,1154,184,58,66,10,6.4,7,38.7,14.7,Non-Metro
May-2024,FY25,Kolkata,West Bengal,Zepto,98,111433,1140,112,21,50,5,5.7,5,24.9,15.9,Non-Metro
May-2024,FY25,Kolkata,West Bengal,Retail Store,153,168092,1083,170,61,68,11,7.7,8,32.5,17.5,Non-Metro
May-2024,FY25,Kolkata,West Bengal,Corporate Gifting,161,145914,896,198,58,88,10,6.5,5,45.0,18.6,Non-Metro
May-2024,FY25,Kolkata,West Bengal,Meesho,49,78529,1506,61,19,24,4,8.7,2,43.7,14.7,Non-Metro
May-2024,FY25,Ahmedabad,Gujarat,Amazon,300,348914,1148,381,114,150,21,7.1,17,18.9,5.9,Non-Metro
May-2024,FY25,Ahmedabad,Gujarat,Flipkart,270,368929,1372,384,113,143,30,11.2,8,21.7,11.9,Non-Metro
May-2024,FY25,Ahmedabad,Gujarat,Ugaoo Website,128,150182,1146,173,30,49,10,7.9,6,39.6,14.3,Non-Metro
May-2024,FY25,Ahmedabad,Gujarat,Blinkit,79,66676,880,90,32,39,9,11.7,4,32.8,11.0,Non-Metro
May-2024,FY25,Ahmedabad,Gujarat,Zepto,68,69515,1093,112,15,20,8,12.8,1,36.0,15.2,Non-Metro
May-2024,FY25,Ahmedabad,Gujarat,Retail Store,141,134191,931,162,54,56,7,5.6,7,40.7,13.1,Non-Metro
May-2024,FY25,Ahmedabad,Gujarat,Corporate Gifting,114,126075,1130,202,40,52,8,7.1,3,38.5,16.3,Non-Metro
May-2024,FY25,Ahmedabad,Gujarat,Meesho,34,50778,1463,56,12,18,3,9.6,1,45.0,18.7,Non-Metro
May-2024,FY25,Jaipur,Rajasthan,Amazon,162,224645,1400,271,67,80,9,5.6,7,38.3,13.2,Non-Metro
May-2024,FY25,Jaipur,Rajasthan,Flipkart,119,98675,855,163,32,49,9,7.8,4,38.1,7.1,Non-Metro
May-2024,FY25,Jaipur,Rajasthan,Ugaoo Website,124,160219,1258,143,48,64,6,5.5,6,34.0,18.4,Non-Metro
May-2024,FY25,Jaipur,Rajasthan,Blinkit,54,54064,950,77,22,26,5,9.6,3,19.0,17.3,Non-Metro
May-2024,FY25,Jaipur,Rajasthan,Zepto,50,71240,1509,61,15,25,3,7.5,1,19.9,11.3,Non-Metro
May-2024,FY25,Jaipur,Rajasthan,Retail Store,157,198848,1248,193,33,57,8,5.3,3,35.0,16.7,Non-Metro
May-2024,FY25,Jaipur,Rajasthan,Corporate Gifting,50,44381,867,81,16,18,4,8.1,1,27.4,16.4,Non-Metro
May-2024,FY25,Jaipur,Rajasthan,Meesho,27,45855,1600,37,10,8,3,11.2,0,24.9,6.0,Non-Metro
May-2024,FY25,Gurgaon,Haryana,Amazon,229,337849,1460,410,53,74,21,9.5,4,22.7,11.3,Non-Metro
May-2024,FY25,Gurgaon,Haryana,Flipkart,186,157497,856,286,36,98,15,8.4,9,25.4,18.9,Non-Metro
May-2024,FY25,Gurgaon,Haryana,Ugaoo Website,138,117296,877,159,41,47,17,12.9,7,38.4,7.3,Non-Metro
May-2024,FY25,Gurgaon,Haryana,Blinkit,33,43211,1409,49,11,16,3,10.4,1,27.9,19.8,Non-Metro
May-2024,FY25,Gurgaon,Haryana,Zepto,52,66468,1311,83,17,16,4,9.6,1,26.2,7.3,Non-Metro
May-2024,FY25,Gurgaon,Haryana,Retail Store,125,153959,1202,139,42,39,9,7.9,5,37.0,13.8,Non-Metro
May-2024,FY25,Gurgaon,Haryana,Corporate Gifting,72,113915,1533,109,13,30,7,10.4,2,42.2,16.0,Non-Metro
May-2024,FY25,Gurgaon,Haryana,Meesho,23,26778,1341,35,6,9,2,9.2,0,18.4,17.6,Non-Metro
May-2024,FY25,Noida,Uttar Pradesh,Amazon,98,152419,1572,167,41,47,11,12.0,4,29.7,12.4,Non-Metro
May-2024,FY25,Noida,Uttar Pradesh,Flipkart,70,84655,1224,122,12,29,5,8.5,2,32.2,16.9,Non-Metro
May-2024,FY25,Noida,Uttar Pradesh,Ugaoo Website,54,63747,1220,60,14,24,3,6.4,2,23.6,11.6,Non-Metro
May-2024,FY25,Noida,Uttar Pradesh,Blinkit,29,30090,976,49,8,12,3,11.0,1,29.5,13.7,Non-Metro
May-2024,FY25,Noida,Uttar Pradesh,Zepto,21,29450,1531,29,6,11,2,12.5,0,32.5,15.2,Non-Metro
May-2024,FY25,Noida,Uttar Pradesh,Retail Store,66,75452,1192,102,16,31,6,10.3,3,23.2,11.6,Non-Metro
May-2024,FY25,Noida,Uttar Pradesh,Corporate Gifting,34,44567,1181,48,13,11,1,5.7,1,19.3,8.5,Non-Metro
May-2024,FY25,Noida,Uttar Pradesh,Meesho,9,9062,911,15,3,3,1,12.8,0,24.9,14.1,Non-Metro
May-2024,FY25,Nashik,Maharashtra,Amazon,98,89386,906,168,28,40,6,6.5,3,19.1,7.9,Non-Metro
May-2024,FY25,Nashik,Maharashtra,Flipkart,93,99107,1106,102,26,48,11,12.6,3,20.9,6.9,Non-Metro
May-2024,FY25,Nashik,Maharashtra,Ugaoo Website,53,55440,956,91,18,28,4,8.4,1,38.4,7.8,Non-Metro
May-2024,FY25,Nashik,Maharashtra,Blinkit,40,57835,1435,50,10,19,2,7.3,1,29.9,14.2,Non-Metro
May-2024,FY25,Nashik,Maharashtra,Zepto,22,34136,1579,31,7,7,2,10.9,0,31.5,8.5,Non-Metro
May-2024,FY25,Nashik,Maharashtra,Retail Store,65,69114,1042,98,16,30,7,11.7,3,20.1,14.5,Non-Metro
May-2024,FY25,Nashik,Maharashtra,Corporate Gifting,32,40119,1287,55,12,13,3,10.1,1,36.7,5.7,Non-Metro
May-2024,FY25,Nashik,Maharashtra,Meesho,14,16326,1356,24,3,6,0,6.0,0,33.8,11.7,Non-Metro
May-2024,FY25,Bhopal,Madhya Pradesh,Amazon,69,75982,1153,103,19,23,7,11.4,2,21.1,12.9,Non-Metro
May-2024,FY25,Bhopal,Madhya Pradesh,Flipkart,75,112864,1566,129,14,36,6,8.3,4,27.8,11.7,Non-Metro
May-2024,FY25,Bhopal,Madhya Pradesh,Ugaoo Website,43,63921,1521,71,13,23,2,6.7,2,29.6,13.2,Non-Metro
May-2024,FY25,Bhopal,Madhya Pradesh,Blinkit,29,33910,1175,37,10,13,2,8.8,0,21.2,8.2,Non-Metro
May-2024,FY25,Bhopal,Madhya Pradesh,Zepto,15,18870,1280,21,3,7,0,6.0,0,33.2,10.4,Non-Metro
May-2024,FY25,Bhopal,Madhya Pradesh,Retail Store,61,79261,1234,105,22,18,4,7.3,3,32.9,8.4,Non-Metro
May-2024,FY25,Bhopal,Madhya Pradesh,Corporate Gifting,39,50291,1248,57,7,16,4,10.7,1,27.9,9.5,Non-Metro
May-2024,FY25,Bhopal,Madhya Pradesh,Meesho,10,16447,1582,15,1,4,1,10.9,0,40.9,7.8,Non-Metro
May-2024,FY25,Indore,Madhya Pradesh,Amazon,109,166405,1497,167,36,41,11,10.6,2,40.8,18.0,Non-Metro
May-2024,FY25,Indore,Madhya Pradesh,Flipkart,70,109340,1589,96,12,38,4,6.8,1,27.4,5.1,Non-Metro
May-2024,FY25,Indore,Madhya Pradesh,Ugaoo Website,43,38479,856,57,7,22,3,8.1,1,34.6,9.6,Non-Metro
May-2024,FY25,Indore,Madhya Pradesh,Blinkit,28,30213,1054,41,6,8,3,11.2,0,44.0,5.7,Non-Metro
May-2024,FY25,Indore,Madhya Pradesh,Zepto,27,42297,1547,39,5,9,1,7.4,1,43.6,19.3,Non-Metro
May-2024,FY25,Indore,Madhya Pradesh,Retail Store,81,125721,1515,135,23,30,10,12.6,4,35.4,14.0,Non-Metro
May-2024,FY25,Indore,Madhya Pradesh,Corporate Gifting,34,39141,1253,54,6,12,3,11.0,0,36.5,13.5,Non-Metro
May-2024,FY25,Indore,Madhya Pradesh,Meesho,12,20412,1392,18,4,3,1,11.9,0,39.1,10.9,Non-Metro
Jun-2024,FY25,Bengaluru,Karnataka,Amazon,2205,2232085,1011,3495,856,803,224,10.2,122,19.6,15.1,Metro
Jun-2024,FY25,Bengaluru,Karnataka,Flipkart,1869,2512309,1345,2200,761,933,100,5.4,67,23.2,6.2,Metro
Jun-2024,FY25,Bengaluru,Karnataka,Ugaoo Website,1506,1816175,1203,2639,422,751,155,10.3,34,38.0,15.0,Metro
Jun-2024,FY25,Bengaluru,Karnataka,Blinkit,785,1045689,1338,940,244,263,90,11.5,20,22.2,18.3,Metro
Jun-2024,FY25,Bengaluru,Karnataka,Zepto,533,765505,1428,663,160,226,49,9.3,21,36.2,11.0,Metro
Jun-2024,FY25,Bengaluru,Karnataka,Retail Store,2306,3226154,1399,2629,851,1188,290,12.6,86,32.1,19.9,Metro
Jun-2024,FY25,Bengaluru,Karnataka,Corporate Gifting,658,601784,911,949,268,236,41,6.3,39,35.3,16.2,Metro
Jun-2024,FY25,Bengaluru,Karnataka,Meesho,384,344304,891,457,149,130,40,10.6,10,40.9,7.9,Metro
Jun-2024,FY25,Mumbai,Maharashtra,Amazon,1302,1506617,1159,1534,309,713,98,7.6,70,19.8,17.2,Metro
Jun-2024,FY25,Mumbai,Maharashtra,Flipkart,1237,1885056,1527,1784,244,625,113,9.2,70,27.3,20.0,Metro
Jun-2024,FY25,Mumbai,Maharashtra,Ugaoo Website,1370,1883487,1375,1960,527,525,160,11.7,32,19.6,12.6,Metro
Jun-2024,FY25,Mumbai,Maharashtra,Blinkit,677,650618,956,1105,196,269,55,8.2,32,43.8,14.0,Metro
Jun-2024,FY25,Mumbai,Maharashtra,Zepto,582,536780,919,901,243,185,75,12.9,12,41.0,8.5,Metro
Jun-2024,FY25,Mumbai,Maharashtra,Retail Store,1127,1369540,1217,1520,368,381,90,8.0,53,23.6,12.6,Metro
Jun-2024,FY25,Mumbai,Maharashtra,Corporate Gifting,866,823834,949,1316,313,361,98,11.4,32,37.5,7.4,Metro
Jun-2024,FY25,Mumbai,Maharashtra,Meesho,254,357796,1389,308,53,138,29,11.7,7,38.7,14.8,Metro
Jun-2024,FY25,Delhi,Delhi,Amazon,1282,1806037,1411,2030,337,697,119,9.3,60,18.8,18.7,Metro
Jun-2024,FY25,Delhi,Delhi,Flipkart,1432,1452996,1015,2387,366,738,103,7.2,34,29.8,7.8,Metro
Jun-2024,FY25,Delhi,Delhi,Ugaoo Website,958,828647,864,1467,325,518,99,10.4,29,37.4,16.4,Metro
Jun-2024,FY25,Delhi,Delhi,Blinkit,390,470772,1199,691,98,137,32,8.4,18,31.7,13.6,Metro
Jun-2024,FY25,Delhi,Delhi,Zepto,400,541869,1356,500,153,123,22,5.5,18,30.7,6.1,Metro
Jun-2024,FY25,Delhi,Delhi,Retail Store,1103,1067789,964,1666,368,582,87,7.9,37,40.4,9.3,Metro
Jun-2024,FY25,Delhi,Delhi,Corporate Gifting,629,800731,1279,951,204,294,47,7.6,28,38.1,14.5,Metro
Jun-2024,FY25,Delhi,Delhi,Meesho,189,208739,1116,220,57,87,10,5.6,4,35.2,10.0,Metro
Jun-2024,FY25,Pune,Maharashtra,Amazon,1344,1869568,1393,2336,360,547,158,11.8,43,19.1,15.9,Metro
Jun-2024,FY25,Pune,Maharashtra,Flipkart,1255,1277746,1020,1645,439,587,97,7.8,35,20.6,13.2,Metro
Jun-2024,FY25,Pune,Maharashtra,Ugaoo Website,676,605218,894,1209,186,209,35,5.3,38,38.0,9.4,Metro
Jun-2024,FY25,Pune,Maharashtra,Blinkit,330,414295,1259,497,95,152,31,9.5,18,33.4,19.8,Metro
Jun-2024,FY25,Pune,Maharashtra,Zepto,272,312862,1134,307,86,141,35,12.9,14,38.6,5.4,Metro
Jun-2024,FY25,Pune,Maharashtra,Retail Store,799,1108678,1382,1050,304,428,80,10.1,37,19.6,16.0,Metro
Jun-2024,FY25,Pune,Maharashtra,Corporate Gifting,387,597649,1544,679,83,145,44,11.4,14,29.8,5.5,Metro
Jun-2024,FY25,Pune,Maharashtra,Meesho,97,133675,1420,116,21,37,6,7.0,4,20.9,14.4,Metro
Jun-2024,FY25,Hyderabad,Telangana,Amazon,584,746083,1286,965,184,302,47,8.1,13,42.4,8.0,Metro
Jun-2024,FY25,Hyderabad,Telangana,Flipkart,742,785230,1064,1213,281,374,82,11.1,40,44.7,12.5,Metro
Jun-2024,FY25,Hyderabad,Telangana,Ugaoo Website,599,928330,1553,830,228,228,44,7.5,30,44.6,13.3,Metro
Jun-2024,FY25,Hyderabad,Telangana,Blinkit,264,300986,1157,364,57,81,26,10.2,10,41.6,18.5,Metro
Jun-2024,FY25,Hyderabad,Telangana,Zepto,190,176723,938,276,39,86,11,5.8,10,27.4,5.9,Metro
Jun-2024,FY25,Hyderabad,Telangana,Retail Store,541,707424,1302,897,181,288,36,6.8,16,28.6,8.6,Metro
Jun-2024,FY25,Hyderabad,Telangana,Corporate Gifting,332,472576,1426,531,109,182,17,5.2,18,19.8,5.9,Metro
Jun-2024,FY25,Hyderabad,Telangana,Meesho,100,144087,1403,173,19,47,11,11.2,4,26.0,14.1,Metro
Jun-2024,FY25,Chennai,Tamil Nadu,Amazon,440,540060,1222,750,123,138,31,7.2,10,42.9,9.8,Non-Metro
Jun-2024,FY25,Chennai,Tamil Nadu,Flipkart,524,480202,910,756,167,257,28,5.4,20,22.4,10.8,Non-Metro
Jun-2024,FY25,Chennai,Tamil Nadu,Ugaoo Website,373,487578,1304,427,131,177,45,12.2,14,32.0,17.3,Non-Metro
Jun-2024,FY25,Chennai,Tamil Nadu,Blinkit,216,332333,1540,323,48,80,27,12.9,10,43.6,5.7,Non-Metro
Jun-2024,FY25,Chennai,Tamil Nadu,Zepto,169,191434,1147,205,58,82,18,10.8,4,35.4,16.7,Non-Metro
Jun-2024,FY25,Chennai,Tamil Nadu,Retail Store,582,837740,1441,810,179,263,69,12.0,34,18.2,14.5,Non-Metro
Jun-2024,FY25,Chennai,Tamil Nadu,Corporate Gifting,200,207260,1056,241,78,87,15,7.8,5,40.9,8.6,Non-Metro
Jun-2024,FY25,Chennai,Tamil Nadu,Meesho,69,76955,1110,108,19,32,5,7.4,2,35.7,15.8,Non-Metro
Jun-2024,FY25,Kolkata,West Bengal,Amazon,407,377613,926,452,92,187,36,8.9,18,19.1,13.1,Non-Metro
Jun-2024,FY25,Kolkata,West Bengal,Flipkart,336,458601,1365,594,65,134,42,12.7,6,25.4,8.1,Non-Metro
Jun-2024,FY25,Kolkata,West Bengal,Ugaoo Website,247,374493,1529,397,78,129,17,7.2,12,43.9,8.6,Non-Metro
Jun-2024,FY25,Kolkata,West Bengal,Blinkit,134,194582,1489,181,36,61,8,6.0,7,23.5,13.8,Non-Metro
Jun-2024,FY25,Kolkata,West Bengal,Zepto,157,218765,1364,173,64,72,19,12.6,6,41.3,14.8,Non-Metro
Jun-2024,FY25,Kolkata,West Bengal,Retail Store,374,398319,1078,660,131,144,25,6.9,22,43.4,10.7,Non-Metro
Jun-2024,FY25,Kolkata,West Bengal,Corporate Gifting,130,195015,1511,155,53,62,12,9.9,5,18.9,10.0,Non-Metro
Jun-2024,FY25,Kolkata,West Bengal,Meesho,41,48832,1179,51,10,18,3,8.1,1,41.4,9.7,Non-Metro
Jun-2024,FY25,Ahmedabad,Gujarat,Amazon,313,284296,923,527,121,110,20,6.4,16,29.8,7.3,Non-Metro
Jun-2024,FY25,Ahmedabad,Gujarat,Flipkart,234,261994,1132,332,89,119,17,7.5,5,36.2,10.8,Non-Metro
Jun-2024,FY25,Ahmedabad,Gujarat,Ugaoo Website,217,259890,1213,258,65,86,24,11.2,10,43.4,17.5,Non-Metro
Jun-2024,FY25,Ahmedabad,Gujarat,Blinkit,81,113292,1403,143,33,42,7,9.3,1,40.7,7.8,Non-Metro
Jun-2024,FY25,Ahmedabad,Gujarat,Zepto,107,129137,1162,149,22,44,6,6.2,5,24.9,16.2,Non-Metro
Jun-2024,FY25,Ahmedabad,Gujarat,Retail Store,216,325936,1525,274,46,78,19,8.8,8,43.6,8.1,Non-Metro
Jun-2024,FY25,Ahmedabad,Gujarat,Corporate Gifting,103,108618,1085,146,20,33,7,7.1,5,29.5,18.1,Non-Metro
Jun-2024,FY25,Ahmedabad,Gujarat,Meesho,37,43706,1078,42,10,13,3,8.6,0,26.2,9.2,Non-Metro
Jun-2024,FY25,Jaipur,Rajasthan,Amazon,173,229667,1324,206,63,59,21,12.5,9,23.7,8.7,Non-Metro
Jun-2024,FY25,Jaipur,Rajasthan,Flipkart,130,152208,1155,168,40,47,10,8.0,7,18.7,12.1,Non-Metro
Jun-2024,FY25,Jaipur,Rajasthan,Ugaoo Website,94,140605,1491,127,22,33,5,5.7,5,23.3,13.3,Non-Metro
Jun-2024,FY25,Jaipur,Rajasthan,Blinkit,72,109304,1520,88,23,24,4,6.9,2,39.1,10.2,Non-Metro
Jun-2024,FY25,Jaipur,Rajasthan,Zepto,55,79137,1364,71,20,16,4,8.9,3,27.6,15.0,Non-Metro
Jun-2024,FY25,Jaipur,Rajasthan,Retail Store,153,203311,1306,178,31,65,9,6.4,5,44.5,11.4,Non-Metro
Jun-2024,FY25,Jaipur,Rajasthan,Corporate Gifting,83,73331,879,127,18,31,4,5.9,2,44.7,10.6,Non-Metro
Jun-2024,FY25,Jaipur,Rajasthan,Meesho,27,41913,1589,31,7,10,3,11.8,0,26.5,16.8,Non-Metro
Jun-2024,FY25,Gurgaon,Haryana,Amazon,175,190337,1061,202,62,57,22,12.8,3,21.3,17.1,Non-Metro
Jun-2024,FY25,Gurgaon,Haryana,Flipkart,153,167910,1082,176,52,73,18,12.2,3,37.4,13.5,Non-Metro
Jun-2024,FY25,Gurgaon,Haryana,Ugaoo Website,128,130373,1028,156,24,53,8,7.0,6,21.6,9.5,Non-Metro
Jun-2024,FY25,Gurgaon,Haryana,Blinkit,81,109163,1376,120,25,26,5,6.7,4,27.0,5.8,Non-Metro
Jun-2024,FY25,Gurgaon,Haryana,Zepto,37,42769,1250,50,15,16,3,10.6,2,35.2,15.5,Non-Metro
Jun-2024,FY25,Gurgaon,Haryana,Retail Store,75,71220,952,94,24,23,6,8.4,4,41.4,14.7,Non-Metro
Jun-2024,FY25,Gurgaon,Haryana,Corporate Gifting,86,107089,1261,96,31,35,6,7.9,2,25.2,18.5,Non-Metro
Jun-2024,FY25,Gurgaon,Haryana,Meesho,18,17320,1178,31,4,8,1,5.9,0,34.0,14.0,Non-Metro
Jun-2024,FY25,Noida,Uttar Pradesh,Amazon,82,89947,1134,98,19,33,9,11.0,4,31.3,12.8,Non-Metro
Jun-2024,FY25,Noida,Uttar Pradesh,Flipkart,81,71358,934,107,32,32,5,7.3,4,39.8,5.9,Non-Metro
Jun-2024,FY25,Noida,Uttar Pradesh,Ugaoo Website,71,88884,1235,125,23,23,4,6.2,2,19.5,9.4,Non-Metro
Jun-2024,FY25,Noida,Uttar Pradesh,Blinkit,30,33793,966,40,9,15,2,9.7,1,42.3,6.0,Non-Metro
Jun-2024,FY25,Noida,Uttar Pradesh,Zepto,32,47551,1427,43,10,13,1,6.0,1,43.2,5.6,Non-Metro
Jun-2024,FY25,Noida,Uttar Pradesh,Retail Store,78,71793,861,133,24,29,9,11.8,2,22.1,18.7,Non-Metro
Jun-2024,FY25,Noida,Uttar Pradesh,Corporate Gifting,31,48681,1567,50,10,14,2,6.6,0,43.3,14.8,Non-Metro
Jun-2024,FY25,Noida,Uttar Pradesh,Meesho,13,15770,1576,18,4,6,1,12.2,0,37.1,15.3,Non-Metro
Jun-2024,FY25,Nashik,Maharashtra,Amazon,85,88750,1102,99,16,28,9,11.0,3,33.2,12.5,Non-Metro
Jun-2024,FY25,Nashik,Maharashtra,Flipkart,81,116905,1422,118,24,28,9,11.9,4,35.5,16.7,Non-Metro
Jun-2024,FY25,Nashik,Maharashtra,Ugaoo Website,59,84407,1377,106,19,25,3,5.9,2,43.3,13.1,Non-Metro
Jun-2024,FY25,Nashik,Maharashtra,Blinkit,20,30463,1521,25,7,8,2,12.0,0,27.5,12.7,Non-Metro
Jun-2024,FY25,Nashik,Maharashtra,Zepto,32,46170,1570,56,12,11,3,10.5,1,28.3,8.6,Non-Metro
Jun-2024,FY25,Nashik,Maharashtra,Retail Store,50,52811,1100,62,11,19,5,11.7,2,21.1,8.9,Non-Metro
Jun-2024,FY25,Nashik,Maharashtra,Corporate Gifting,15,22722,1439,17,3,6,0,6.5,0,43.0,5.4,Non-Metro
Jun-2024,FY25,Nashik,Maharashtra,Meesho,11,8656,1083,13,2,3,1,9.9,0,23.9,13.2,Non-Metro
Jun-2024,FY25,Bhopal,Madhya Pradesh,Amazon,88,98785,1172,147,32,43,6,6.9,3,39.7,16.3,Non-Metro
Jun-2024,FY25,Bhopal,Madhya Pradesh,Flipkart,65,89138,1385,98,21,31,4,7.0,1,37.1,7.2,Non-Metro
Jun-2024,FY25,Bhopal,Madhya Pradesh,Ugaoo Website,55,83017,1598,94,19,16,6,11.0,2,37.5,10.1,Non-Metro
Jun-2024,FY25,Bhopal,Madhya Pradesh,Blinkit,40,46991,1198,69,16,14,4,10.0,1,21.4,6.4,Non-Metro
Jun-2024,FY25,Bhopal,Madhya Pradesh,Zepto,27,36755,1261,35,7,14,2,11.0,0,29.4,13.5,Non-Metro
Jun-2024,FY25,Bhopal,Madhya Pradesh,Retail Store,67,57902,927,83,20,24,6,9.8,2,41.7,16.4,Non-Metro
Jun-2024,FY25,Bhopal,Madhya Pradesh,Corporate Gifting,29,38891,1493,37,6,11,2,8.8,1,21.6,17.6,Non-Metro
Jun-2024,FY25,Bhopal,Madhya Pradesh,Meesho,12,22448,1593,19,2,4,1,11.3,0,30.8,15.9,Non-Metro
Jun-2024,FY25,Indore,Madhya Pradesh,Amazon,118,174611,1522,163,29,63,15,12.9,3,42.3,11.7,Non-Metro
Jun-2024,FY25,Indore,Madhya Pradesh,Flipkart,73,67929,948,88,23,32,5,7.5,3,18.8,15.5,Non-Metro
Jun-2024,FY25,Indore,Madhya Pradesh,Ugaoo Website,47,51293,985,59,13,20,3,8.1,2,37.3,15.8,Non-Metro
Jun-2024,FY25,Indore,Madhya Pradesh,Blinkit,29,47098,1517,40,10,14,2,7.3,1,36.7,17.2,Non-Metro
Jun-2024,FY25,Indore,Madhya Pradesh,Zepto,29,30584,1076,35,7,13,3,13.0,1,22.2,9.6,Non-Metro
Jun-2024,FY25,Indore,Madhya Pradesh,Retail Store,59,69124,1234,94,15,25,7,12.7,2,35.9,5.6,Non-Metro
Jun-2024,FY25,Indore,Madhya Pradesh,Corporate Gifting,32,48085,1499,57,7,17,2,7.4,1,31.9,9.0,Non-Metro
Jun-2024,FY25,Indore,Madhya Pradesh,Meesho,15,25514,1518,19,3,7,0,6.6,0,33.0,6.6,Non-Metro
Jul-2024,FY25,Bengaluru,Karnataka,Amazon,3269,4401526,1345,4534,804,1580,346,10.6,104,44.6,18.0,Metro
Jul-2024,FY25,Bengaluru,Karnataka,Flipkart,1042,1014670,977,1564,342,533,126,12.1,35,34.7,17.0,Metro
Jul-2024,FY25,Bengaluru,Karnataka,Ugaoo Website,2019,2898821,1436,3349,535,1036,209,10.4,95,20.3,5.6,Metro
Jul-2024,FY25,Bengaluru,Karnataka,Blinkit,1475,1770044,1202,1986,444,552,132,9.0,78,20.2,8.5,Metro
Jul-2024,FY25,Bengaluru,Karnataka,Zepto,1131,1110925,980,1849,261,351,121,10.7,34,21.4,15.3,Metro
Jul-2024,FY25,Bengaluru,Karnataka,Retail Store,1855,2050047,1106,3108,633,869,200,10.8,60,42.1,10.7,Metro
Jul-2024,FY25,Bengaluru,Karnataka,Corporate Gifting,1156,1689405,1465,1547,361,508,145,12.6,30,40.6,16.4,Metro
Jul-2024,FY25,Bengaluru,Karnataka,Meesho,369,568131,1553,616,123,157,44,12.0,18,18.0,11.1,Metro
Jul-2024,FY25,Mumbai,Maharashtra,Amazon,3166,3436792,1085,4248,595,958,408,12.9,103,20.0,9.4,Metro
Jul-2024,FY25,Mumbai,Maharashtra,Flipkart,1498,2111737,1410,2691,505,547,166,11.1,42,25.8,12.8,Metro
Jul-2024,FY25,Mumbai,Maharashtra,Ugaoo Website,1100,1328864,1204,1402,317,347,140,12.8,46,34.6,8.0,Metro
Jul-2024,FY25,Mumbai,Maharashtra,Blinkit,943,1205395,1283,1470,281,467,75,8.0,24,45.0,11.3,Metro
Jul-2024,FY25,Mumbai,Maharashtra,Zepto,574,788965,1375,762,198,204,62,10.9,32,27.3,16.6,Metro
Jul-2024,FY25,Mumbai,Maharashtra,Retail Store,1035,1241717,1202,1583,311,384,94,9.1,33,19.4,17.8,Metro
Jul-2024,FY25,Mumbai,Maharashtra,Corporate Gifting,803,1124239,1406,1192,161,252,89,11.2,33,23.5,19.7,Metro
Jul-2024,FY25,Mumbai,Maharashtra,Meesho,488,469737,959,776,189,158,57,11.8,11,26.5,11.5,Metro
Jul-2024,FY25,Delhi,Delhi,Amazon,1764,2531692,1434,2439,482,689,88,5.0,37,39.5,19.5,Metro
Jul-2024,FY25,Delhi,Delhi,Flipkart,1270,1525749,1201,1898,333,419,73,5.8,43,21.3,9.8,Metro
Jul-2024,FY25,Delhi,Delhi,Ugaoo Website,1253,1300270,1037,1658,500,445,97,7.8,64,33.9,5.1,Metro
Jul-2024,FY25,Delhi,Delhi,Blinkit,759,719291,951,1220,246,250,39,5.2,17,22.5,12.6,Metro
Jul-2024,FY25,Delhi,Delhi,Zepto,687,1039546,1518,871,206,238,40,5.9,37,39.6,8.0,Metro
Jul-2024,FY25,Delhi,Delhi,Retail Store,1221,1203088,982,1571,427,383,89,7.3,46,28.2,14.8,Metro
Jul-2024,FY25,Delhi,Delhi,Corporate Gifting,661,819024,1241,890,188,209,42,6.4,20,28.9,14.4,Metro
Jul-2024,FY25,Delhi,Delhi,Meesho,255,388449,1522,447,93,129,18,7.4,6,35.0,18.3,Metro
Jul-2024,FY25,Pune,Maharashtra,Amazon,1065,1365580,1282,1299,273,531,125,11.8,30,33.9,15.2,Metro
Jul-2024,FY25,Pune,Maharashtra,Flipkart,1218,1922733,1578,1827,281,395,138,11.4,51,33.1,8.7,Metro
Jul-2024,FY25,Pune,Maharashtra,Ugaoo Website,922,802376,872,1453,207,293,55,6.0,54,22.7,16.9,Metro
Jul-2024,FY25,Pune,Maharashtra,Blinkit,347,324761,947,496,111,186,36,10.4,7,18.4,16.8,Metro
Jul-2024,FY25,Pune,Maharashtra,Zepto,259,240351,924,348,64,84,25,9.7,14,29.3,19.2,Metro
Jul-2024,FY25,Pune,Maharashtra,Retail Store,948,812828,861,1118,382,516,85,9.0,41,35.2,10.9,Metro
Jul-2024,FY25,Pune,Maharashtra,Corporate Gifting,467,404514,857,643,178,152,46,10.0,13,18.6,12.8,Metro
Jul-2024,FY25,Pune,Maharashtra,Meesho,159,142078,866,265,51,72,9,6.1,5,20.3,14.3,Metro
Jul-2024,FY25,Hyderabad,Telangana,Amazon,981,899679,920,1192,410,315,93,9.5,41,18.9,15.1,Metro
Jul-2024,FY25,Hyderabad,Telangana,Flipkart,776,769924,998,936,179,232,70,9.1,26,37.6,17.6,Metro
Jul-2024,FY25,Hyderabad,Telangana,Ugaoo Website,749,837779,1115,896,148,303,39,5.3,17,43.7,8.9,Metro
Jul-2024,FY25,Hyderabad,Telangana,Blinkit,366,356306,987,579,78,114,32,8.8,12,25.4,7.6,Metro
Jul-2024,FY25,Hyderabad,Telangana,Zepto,214,336366,1553,315,63,89,12,5.9,10,19.7,13.3,Metro
Jul-2024,FY25,Hyderabad,Telangana,Retail Store,608,602947,990,690,230,266,31,5.1,35,34.4,16.8,Metro
Jul-2024,FY25,Hyderabad,Telangana,Corporate Gifting,385,348385,906,569,94,173,23,6.2,11,25.8,18.5,Metro
Jul-2024,FY25,Hyderabad,Telangana,Meesho,97,95274,949,132,23,46,11,12.3,3,37.6,5.5,Metro
Jul-2024,FY25,Chennai,Tamil Nadu,Amazon,769,883253,1145,930,161,283,62,8.1,41,27.5,8.7,Non-Metro
Jul-2024,FY25,Chennai,Tamil Nadu,Flipkart,355,567399,1586,506,118,135,18,5.1,19,21.0,18.7,Non-Metro
Jul-2024,FY25,Chennai,Tamil Nadu,Ugaoo Website,513,465734,912,617,113,230,36,7.2,19,35.0,19.9,Non-Metro
Jul-2024,FY25,Chennai,Tamil Nadu,Blinkit,195,204939,1049,221,53,61,24,12.6,6,29.0,17.3,Non-Metro
Jul-2024,FY25,Chennai,Tamil Nadu,Zepto,243,312546,1297,356,53,80,22,9.2,7,27.5,11.7,Non-Metro
Jul-2024,FY25,Chennai,Tamil Nadu,Retail Store,430,637612,1492,770,119,235,49,11.4,23,34.8,5.5,Non-Metro
Jul-2024,FY25,Chennai,Tamil Nadu,Corporate Gifting,275,413556,1489,373,88,90,22,8.1,14,21.7,5.4,Non-Metro
Jul-2024,FY25,Chennai,Tamil Nadu,Meesho,66,107087,1556,83,24,35,6,10.3,2,34.0,16.4,Non-Metro
Jul-2024,FY25,Kolkata,West Bengal,Amazon,532,712521,1335,877,139,244,58,11.0,25,29.8,18.7,Non-Metro
Jul-2024,FY25,Kolkata,West Bengal,Flipkart,464,605027,1308,812,126,212,25,5.6,17,21.4,14.1,Non-Metro
Jul-2024,FY25,Kolkata,West Bengal,Ugaoo Website,264,271030,1042,357,53,121,31,11.8,15,21.9,14.9,Non-Metro
Jul-2024,FY25,Kolkata,West Bengal,Blinkit,166,250449,1484,245,54,68,16,9.8,9,41.8,10.0,Non-Metro
Jul-2024,FY25,Kolkata,West Bengal,Zepto,191,241357,1250,338,79,74,13,7.2,8,22.5,11.8,Non-Metro
Jul-2024,FY25,Kolkata,West Bengal,Retail Store,352,527821,1507,407,120,174,38,10.9,7,20.5,17.1,Non-Metro
Jul-2024,FY25,Kolkata,West Bengal,Corporate Gifting,160,146628,915,286,41,70,14,9.0,5,44.3,9.4,Non-Metro
Jul-2024,FY25,Kolkata,West Bengal,Meesho,56,64025,1194,91,13,25,2,5.3,2,41.1,14.4,Non-Metro
Jul-2024,FY25,Ahmedabad,Gujarat,Amazon,329,416732,1261,397,67,160,33,10.2,8,28.8,19.4,Non-Metro
Jul-2024,FY25,Ahmedabad,Gujarat,Flipkart,175,168667,938,279,66,62,12,7.2,8,30.0,14.7,Non-Metro
Jul-2024,FY25,Ahmedabad,Gujarat,Ugaoo Website,218,277262,1251,252,86,108,13,6.4,4,25.8,8.1,Non-Metro
Jul-2024,FY25,Ahmedabad,Gujarat,Blinkit,84,76502,852,116,34,26,7,8.7,3,26.6,13.5,Non-Metro
Jul-2024,FY25,Ahmedabad,Gujarat,Zepto,157,164298,1076,262,61,83,8,5.4,8,24.2,14.1,Non-Metro
Jul-2024,FY25,Ahmedabad,Gujarat,Retail Store,214,331357,1541,296,52,86,16,7.9,5,29.9,17.6,Non-Metro
Jul-2024,FY25,Ahmedabad,Gujarat,Corporate Gifting,122,178661,1457,193,50,44,12,10.4,4,21.5,11.9,Non-Metro
Jul-2024,FY25,Ahmedabad,Gujarat,Meesho,42,45876,1014,66,15,14,3,8.0,1,23.7,17.8,Non-Metro
Jul-2024,FY25,Jaipur,Rajasthan,Amazon,247,330897,1354,403,99,81,24,9.9,10,31.3,16.2,Non-Metro
Jul-2024,FY25,Jaipur,Rajasthan,Flipkart,189,256550,1349,312,77,87,17,9.4,5,18.3,7.8,Non-Metro
Jul-2024,FY25,Jaipur,Rajasthan,Ugaoo Website,131,204058,1572,234,51,62,13,10.4,2,39.5,19.2,Non-Metro
Jul-2024,FY25,Jaipur,Rajasthan,Blinkit,67,95499,1430,108,17,36,4,6.7,3,44.7,5.8,Non-Metro
Jul-2024,FY25,Jaipur,Rajasthan,Zepto,94,123278,1292,163,24,43,10,11.1,3,33.7,8.0,Non-Metro
Jul-2024,FY25,Jaipur,Rajasthan,Retail Store,148,172665,1174,222,47,76,15,10.5,5,33.9,15.0,Non-Metro
Jul-2024,FY25,Jaipur,Rajasthan,Corporate Gifting,75,86511,1101,121,16,31,3,5.1,4,23.0,11.4,Non-Metro
Jul-2024,FY25,Jaipur,Rajasthan,Meesho,21,27412,1303,30,6,9,1,6.1,0,28.0,18.7,Non-Metro
Jul-2024,FY25,Gurgaon,Haryana,Amazon,267,338139,1277,372,103,130,32,12.2,14,21.3,12.5,Non-Metro
Jul-2024,FY25,Gurgaon,Haryana,Flipkart,125,109743,884,217,34,41,8,6.9,6,44.5,17.9,Non-Metro
Jul-2024,FY25,Gurgaon,Haryana,Ugaoo Website,155,129961,865,232,37,53,9,6.3,5,29.3,12.3,Non-Metro
Jul-2024,FY25,Gurgaon,Haryana,Blinkit,81,105059,1285,116,30,29,5,7.2,3,39.8,19.9,Non-Metro
Jul-2024,FY25,Gurgaon,Haryana,Zepto,77,67403,873,102,31,33,5,7.4,3,27.6,10.0,Non-Metro
Jul-2024,FY25,Gurgaon,Haryana,Retail Store,121,148426,1237,192,33,48,11,9.5,5,18.5,8.5,Non-Metro
Jul-2024,FY25,Gurgaon,Haryana,Corporate Gifting,81,89803,1050,144,17,27,6,7.5,2,29.0,19.3,Non-Metro
Jul-2024,FY25,Gurgaon,Haryana,Meesho,28,28539,1030,33,9,11,3,12.2,0,39.5,9.7,Non-Metro
Jul-2024,FY25,Noida,Uttar Pradesh,Amazon,106,123830,1164,138,40,35,6,5.7,5,32.3,9.1,Non-Metro
Jul-2024,FY25,Noida,Uttar Pradesh,Flipkart,96,117615,1204,106,34,35,7,7.4,2,43.0,15.1,Non-Metro
Jul-2024,FY25,Noida,Uttar Pradesh,Ugaoo Website,57,72326,1290,102,21,19,5,10.2,3,23.2,13.0,Non-Metro
Jul-2024,FY25,Noida,Uttar Pradesh,Blinkit,36,30377,900,41,14,12,2,5.7,1,40.1,9.6,Non-Metro
Jul-2024,FY25,Noida,Uttar Pradesh,Zepto,30,32405,1080,40,10,11,2,7.9,0,33.7,8.3,Non-Metro
Jul-2024,FY25,Noida,Uttar Pradesh,Retail Store,122,196262,1592,145,31,40,10,8.8,6,41.2,18.4,Non-Metro
Jul-2024,FY25,Noida,Uttar Pradesh,Corporate Gifting,56,63725,1126,64,10,19,5,10.7,2,19.5,9.3,Non-Metro
Jul-2024,FY25,Noida,Uttar Pradesh,Meesho,13,13902,1193,18,4,7,0,5.7,0,34.4,12.1,Non-Metro
Jul-2024,FY25,Nashik,Maharashtra,Amazon,53,47811,961,82,21,22,5,10.2,2,38.3,5.2,Non-Metro
Jul-2024,FY25,Nashik,Maharashtra,Flipkart,90,94384,1098,134,28,30,11,12.8,4,22.3,10.1,Non-Metro
Jul-2024,FY25,Nashik,Maharashtra,Ugaoo Website,90,116090,1235,102,28,37,11,12.8,2,36.7,15.6,Non-Metro
Jul-2024,FY25,Nashik,Maharashtra,Blinkit,34,31324,1018,51,9,17,3,11.6,0,23.7,19.1,Non-Metro
Jul-2024,FY25,Nashik,Maharashtra,Zepto,30,42472,1510,37,8,15,2,9.1,1,26.3,11.8,Non-Metro
Jul-2024,FY25,Nashik,Maharashtra,Retail Store,76,108879,1496,91,26,28,4,5.4,1,18.6,17.3,Non-Metro
Jul-2024,FY25,Nashik,Maharashtra,Corporate Gifting,49,71284,1542,57,9,16,4,8.8,2,22.9,9.5,Non-Metro
Jul-2024,FY25,Nashik,Maharashtra,Meesho,15,14553,892,18,4,7,0,6.1,0,22.0,5.9,Non-Metro
Jul-2024,FY25,Bhopal,Madhya Pradesh,Amazon,125,179485,1444,186,48,68,10,8.2,4,39.1,5.9,Non-Metro
Jul-2024,FY25,Bhopal,Madhya Pradesh,Flipkart,78,63501,850,125,29,31,4,5.5,2,26.9,7.1,Non-Metro
Jul-2024,FY25,Bhopal,Madhya Pradesh,Ugaoo Website,67,69299,1070,79,12,30,7,10.8,1,41.0,14.2,Non-Metro
Jul-2024,FY25,Bhopal,Madhya Pradesh,Blinkit,27,24082,918,41,5,12,1,7.3,1,21.0,5.6,Non-Metro
Jul-2024,FY25,Bhopal,Madhya Pradesh,Zepto,25,20667,973,33,8,7,1,5.9,0,41.1,10.8,Non-Metro
Jul-2024,FY25,Bhopal,Madhya Pradesh,Retail Store,81,89677,1122,141,25,38,9,11.9,1,43.0,17.1,Non-Metro
Jul-2024,FY25,Bhopal,Madhya Pradesh,Corporate Gifting,51,65532,1253,80,11,18,6,12.9,1,42.3,7.9,Non-Metro
Jul-2024,FY25,Bhopal,Madhya Pradesh,Meesho,16,13740,878,18,5,6,1,10.9,0,35.9,16.9,Non-Metro
Jul-2024,FY25,Indore,Madhya Pradesh,Amazon,112,182411,1591,198,33,56,12,11.0,2,34.5,10.6,Non-Metro
Jul-2024,FY25,Indore,Madhya Pradesh,Flipkart,65,70359,1072,90,15,28,4,7.1,1,30.2,15.4,Non-Metro
Jul-2024,FY25,Indore,Madhya Pradesh,Ugaoo Website,84,123005,1453,105,20,26,10,12.5,3,40.4,19.4,Non-Metro
Jul-2024,FY25,Indore,Madhya Pradesh,Blinkit,33,53314,1582,54,7,13,3,11.9,1,21.1,10.9,Non-Metro
Jul-2024,FY25,Indore,Madhya Pradesh,Zepto,36,56629,1497,63,11,17,3,10.6,1,26.0,13.0,Non-Metro
Jul-2024,FY25,Indore,Madhya Pradesh,Retail Store,90,74103,864,118,36,27,7,7.9,4,41.3,5.8,Non-Metro
Jul-2024,FY25,Indore,Madhya Pradesh,Corporate Gifting,43,44004,1107,48,15,22,2,6.7,2,31.9,9.0,Non-Metro
Jul-2024,FY25,Indore,Madhya Pradesh,Meesho,23,27714,1125,36,6,11,2,9.7,1,21.3,6.1,Non-Metro
Aug-2024,FY25,Bengaluru,Karnataka,Amazon,3837,6111365,1592,6410,1330,1707,491,12.8,220,23.2,17.8,Metro
Aug-2024,FY25,Bengaluru,Karnataka,Flipkart,2506,3952693,1579,4180,1041,1356,298,11.9,98,18.5,9.3,Metro
Aug-2024,FY25,Bengaluru,Karnataka,Ugaoo Website,1947,2204168,1134,3223,404,651,186,9.6,40,33.6,8.7,Metro
Aug-2024,FY25,Bengaluru,Karnataka,Blinkit,1186,1152174,975,1575,410,559,111,9.4,44,36.1,19.8,Metro
Aug-2024,FY25,Bengaluru,Karnataka,Zepto,830,893956,1081,1483,163,440,91,11.0,47,18.2,17.5,Metro
Aug-2024,FY25,Bengaluru,Karnataka,Retail Store,1969,2487269,1264,2242,536,739,212,10.8,44,26.2,7.2,Metro
Aug-2024,FY25,Bengaluru,Karnataka,Corporate Gifting,1233,1256557,1016,1593,327,631,90,7.3,49,23.6,15.8,Metro
Aug-2024,FY25,Bengaluru,Karnataka,Meesho,307,463370,1504,352,91,120,16,5.3,15,25.6,18.4,Metro
Aug-2024,FY25,Mumbai,Maharashtra,Amazon,2430,2629513,1082,4237,979,1239,301,12.4,97,27.9,14.2,Metro
Aug-2024,FY25,Mumbai,Maharashtra,Flipkart,1906,2250074,1179,3135,555,1033,167,8.8,65,43.6,8.6,Metro
Aug-2024,FY25,Mumbai,Maharashtra,Ugaoo Website,1447,2091145,1444,2565,538,621,143,9.9,32,25.9,5.9,Metro
Aug-2024,FY25,Mumbai,Maharashtra,Blinkit,803,966386,1208,1383,313,264,42,5.3,26,40.5,7.4,Metro
Aug-2024,FY25,Mumbai,Maharashtra,Zepto,799,857496,1073,1094,312,325,66,8.3,23,41.7,9.6,Metro
Aug-2024,FY25,Mumbai,Maharashtra,Retail Store,2020,1784262,882,2533,743,617,111,5.5,95,21.6,6.3,Metro
Aug-2024,FY25,Mumbai,Maharashtra,Corporate Gifting,749,942180,1256,899,303,395,46,6.2,17,40.3,9.9,Metro
Aug-2024,FY25,Mumbai,Maharashtra,Meesho,321,300961,925,527,70,149,41,12.9,16,28.0,16.9,Metro
Aug-2024,FY25,Delhi,Delhi,Amazon,1585,2173847,1371,2001,357,753,169,10.7,58,41.1,14.6,Metro
Aug-2024,FY25,Delhi,Delhi,Flipkart,1295,1890484,1461,1954,377,471,126,9.8,58,42.9,13.0,Metro
Aug-2024,FY25,Delhi,Delhi,Ugaoo Website,1227,1566066,1274,1399,357,582,89,7.3,68,26.8,7.4,Metro
Aug-2024,FY25,Delhi,Delhi,Blinkit,546,794722,1457,717,127,207,49,9.0,30,27.3,8.6,Metro
Aug-2024,FY25,Delhi,Delhi,Zepto,386,464267,1202,604,122,125,20,5.2,20,34.0,8.0,Metro
Aug-2024,FY25,Delhi,Delhi,Retail Store,1503,2276715,1514,2089,408,665,157,10.5,65,38.2,5.8,Metro
Aug-2024,FY25,Delhi,Delhi,Corporate Gifting,711,651947,918,858,276,282,76,10.8,26,34.9,17.3,Metro
Aug-2024,FY25,Delhi,Delhi,Meesho,166,213873,1307,289,40,72,18,11.3,5,24.5,13.4,Metro
Aug-2024,FY25,Pune,Maharashtra,Amazon,881,780557,889,1539,351,431,112,12.8,37,22.5,8.4,Metro
Aug-2024,FY25,Pune,Maharashtra,Flipkart,819,802072,976,1370,197,362,72,8.8,34,33.0,12.8,Metro
Aug-2024,FY25,Pune,Maharashtra,Ugaoo Website,619,879067,1423,839,226,286,46,7.5,13,18.3,19.7,Metro
Aug-2024,FY25,Pune,Maharashtra,Blinkit,535,851028,1593,608,97,212,55,10.3,10,29.8,11.0,Metro
Aug-2024,FY25,Pune,Maharashtra,Zepto,354,322837,899,498,69,149,22,6.4,7,44.9,8.9,Metro
Aug-2024,FY25,Pune,Maharashtra,Retail Store,868,919403,1056,1324,258,319,68,7.9,46,43.4,16.6,Metro
Aug-2024,FY25,Pune,Maharashtra,Corporate Gifting,417,455775,1101,472,123,182,52,12.6,12,22.8,8.1,Metro
Aug-2024,FY25,Pune,Maharashtra,Meesho,155,229228,1480,260,49,53,18,11.7,5,23.2,13.6,Metro
Aug-2024,FY25,Hyderabad,Telangana,Amazon,1136,1290170,1137,1311,424,414,68,6.0,64,23.3,7.2,Metro
Aug-2024,FY25,Hyderabad,Telangana,Flipkart,684,801758,1174,1172,208,282,68,10.0,18,23.6,14.4,Metro
Aug-2024,FY25,Hyderabad,Telangana,Ugaoo Website,331,284640,872,372,87,107,19,5.8,18,38.3,6.8,Metro
Aug-2024,FY25,Hyderabad,Telangana,Blinkit,271,329553,1206,353,105,134,15,5.6,6,41.4,7.6,Metro
Aug-2024,FY25,Hyderabad,Telangana,Zepto,278,428892,1560,329,83,130,30,10.9,10,33.5,9.9,Metro
Aug-2024,FY25,Hyderabad,Telangana,Retail Store,499,598491,1203,827,147,205,52,10.5,26,28.5,13.2,Metro
Aug-2024,FY25,Hyderabad,Telangana,Corporate Gifting,330,509487,1554,490,87,145,34,10.5,18,29.7,16.0,Metro
Aug-2024,FY25,Hyderabad,Telangana,Meesho,119,161463,1344,152,31,45,13,11.4,2,26.4,14.5,Metro
Aug-2024,FY25,Chennai,Tamil Nadu,Amazon,749,903317,1202,1045,136,292,76,10.2,31,31.2,15.7,Non-Metro
Aug-2024,FY25,Chennai,Tamil Nadu,Flipkart,523,462700,877,582,209,261,38,7.3,28,43.5,16.4,Non-Metro
Aug-2024,FY25,Chennai,Tamil Nadu,Ugaoo Website,370,548295,1475,564,135,150,24,6.7,10,40.9,18.9,Non-Metro
Aug-2024,FY25,Chennai,Tamil Nadu,Blinkit,230,220704,980,296,60,118,20,9.1,9,26.6,13.8,Non-Metro
Aug-2024,FY25,Chennai,Tamil Nadu,Zepto,243,274823,1127,419,71,131,30,12.7,7,23.5,12.4,Non-Metro
Aug-2024,FY25,Chennai,Tamil Nadu,Retail Store,639,864997,1354,918,229,229,63,9.9,26,39.7,6.7,Non-Metro
Aug-2024,FY25,Chennai,Tamil Nadu,Corporate Gifting,200,304912,1509,356,66,65,19,9.5,11,44.3,17.3,Non-Metro
Aug-2024,FY25,Chennai,Tamil Nadu,Meesho,88,117266,1298,149,27,46,8,9.3,4,25.4,19.7,Non-Metro
Aug-2024,FY25,Kolkata,West Bengal,Amazon,549,791681,1445,828,170,267,51,9.3,14,40.3,13.7,Non-Metro
Aug-2024,FY25,Kolkata,West Bengal,Flipkart,405,407559,1017,502,74,218,30,7.5,17,29.2,11.6,Non-Metro
Aug-2024,FY25,Kolkata,West Bengal,Ugaoo Website,305,363165,1192,398,59,134,29,9.8,11,31.2,11.4,Non-Metro
Aug-2024,FY25,Kolkata,West Bengal,Blinkit,200,193328,983,276,60,86,25,12.6,4,18.8,10.2,Non-Metro
Aug-2024,FY25,Kolkata,West Bengal,Zepto,160,190292,1177,205,44,57,10,6.4,5,43.1,6.2,Non-Metro
Aug-2024,FY25,Kolkata,West Bengal,Retail Store,208,269127,1271,264,53,103,22,10.8,7,39.2,13.1,Non-Metro
Aug-2024,FY25,Kolkata,West Bengal,Corporate Gifting,161,195645,1214,195,35,64,14,9.3,6,24.2,9.9,Non-Metro
Aug-2024,FY25,Kolkata,West Bengal,Meesho,63,55727,859,113,17,26,3,5.1,3,42.4,10.4,Non-Metro
Aug-2024,FY25,Ahmedabad,Gujarat,Amazon,318,374464,1183,565,68,118,18,5.7,13,24.8,17.0,Non-Metro
Aug-2024,FY25,Ahmedabad,Gujarat,Flipkart,254,318100,1253,320,83,86,28,11.2,14,41.1,16.1,Non-Metro
Aug-2024,FY25,Ahmedabad,Gujarat,Ugaoo Website,237,266594,1142,278,99,102,28,12.0,8,24.0,12.5,Non-Metro
Aug-2024,FY25,Ahmedabad,Gujarat,Blinkit,107,157024,1512,137,33,38,13,12.9,4,32.0,7.4,Non-Metro
Aug-2024,FY25,Ahmedabad,Gujarat,Zepto,141,197596,1419,193,52,56,10,7.4,3,37.8,15.0,Non-Metro
Aug-2024,FY25,Ahmedabad,Gujarat,Retail Store,221,207452,918,302,61,89,16,7.5,9,21.1,16.6,Non-Metro
Aug-2024,FY25,Ahmedabad,Gujarat,Corporate Gifting,132,199902,1523,153,42,43,13,10.4,4,27.9,7.4,Non-Metro
Aug-2024,FY25,Ahmedabad,Gujarat,Meesho,48,45390,898,79,12,19,5,11.4,2,38.2,8.5,Non-Metro
Aug-2024,FY25,Jaipur,Rajasthan,Amazon,216,277285,1299,361,80,93,17,8.3,7,40.2,19.0,Non-Metro
Aug-2024,FY25,Jaipur,Rajasthan,Flipkart,213,221498,1053,265,48,104,12,6.0,10,28.3,15.6,Non-Metro
Aug-2024,FY25,Jaipur,Rajasthan,Ugaoo Website,192,288233,1515,344,51,96,19,10.2,10,31.3,19.3,Non-Metro
Aug-2024,FY25,Jaipur,Rajasthan,Blinkit,124,194390,1593,160,43,41,11,9.5,4,44.6,11.0,Non-Metro
Aug-2024,FY25,Jaipur,Rajasthan,Zepto,84,104807,1225,108,27,42,6,7.7,3,43.5,5.7,Non-Metro
Aug-2024,FY25,Jaipur,Rajasthan,Retail Store,261,327093,1264,447,95,139,13,5.1,13,23.1,6.2,Non-Metro
Aug-2024,FY25,Jaipur,Rajasthan,Corporate Gifting,88,137812,1537,105,35,46,4,5.2,5,19.2,10.6,Non-Metro
Aug-2024,FY25,Jaipur,Rajasthan,Meesho,32,32300,870,44,7,10,3,9.7,0,44.3,8.4,Non-Metro
Aug-2024,FY25,Gurgaon,Haryana,Amazon,238,310773,1296,264,74,117,27,11.7,8,32.5,17.5,Non-Metro
Aug-2024,FY25,Gurgaon,Haryana,Flipkart,197,181622,939,240,55,65,23,11.9,5,44.5,19.1,Non-Metro
Aug-2024,FY25,Gurgaon,Haryana,Ugaoo Website,147,229182,1567,238,27,62,17,12.2,4,26.4,16.4,Non-Metro
Aug-2024,FY25,Gurgaon,Haryana,Blinkit,89,102382,1143,145,30,37,10,12.3,4,30.8,7.5,Non-Metro
Aug-2024,FY25,Gurgaon,Haryana,Zepto,55,66491,1258,81,18,17,5,9.3,2,20.5,10.1,Non-Metro
Aug-2024,FY25,Gurgaon,Haryana,Retail Store,153,217028,1449,220,41,80,9,5.9,6,26.3,16.7,Non-Metro
Aug-2024,FY25,Gurgaon,Haryana,Corporate Gifting,77,72541,887,110,23,24,6,8.3,4,22.5,9.4,Non-Metro
Aug-2024,FY25,Gurgaon,Haryana,Meesho,33,56267,1592,53,9,18,4,12.5,1,44.9,12.0,Non-Metro
Aug-2024,FY25,Noida,Uttar Pradesh,Amazon,55,55471,1056,76,19,26,2,5.0,1,24.5,9.6,Non-Metro
Aug-2024,FY25,Noida,Uttar Pradesh,Flipkart,51,57017,1205,63,20,23,6,11.8,2,24.5,6.4,Non-Metro
Aug-2024,FY25,Noida,Uttar Pradesh,Ugaoo Website,90,87177,968,108,36,31,11,12.4,3,19.6,14.1,Non-Metro
Aug-2024,FY25,Noida,Uttar Pradesh,Blinkit,33,45652,1295,36,11,13,2,8.5,0,31.8,11.1,Non-Metro
Aug-2024,FY25,Noida,Uttar Pradesh,Zepto,30,33511,1048,49,6,11,2,7.4,1,28.6,15.9,Non-Metro
Aug-2024,FY25,Noida,Uttar Pradesh,Retail Store,105,168100,1584,173,29,36,10,10.2,5,22.0,11.4,Non-Metro
Aug-2024,FY25,Noida,Uttar Pradesh,Corporate Gifting,54,69882,1332,79,14,28,4,8.0,1,39.0,6.2,Non-Metro
Aug-2024,FY25,Noida,Uttar Pradesh,Meesho,17,25105,1594,24,3,8,1,11.6,0,24.5,12.1,Non-Metro
Aug-2024,FY25,Nashik,Maharashtra,Amazon,108,140993,1302,181,24,42,8,7.8,5,35.8,16.9,Non-Metro
Aug-2024,FY25,Nashik,Maharashtra,Flipkart,79,67737,892,122,22,28,5,7.5,3,38.5,7.0,Non-Metro
Aug-2024,FY25,Nashik,Maharashtra,Ugaoo Website,81,92173,1190,138,23,40,5,6.8,2,34.3,10.8,Non-Metro
Aug-2024,FY25,Nashik,Maharashtra,Blinkit,43,50234,1087,55,10,20,4,10.5,2,44.9,9.8,Non-Metro
Aug-2024,FY25,Nashik,Maharashtra,Zepto,28,34611,1314,43,9,13,2,7.7,1,38.6,8.1,Non-Metro
Aug-2024,FY25,Nashik,Maharashtra,Retail Store,73,88413,1150,95,27,29,3,5.4,2,44.2,9.8,Non-Metro
Aug-2024,FY25,Nashik,Maharashtra,Corporate Gifting,61,67942,1138,86,21,32,4,6.6,1,40.2,11.8,Non-Metro
Aug-2024,FY25,Nashik,Maharashtra,Meesho,17,30917,1590,24,4,6,2,12.6,0,35.6,12.1,Non-Metro
Aug-2024,FY25,Bhopal,Madhya Pradesh,Amazon,112,101050,910,188,34,53,6,5.4,3,41.7,6.3,Non-Metro
Aug-2024,FY25,Bhopal,Madhya Pradesh,Flipkart,91,123781,1359,120,24,30,11,13.0,1,40.7,16.5,Non-Metro
Aug-2024,FY25,Bhopal,Madhya Pradesh,Ugaoo Website,92,81045,886,153,22,49,6,7.0,2,19.7,19.6,Non-Metro
Aug-2024,FY25,Bhopal,Madhya Pradesh,Blinkit,34,41317,1096,41,11,14,2,8.4,0,37.3,16.9,Non-Metro
Aug-2024,FY25,Bhopal,Madhya Pradesh,Zepto,46,59845,1273,54,16,16,3,7.5,1,37.9,13.7,Non-Metro
Aug-2024,FY25,Bhopal,Madhya Pradesh,Retail Store,76,76297,1022,94,26,41,5,7.5,3,30.8,9.7,Non-Metro
Aug-2024,FY25,Bhopal,Madhya Pradesh,Corporate Gifting,46,47464,1094,50,9,20,2,6.2,1,19.3,13.2,Non-Metro
Aug-2024,FY25,Bhopal,Madhya Pradesh,Meesho,17,27920,1354,26,5,8,1,7.8,0,20.5,9.4,Non-Metro
Aug-2024,FY25,Indore,Madhya Pradesh,Amazon,102,137877,1305,120,24,32,10,10.6,2,19.6,17.2,Non-Metro
Aug-2024,FY25,Indore,Madhya Pradesh,Flipkart,84,86192,1000,124,27,33,7,9.3,2,20.0,16.4,Non-Metro
Aug-2024,FY25,Indore,Madhya Pradesh,Ugaoo Website,86,91838,1022,109,24,26,6,7.9,3,42.6,8.9,Non-Metro
Aug-2024,FY25,Indore,Madhya Pradesh,Blinkit,13,13453,1198,17,3,5,1,10.5,0,22.3,16.3,Non-Metro
Aug-2024,FY25,Indore,Madhya Pradesh,Zepto,33,52320,1551,48,8,12,2,7.9,1,40.3,12.2,Non-Metro
Aug-2024,FY25,Indore,Madhya Pradesh,Retail Store,68,92227,1398,86,17,28,8,11.9,2,28.0,10.7,Non-Metro
Aug-2024,FY25,Indore,Madhya Pradesh,Corporate Gifting,30,29594,1152,41,7,14,3,11.5,0,21.4,18.8,Non-Metro
Aug-2024,FY25,Indore,Madhya Pradesh,Meesho,14,23546,1530,18,3,7,0,5.4,0,39.3,5.4,Non-Metro
Sep-2024,FY25,Bengaluru,Karnataka,Amazon,2551,2774267,1088,3808,678,1231,255,10.0,93,35.6,19.9,Metro
Sep-2024,FY25,Bengaluru,Karnataka,Flipkart,3141,3388576,1079,4183,1034,1451,194,6.2,141,31.0,20.0,Metro
Sep-2024,FY25,Bengaluru,Karnataka,Ugaoo Website,1769,1542726,870,2086,528,636,198,11.2,79,38.3,11.8,Metro
Sep-2024,FY25,Bengaluru,Karnataka,Blinkit,421,443708,1063,594,89,209,43,10.3,15,22.5,18.4,Metro
Sep-2024,FY25,Bengaluru,Karnataka,Zepto,819,1296446,1583,1368,157,267,103,12.6,28,25.6,18.5,Metro
Sep-2024,FY25,Bengaluru,Karnataka,Retail Store,2703,3804337,1409,3773,582,1080,278,10.3,62,42.9,15.8,Metro
Sep-2024,FY25,Bengaluru,Karnataka,Corporate Gifting,1516,2398705,1585,2235,565,500,130,8.6,42,40.3,11.8,Metro
Sep-2024,FY25,Bengaluru,Karnataka,Meesho,285,304788,1056,377,79,114,33,11.7,7,40.1,6.5,Metro
Sep-2024,FY25,Mumbai,Maharashtra,Amazon,2125,2901946,1367,3245,621,831,163,7.7,80,35.8,5.8,Metro
Sep-2024,FY25,Mumbai,Maharashtra,Flipkart,1783,2289955,1284,2880,441,613,206,11.6,69,21.9,16.8,Metro
Sep-2024,FY25,Mumbai,Maharashtra,Ugaoo Website,1380,1295871,937,1755,473,705,81,5.9,77,35.2,6.1,Metro
Sep-2024,FY25,Mumbai,Maharashtra,Blinkit,1029,925836,898,1244,208,542,99,9.7,44,34.8,8.7,Metro
Sep-2024,FY25,Mumbai,Maharashtra,Zepto,430,493916,1147,690,167,203,25,5.9,23,24.5,10.9,Metro
Sep-2024,FY25,Mumbai,Maharashtra,Retail Store,1902,2438842,1284,2579,662,712,171,9.0,87,30.3,9.0,Metro
Sep-2024,FY25,Mumbai,Maharashtra,Corporate Gifting,960,820655,858,1103,349,446,48,5.0,37,33.8,18.2,Metro
Sep-2024,FY25,Mumbai,Maharashtra,Meesho,346,407719,1171,543,73,173,30,8.9,8,26.6,8.2,Metro
Sep-2024,FY25,Delhi,Delhi,Amazon,1455,2166944,1486,2285,547,774,125,8.6,81,27.3,16.2,Metro
Sep-2024,FY25,Delhi,Delhi,Flipkart,1224,1708429,1399,1675,471,493,137,11.2,34,40.7,9.7,Metro
Sep-2024,FY25,Delhi,Delhi,Ugaoo Website,792,1235283,1559,1307,235,430,83,10.5,20,43.1,17.3,Metro
Sep-2024,FY25,Delhi,Delhi,Blinkit,607,758330,1251,698,218,230,69,11.4,23,38.5,8.0,Metro
Sep-2024,FY25,Delhi,Delhi,Zepto,646,887625,1377,987,137,302,83,12.9,20,41.5,6.8,Metro
Sep-2024,FY25,Delhi,Delhi,Retail Store,1042,952838,914,1455,334,504,123,11.9,35,42.2,5.8,Metro
Sep-2024,FY25,Delhi,Delhi,Corporate Gifting,751,1033571,1380,868,197,252,67,9.0,31,28.1,11.0,Metro
Sep-2024,FY25,Delhi,Delhi,Meesho,182,212722,1170,270,74,65,15,8.6,8,28.8,7.3,Metro
Sep-2024,FY25,Pune,Maharashtra,Amazon,943,1130373,1203,1662,229,365,92,9.8,34,23.4,13.1,Metro
Sep-2024,FY25,Pune,Maharashtra,Flipkart,854,1032739,1209,950,200,276,57,6.7,47,27.6,7.8,Metro
Sep-2024,FY25,Pune,Maharashtra,Ugaoo Website,1149,1678520,1461,1560,473,606,76,6.7,43,30.0,19.8,Metro
Sep-2024,FY25,Pune,Maharashtra,Blinkit,261,269015,1019,375,93,90,17,6.8,9,43.3,17.2,Metro
Sep-2024,FY25,Pune,Maharashtra,Zepto,441,490425,1119,531,184,234,36,8.2,13,25.8,13.0,Metro
Sep-2024,FY25,Pune,Maharashtra,Retail Store,772,1183177,1531,1315,319,332,40,5.2,35,30.2,10.7,Metro
Sep-2024,FY25,Pune,Maharashtra,Corporate Gifting,645,1024411,1589,963,225,252,72,11.2,15,27.3,12.4,Metro
Sep-2024,FY25,Pune,Maharashtra,Meesho,186,242611,1295,259,36,68,10,5.9,9,30.4,15.5,Metro
Sep-2024,FY25,Hyderabad,Telangana,Amazon,926,1109181,1196,1500,214,465,63,6.9,19,18.5,17.7,Metro
Sep-2024,FY25,Hyderabad,Telangana,Flipkart,645,696712,1073,953,188,346,65,10.2,27,18.9,14.8,Metro
Sep-2024,FY25,Hyderabad,Telangana,Ugaoo Website,384,582188,1515,531,84,193,21,5.6,18,30.0,9.5,Metro
Sep-2024,FY25,Hyderabad,Telangana,Blinkit,375,526390,1410,538,81,161,42,11.4,16,34.7,19.0,Metro
Sep-2024,FY25,Hyderabad,Telangana,Zepto,260,407064,1555,449,64,130,19,7.4,13,43.6,11.7,Metro
Sep-2024,FY25,Hyderabad,Telangana,Retail Store,793,931638,1176,978,238,239,78,9.9,21,43.6,10.6,Metro
Sep-2024,FY25,Hyderabad,Telangana,Corporate Gifting,464,626859,1360,705,135,249,57,12.3,17,18.8,13.5,Metro
Sep-2024,FY25,Hyderabad,Telangana,Meesho,56,53370,895,66,19,21,4,7.8,2,26.5,17.6,Metro
Sep-2024,FY25,Chennai,Tamil Nadu,Amazon,715,768102,1077,1088,146,256,81,11.4,15,26.2,6.7,Non-Metro
Sep-2024,FY25,Chennai,Tamil Nadu,Flipkart,658,922764,1395,1105,241,286,46,7.1,35,39.8,9.4,Non-Metro
Sep-2024,FY25,Chennai,Tamil Nadu,Ugaoo Website,580,614392,1062,971,161,264,37,6.5,17,40.3,11.9,Non-Metro
Sep-2024,FY25,Chennai,Tamil Nadu,Blinkit,219,235996,1076,363,65,89,14,6.7,5,42.6,14.9,Non-Metro
Sep-2024,FY25,Chennai,Tamil Nadu,Zepto,147,160517,1124,229,59,71,10,7.4,5,22.1,11.1,Non-Metro
Sep-2024,FY25,Chennai,Tamil Nadu,Retail Store,600,721036,1195,759,169,321,48,8.1,35,39.5,17.2,Non-Metro
Sep-2024,FY25,Chennai,Tamil Nadu,Corporate Gifting,224,330367,1481,296,52,88,23,10.7,9,41.5,10.9,Non-Metro
Sep-2024,FY25,Chennai,Tamil Nadu,Meesho,104,147626,1452,116,38,50,5,5.7,4,20.1,18.2,Non-Metro
Sep-2024,FY25,Kolkata,West Bengal,Amazon,361,350300,977,609,103,141,32,9.0,20,38.8,6.2,Non-Metro
Sep-2024,FY25,Kolkata,West Bengal,Flipkart,442,570690,1295,764,179,165,52,11.8,15,22.0,6.4,Non-Metro
Sep-2024,FY25,Kolkata,West Bengal,Ugaoo Website,330,494398,1484,512,75,145,19,6.0,15,18.2,17.9,Non-Metro
Sep-2024,FY25,Kolkata,West Bengal,Blinkit,205,232185,1145,365,75,86,15,7.6,11,27.5,19.5,Non-Metro
Sep-2024,FY25,Kolkata,West Bengal,Zepto,133,119757,869,237,51,43,9,7.0,6,19.4,8.6,Non-Metro
Sep-2024,FY25,Kolkata,West Bengal,Retail Store,466,732230,1570,580,133,150,52,11.2,11,38.8,16.5,Non-Metro
Sep-2024,FY25,Kolkata,West Bengal,Corporate Gifting,173,161654,921,299,39,78,20,12.0,3,25.6,14.3,Non-Metro
Sep-2024,FY25,Kolkata,West Bengal,Meesho,70,102973,1401,83,17,38,8,12.6,1,26.4,14.5,Non-Metro
Sep-2024,FY25,Ahmedabad,Gujarat,Amazon,257,244140,969,366,57,91,22,8.6,9,35.0,15.5,Non-Metro
Sep-2024,FY25,Ahmedabad,Gujarat,Flipkart,208,180726,876,279,63,81,24,11.7,9,44.5,15.6,Non-Metro
Sep-2024,FY25,Ahmedabad,Gujarat,Ugaoo Website,238,239283,1005,366,78,104,15,6.4,5,32.9,16.6,Non-Metro
Sep-2024,FY25,Ahmedabad,Gujarat,Blinkit,178,252726,1407,308,67,83,18,10.4,7,24.8,13.9,Non-Metro
Sep-2024,FY25,Ahmedabad,Gujarat,Zepto,73,67078,903,107,23,29,5,7.1,2,44.1,7.6,Non-Metro
Sep-2024,FY25,Ahmedabad,Gujarat,Retail Store,307,352750,1155,446,67,135,29,9.7,17,28.2,6.8,Non-Metro
Sep-2024,FY25,Ahmedabad,Gujarat,Corporate Gifting,175,213917,1242,232,63,94,16,9.6,5,32.3,13.3,Non-Metro
Sep-2024,FY25,Ahmedabad,Gujarat,Meesho,56,82786,1457,67,11,22,7,12.7,2,39.1,8.9,Non-Metro
Sep-2024,FY25,Jaipur,Rajasthan,Amazon,246,388245,1589,410,82,115,23,9.7,11,31.5,18.8,Non-Metro
Sep-2024,FY25,Jaipur,Rajasthan,Flipkart,166,245471,1487,254,59,50,8,5.2,3,30.8,19.0,Non-Metro
Sep-2024,FY25,Jaipur,Rajasthan,Ugaoo Website,194,180337,951,243,49,85,17,9.0,9,24.2,13.6,Non-Metro
Sep-2024,FY25,Jaipur,Rajasthan,Blinkit,76,98673,1258,106,29,38,6,8.8,3,42.8,13.3,Non-Metro
Sep-2024,FY25,Jaipur,Rajasthan,Zepto,75,113334,1501,105,27,36,6,8.9,3,18.4,9.1,Non-Metro
Sep-2024,FY25,Jaipur,Rajasthan,Retail Store,187,257272,1402,317,77,87,24,12.9,8,44.9,7.1,Non-Metro
Sep-2024,FY25,Jaipur,Rajasthan,Corporate Gifting,104,166593,1558,129,29,40,12,12.0,4,36.9,17.4,Non-Metro
Sep-2024,FY25,Jaipur,Rajasthan,Meesho,26,30908,1207,37,4,8,1,7.5,1,30.9,7.6,Non-Metro
Sep-2024,FY25,Gurgaon,Haryana,Amazon,209,252274,1189,269,83,66,21,10.5,6,38.3,18.6,Non-Metro
Sep-2024,FY25,Gurgaon,Haryana,Flipkart,136,123607,934,166,51,73,10,7.9,3,31.1,10.5,Non-Metro
Sep-2024,FY25,Gurgaon,Haryana,Ugaoo Website,102,101326,969,114,35,55,6,6.5,4,43.9,8.3,Non-Metro
Sep-2024,FY25,Gurgaon,Haryana,Blinkit,71,100246,1465,106,23,34,8,11.9,2,32.5,7.4,Non-Metro
Sep-2024,FY25,Gurgaon,Haryana,Zepto,75,117854,1517,112,24,28,9,12.4,2,29.7,13.0,Non-Metro
Sep-2024,FY25,Gurgaon,Haryana,Retail Store,197,276403,1391,315,62,87,11,5.9,11,30.4,15.3,Non-Metro
Sep-2024,FY25,Gurgaon,Haryana,Corporate Gifting,68,68738,962,89,15,25,5,7.9,3,27.1,8.9,Non-Metro
Sep-2024,FY25,Gurgaon,Haryana,Meesho,30,37400,1162,46,12,12,3,10.0,1,28.0,9.9,Non-Metro
Sep-2024,FY25,Noida,Uttar Pradesh,Amazon,112,140369,1233,137,31,47,7,6.9,3,31.3,11.2,Non-Metro
Sep-2024,FY25,Noida,Uttar Pradesh,Flipkart,77,114962,1497,126,21,32,8,11.6,3,31.6,18.4,Non-Metro
Sep-2024,FY25,Noida,Uttar Pradesh,Ugaoo Website,62,90816,1545,105,19,24,7,11.9,2,35.1,13.3,Non-Metro
Sep-2024,FY25,Noida,Uttar Pradesh,Blinkit,32,34713,1069,37,11,15,1,5.4,0,35.2,8.6,Non-Metro
Sep-2024,FY25,Noida,Uttar Pradesh,Zepto,47,67597,1495,75,16,22,5,12.0,1,37.5,10.9,Non-Metro
Sep-2024,FY25,Noida,Uttar Pradesh,Retail Store,91,98166,1119,150,36,29,7,8.1,4,28.5,13.8,Non-Metro
Sep-2024,FY25,Noida,Uttar Pradesh,Corporate Gifting,50,53590,1017,78,18,22,6,12.5,2,26.2,18.3,Non-Metro
Sep-2024,FY25,Noida,Uttar Pradesh,Meesho,9,14172,1431,15,3,3,0,7.8,0,43.6,11.0,Non-Metro
Sep-2024,FY25,Nashik,Maharashtra,Amazon,106,109514,1034,170,36,56,11,10.4,2,39.5,14.0,Non-Metro
Sep-2024,FY25,Nashik,Maharashtra,Flipkart,72,75327,1093,126,21,31,5,7.8,2,23.1,18.6,Non-Metro
Sep-2024,FY25,Nashik,Maharashtra,Ugaoo Website,74,101018,1432,118,24,31,7,9.9,4,35.0,13.1,Non-Metro
Sep-2024,FY25,Nashik,Maharashtra,Blinkit,37,41720,1020,60,7,19,3,9.1,1,39.7,18.7,Non-Metro
Sep-2024,FY25,Nashik,Maharashtra,Zepto,35,32895,1066,44,9,17,1,5.4,1,40.3,14.9,Non-Metro
Sep-2024,FY25,Nashik,Maharashtra,Retail Store,76,79657,1010,96,24,32,8,11.2,2,34.4,18.8,Non-Metro
Sep-2024,FY25,Nashik,Maharashtra,Corporate Gifting,35,50204,1343,55,14,15,3,10.8,1,25.0,14.2,Non-Metro
Sep-2024,FY25,Nashik,Maharashtra,Meesho,16,24041,1271,28,3,7,1,7.6,0,24.8,10.2,Non-Metro
Sep-2024,FY25,Bhopal,Madhya Pradesh,Amazon,108,155840,1430,146,43,33,9,8.7,2,31.2,7.2,Non-Metro
Sep-2024,FY25,Bhopal,Madhya Pradesh,Flipkart,73,86090,1153,106,29,25,5,6.9,3,43.5,17.7,Non-Metro
Sep-2024,FY25,Bhopal,Madhya Pradesh,Ugaoo Website,67,97915,1424,87,25,31,3,5.6,3,35.6,16.4,Non-Metro
Sep-2024,FY25,Bhopal,Madhya Pradesh,Blinkit,42,61661,1554,70,13,18,3,7.2,1,26.4,10.4,Non-Metro
Sep-2024,FY25,Bhopal,Madhya Pradesh,Zepto,35,35815,1131,46,9,14,3,10.5,1,39.0,17.9,Non-Metro
Sep-2024,FY25,Bhopal,Madhya Pradesh,Retail Store,115,149214,1291,193,24,41,5,5.2,4,39.3,17.0,Non-Metro
Sep-2024,FY25,Bhopal,Madhya Pradesh,Corporate Gifting,60,81894,1326,71,24,24,3,5.3,2,36.7,12.5,Non-Metro
Sep-2024,FY25,Bhopal,Madhya Pradesh,Meesho,10,15169,1228,11,2,4,1,10.9,0,25.9,5.3,Non-Metro
Sep-2024,FY25,Indore,Madhya Pradesh,Amazon,102,112804,1138,176,29,55,6,6.8,2,22.4,8.2,Non-Metro
Sep-2024,FY25,Indore,Madhya Pradesh,Flipkart,123,139457,1100,217,34,67,7,6.3,4,29.8,19.5,Non-Metro
Sep-2024,FY25,Indore,Madhya Pradesh,Ugaoo Website,83,111100,1370,141,17,32,10,12.2,3,30.4,15.4,Non-Metro
Sep-2024,FY25,Indore,Madhya Pradesh,Blinkit,34,45480,1414,46,8,12,2,6.4,1,28.8,12.1,Non-Metro
Sep-2024,FY25,Indore,Madhya Pradesh,Zepto,30,49508,1497,50,11,16,3,11.8,1,36.3,17.9,Non-Metro
Sep-2024,FY25,Indore,Madhya Pradesh,Retail Store,70,107910,1571,120,18,22,6,8.8,2,41.2,10.9,Non-Metro
Sep-2024,FY25,Indore,Madhya Pradesh,Corporate Gifting,41,42845,1013,60,9,17,2,5.4,1,31.7,14.7,Non-Metro
Sep-2024,FY25,Indore,Madhya Pradesh,Meesho,15,20537,1374,25,4,7,1,7.3,0,31.1,10.1,Non-Metro
Oct-2024,FY25,Bengaluru,Karnataka,Amazon,4418,5907122,1337,5809,1048,1371,525,11.9,218,29.2,14.4,Metro
Oct-2024,FY25,Bengaluru,Karnataka,Flipkart,3176,4519004,1424,5479,745,1693,171,5.4,74,35.9,10.6,Metro
Oct-2024,FY25,Bengaluru,Karnataka,Ugaoo Website,2611,2644809,1012,4586,628,1286,151,5.8,86,25.4,18.3,Metro
Oct-2024,FY25,Bengaluru,Karnataka,Blinkit,2193,2121299,967,2919,695,908,282,12.9,53,28.4,9.5,Metro
Oct-2024,FY25,Bengaluru,Karnataka,Zepto,1518,2107519,1389,2029,472,702,173,11.4,79,43.3,13.5,Metro
Oct-2024,FY25,Bengaluru,Karnataka,Retail Store,4491,7125135,1587,8067,1533,2451,296,6.6,254,20.9,13.5,Metro
Oct-2024,FY25,Bengaluru,Karnataka,Corporate Gifting,1675,1994477,1188,1898,424,737,184,11.0,49,24.4,7.7,Metro
Oct-2024,FY25,Bengaluru,Karnataka,Meesho,807,978588,1213,944,246,275,88,11.0,45,42.8,19.6,Metro
Oct-2024,FY25,Mumbai,Maharashtra,Amazon,3899,3355310,861,6336,1426,1527,292,7.5,133,28.6,13.3,Metro
Oct-2024,FY25,Mumbai,Maharashtra,Flipkart,2466,2540440,1032,3069,880,1170,214,8.7,107,24.7,9.0,Metro
Oct-2024,FY25,Mumbai,Maharashtra,Ugaoo Website,2023,2204741,1090,3264,655,1008,115,5.7,77,42.4,19.8,Metro
Oct-2024,FY25,Mumbai,Maharashtra,Blinkit,1119,1588645,1417,1974,360,502,80,7.2,53,19.9,10.4,Metro
Oct-2024,FY25,Mumbai,Maharashtra,Zepto,1086,989265,913,1934,211,371,139,12.8,56,38.1,13.7,Metro
Oct-2024,FY25,Mumbai,Maharashtra,Retail Store,3471,3029302,874,5937,939,1306,374,10.8,102,29.0,7.2,Metro
Oct-2024,FY25,Mumbai,Maharashtra,Corporate Gifting,1892,2486771,1313,2557,742,986,158,8.4,39,42.1,8.4,Metro
Oct-2024,FY25,Mumbai,Maharashtra,Meesho,476,623832,1316,581,159,204,56,11.8,19,26.4,8.9,Metro
Oct-2024,FY25,Delhi,Delhi,Amazon,2230,2957990,1326,3594,617,834,131,5.9,45,44.3,17.7,Metro
Oct-2024,FY25,Delhi,Delhi,Flipkart,2114,3335437,1580,2542,637,969,158,7.5,109,41.6,11.8,Metro
Oct-2024,FY25,Delhi,Delhi,Ugaoo Website,1751,2534550,1450,1958,320,604,129,7.4,44,35.7,15.1,Metro
Oct-2024,FY25,Delhi,Delhi,Blinkit,869,1313344,1511,1395,288,436,54,6.3,36,29.1,15.4,Metro
Oct-2024,FY25,Delhi,Delhi,Zepto,862,1086713,1259,1044,269,269,61,7.1,34,30.5,16.8,Metro
Oct-2024,FY25,Delhi,Delhi,Retail Store,1840,1933235,1052,2358,687,580,160,8.7,64,34.2,18.8,Metro
Oct-2024,FY25,Delhi,Delhi,Corporate Gifting,1335,1579111,1184,1486,437,402,108,8.1,38,28.6,18.3,Metro
Oct-2024,FY25,Delhi,Delhi,Meesho,290,314259,1072,419,62,106,36,12.5,17,37.1,18.8,Metro
Oct-2024,FY25,Pune,Maharashtra,Amazon,2166,2409105,1112,3578,445,853,132,6.1,62,41.9,6.9,Metro
Oct-2024,FY25,Pune,Maharashtra,Flipkart,1266,1244312,984,1690,359,582,91,7.2,31,25.3,12.0,Metro
Oct-2024,FY25,Pune,Maharashtra,Ugaoo Website,1235,1369399,1106,1486,511,420,114,9.3,60,43.7,11.1,Metro
Oct-2024,FY25,Pune,Maharashtra,Blinkit,456,721211,1583,720,168,145,52,11.5,23,25.6,6.9,Metro
Oct-2024,FY25,Pune,Maharashtra,Zepto,570,805967,1406,740,138,276,72,12.7,16,32.7,9.1,Metro
Oct-2024,FY25,Pune,Maharashtra,Retail Store,1385,2099700,1513,1967,353,454,87,6.3,71,33.5,15.3,Metro
Oct-2024,FY25,Pune,Maharashtra,Corporate Gifting,774,1100907,1428,860,267,348,44,5.8,36,24.6,18.5,Metro
Oct-2024,FY25,Pune,Maharashtra,Meesho,249,381213,1545,342,51,126,21,8.6,12,29.6,6.1,Metro
Oct-2024,FY25,Hyderabad,Telangana,Amazon,1203,1776393,1477,1481,338,444,103,8.6,43,19.1,8.3,Metro
Oct-2024,FY25,Hyderabad,Telangana,Flipkart,1304,1137823,872,1478,336,437,69,5.3,63,44.1,10.5,Metro
Oct-2024,FY25,Hyderabad,Telangana,Ugaoo Website,889,759607,851,989,273,481,106,12.0,51,20.5,6.0,Metro
Oct-2024,FY25,Hyderabad,Telangana,Blinkit,650,615995,946,1078,151,290,66,10.3,21,31.4,6.4,Metro
Oct-2024,FY25,Hyderabad,Telangana,Zepto,476,476645,1003,819,155,151,41,8.7,12,26.6,16.3,Metro
Oct-2024,FY25,Hyderabad,Telangana,Retail Store,1012,878054,865,1259,184,332,96,9.5,44,30.8,8.2,Metro
Oct-2024,FY25,Hyderabad,Telangana,Corporate Gifting,639,782850,1232,1108,177,339,40,6.4,13,19.3,10.0,Metro
Oct-2024,FY25,Hyderabad,Telangana,Meesho,123,137270,1079,164,41,37,6,5.1,2,25.7,19.5,Metro
Oct-2024,FY25,Chennai,Tamil Nadu,Amazon,864,838922,966,1142,214,363,76,8.8,20,21.3,18.8,Non-Metro
Oct-2024,FY25,Chennai,Tamil Nadu,Flipkart,882,800734,910,1104,275,358,54,6.2,25,36.7,12.9,Non-Metro
Oct-2024,FY25,Chennai,Tamil Nadu,Ugaoo Website,696,1114309,1599,926,170,343,66,9.5,24,38.6,12.6,Non-Metro
Oct-2024,FY25,Chennai,Tamil Nadu,Blinkit,414,531064,1287,511,155,203,25,6.2,14,30.4,15.7,Non-Metro
Oct-2024,FY25,Chennai,Tamil Nadu,Zepto,368,560052,1526,584,129,179,27,7.6,20,30.4,12.1,Non-Metro
Oct-2024,FY25,Chennai,Tamil Nadu,Retail Store,736,987907,1344,1061,305,225,61,8.3,24,37.9,7.4,Non-Metro
Oct-2024,FY25,Chennai,Tamil Nadu,Corporate Gifting,374,419311,1115,564,123,186,33,9.0,8,37.7,16.3,Non-Metro
Oct-2024,FY25,Chennai,Tamil Nadu,Meesho,130,169045,1273,196,40,66,15,12.0,2,38.9,7.0,Non-Metro
Oct-2024,FY25,Kolkata,West Bengal,Amazon,563,712664,1274,925,220,291,36,6.4,15,23.1,14.5,Non-Metro
Oct-2024,FY25,Kolkata,West Bengal,Flipkart,490,539638,1096,657,155,232,28,5.8,14,34.4,12.7,Non-Metro
Oct-2024,FY25,Kolkata,West Bengal,Ugaoo Website,533,475477,884,842,123,289,30,5.8,14,29.0,12.5,Non-Metro
Oct-2024,FY25,Kolkata,West Bengal,Blinkit,281,287351,1015,450,64,130,25,8.9,10,33.5,12.8,Non-Metro
Oct-2024,FY25,Kolkata,West Bengal,Zepto,263,340418,1301,407,92,109,19,7.5,10,37.4,16.6,Non-Metro
Oct-2024,FY25,Kolkata,West Bengal,Retail Store,727,826621,1141,1000,294,230,87,12.0,23,19.1,10.8,Non-Metro
Oct-2024,FY25,Kolkata,West Bengal,Corporate Gifting,313,495990,1593,446,79,142,40,12.9,12,33.3,13.0,Non-Metro
Oct-2024,FY25,Kolkata,West Bengal,Meesho,91,105392,1112,105,26,36,9,10.7,2,35.4,17.7,Non-Metro
Oct-2024,FY25,Ahmedabad,Gujarat,Amazon,513,563909,1092,752,92,260,53,10.4,30,34.1,10.7,Non-Metro
Oct-2024,FY25,Ahmedabad,Gujarat,Flipkart,508,509209,994,629,149,273,47,9.4,21,29.6,15.6,Non-Metro
Oct-2024,FY25,Ahmedabad,Gujarat,Ugaoo Website,337,536593,1597,415,126,174,37,11.0,15,32.0,19.2,Non-Metro
Oct-2024,FY25,Ahmedabad,Gujarat,Blinkit,143,218515,1513,165,33,43,16,11.7,7,20.4,10.5,Non-Metro
Oct-2024,FY25,Ahmedabad,Gujarat,Zepto,111,129489,1128,136,26,59,5,5.2,3,39.6,11.1,Non-Metro
Oct-2024,FY25,Ahmedabad,Gujarat,Retail Store,381,436959,1142,591,158,175,20,5.3,9,28.0,17.7,Non-Metro
Oct-2024,FY25,Ahmedabad,Gujarat,Corporate Gifting,200,166476,851,320,76,91,25,12.9,6,40.2,6.3,Non-Metro
Oct-2024,FY25,Ahmedabad,Gujarat,Meesho,42,65205,1599,47,10,20,5,12.7,1,37.9,9.7,Non-Metro
Oct-2024,FY25,Jaipur,Rajasthan,Amazon,483,419026,871,737,201,190,27,5.6,22,40.3,17.4,Non-Metro
Oct-2024,FY25,Jaipur,Rajasthan,Flipkart,289,268972,927,373,120,141,34,11.9,8,24.9,13.1,Non-Metro
Oct-2024,FY25,Jaipur,Rajasthan,Ugaoo Website,296,351012,1171,362,64,109,15,5.4,7,40.8,17.5,Non-Metro
Oct-2024,FY25,Jaipur,Rajasthan,Blinkit,212,297896,1399,285,67,77,25,12.0,8,24.7,13.3,Non-Metro
Oct-2024,FY25,Jaipur,Rajasthan,Zepto,103,98984,932,127,40,45,5,5.3,5,25.6,11.9,Non-Metro
Oct-2024,FY25,Jaipur,Rajasthan,Retail Store,318,440815,1385,557,84,156,31,10.0,17,38.3,7.6,Non-Metro
Oct-2024,FY25,Jaipur,Rajasthan,Corporate Gifting,168,174296,1011,206,51,91,11,6.8,4,19.3,13.1,Non-Metro
Oct-2024,FY25,Jaipur,Rajasthan,Meesho,48,56010,1098,60,18,19,5,11.7,2,38.6,15.8,Non-Metro
Oct-2024,FY25,Gurgaon,Haryana,Amazon,309,277746,909,443,69,99,24,8.0,13,43.5,7.1,Non-Metro
Oct-2024,FY25,Gurgaon,Haryana,Flipkart,266,274706,1033,313,65,117,25,9.4,15,26.7,5.1,Non-Metro
Oct-2024,FY25,Gurgaon,Haryana,Ugaoo Website,192,211928,1124,219,69,79,19,10.0,7,25.1,10.2,Non-Metro
Oct-2024,FY25,Gurgaon,Haryana,Blinkit,130,152628,1168,196,53,60,7,5.7,2,19.2,12.6,Non-Metro
Oct-2024,FY25,Gurgaon,Haryana,Zepto,103,116163,1097,146,33,51,8,8.5,2,32.8,19.1,Non-Metro
Oct-2024,FY25,Gurgaon,Haryana,Retail Store,229,339047,1459,330,90,105,18,8.2,9,28.4,14.0,Non-Metro
Oct-2024,FY25,Gurgaon,Haryana,Corporate Gifting,132,140794,1060,206,48,67,10,7.9,6,36.8,18.2,Non-Metro
Oct-2024,FY25,Gurgaon,Haryana,Meesho,35,42263,1123,51,9,14,2,6.1,1,22.5,7.2,Non-Metro
Oct-2024,FY25,Noida,Uttar Pradesh,Amazon,181,205271,1150,230,73,97,13,7.2,7,26.1,18.1,Non-Metro
Oct-2024,FY25,Noida,Uttar Pradesh,Flipkart,113,111469,943,169,22,55,6,5.8,2,26.8,18.1,Non-Metro
Oct-2024,FY25,Noida,Uttar Pradesh,Ugaoo Website,124,174101,1373,150,29,38,12,10.4,5,19.3,9.5,Non-Metro
Oct-2024,FY25,Noida,Uttar Pradesh,Blinkit,75,77485,1096,122,23,31,5,7.7,1,29.5,7.2,Non-Metro
Oct-2024,FY25,Noida,Uttar Pradesh,Zepto,49,64729,1242,78,8,22,5,11.6,2,31.5,16.8,Non-Metro
Oct-2024,FY25,Noida,Uttar Pradesh,Retail Store,116,154631,1293,203,44,53,7,6.7,6,36.2,17.8,Non-Metro
Oct-2024,FY25,Noida,Uttar Pradesh,Corporate Gifting,59,79212,1287,75,21,26,4,6.8,2,43.7,15.7,Non-Metro
Oct-2024,FY25,Noida,Uttar Pradesh,Meesho,21,31497,1544,37,6,11,1,6.6,1,23.5,18.8,Non-Metro
Oct-2024,FY25,Nashik,Maharashtra,Amazon,176,169328,934,290,55,74,20,11.4,8,43.8,15.0,Non-Metro
Oct-2024,FY25,Nashik,Maharashtra,Flipkart,148,199490,1346,188,36,45,17,12.1,3,19.6,11.3,Non-Metro
Oct-2024,FY25,Nashik,Maharashtra,Ugaoo Website,127,124123,948,193,24,54,13,10.4,2,37.1,10.4,Non-Metro
Oct-2024,FY25,Nashik,Maharashtra,Blinkit,73,78755,1122,106,30,33,6,8.5,4,28.3,8.2,Non-Metro
Oct-2024,FY25,Nashik,Maharashtra,Zepto,50,63524,1241,70,13,17,3,6.3,2,20.5,13.7,Non-Metro
Oct-2024,FY25,Nashik,Maharashtra,Retail Store,106,92722,850,153,20,47,9,9.1,2,27.4,13.9,Non-Metro
Oct-2024,FY25,Nashik,Maharashtra,Corporate Gifting,60,74246,1186,85,13,20,5,9.7,3,25.0,9.0,Non-Metro
Oct-2024,FY25,Nashik,Maharashtra,Meesho,16,26006,1332,18,4,8,0,6.0,0,34.8,13.4,Non-Metro
Oct-2024,FY25,Bhopal,Madhya Pradesh,Amazon,200,181407,912,325,41,88,12,6.3,9,40.5,16.6,Non-Metro
Oct-2024,FY25,Bhopal,Madhya Pradesh,Flipkart,120,175405,1495,186,44,54,14,12.3,2,24.4,5.4,Non-Metro
Oct-2024,FY25,Bhopal,Madhya Pradesh,Ugaoo Website,104,155093,1528,143,19,31,5,5.2,5,39.3,19.0,Non-Metro
Oct-2024,FY25,Bhopal,Madhya Pradesh,Blinkit,36,37998,1153,40,12,17,2,7.6,1,31.6,17.8,Non-Metro
Oct-2024,FY25,Bhopal,Madhya Pradesh,Zepto,51,72014,1399,91,20,17,6,12.8,2,44.7,10.4,Non-Metro
Oct-2024,FY25,Bhopal,Madhya Pradesh,Retail Store,158,200574,1298,276,57,63,9,6.2,6,25.0,8.6,Non-Metro
Oct-2024,FY25,Bhopal,Madhya Pradesh,Corporate Gifting,59,54832,996,103,20,25,3,6.7,1,20.0,6.7,Non-Metro
Oct-2024,FY25,Bhopal,Madhya Pradesh,Meesho,25,31509,1282,31,8,9,3,12.4,0,30.1,7.2,Non-Metro
Oct-2024,FY25,Indore,Madhya Pradesh,Amazon,210,328393,1556,238,59,74,14,7.0,11,29.4,10.7,Non-Metro
Oct-2024,FY25,Indore,Madhya Pradesh,Flipkart,177,207499,1156,280,55,68,20,11.4,3,29.8,9.1,Non-Metro
Oct-2024,FY25,Indore,Madhya Pradesh,Ugaoo Website,111,111722,1017,139,40,42,13,12.5,5,29.3,15.4,Non-Metro
Oct-2024,FY25,Indore,Madhya Pradesh,Blinkit,81,80703,951,90,16,25,9,11.5,3,36.8,19.7,Non-Metro
Oct-2024,FY25,Indore,Madhya Pradesh,Zepto,61,79175,1270,81,24,21,4,7.8,3,28.9,19.8,Non-Metro
Oct-2024,FY25,Indore,Madhya Pradesh,Retail Store,133,116909,867,192,46,46,7,5.7,3,39.7,16.4,Non-Metro
Oct-2024,FY25,Indore,Madhya Pradesh,Corporate Gifting,77,89323,1177,106,15,40,8,10.7,2,34.5,5.6,Non-Metro
Oct-2024,FY25,Indore,Madhya Pradesh,Meesho,23,32321,1201,31,9,9,2,10.1,0,43.5,5.4,Non-Metro
Nov-2024,FY25,Bengaluru,Karnataka,Amazon,5149,5428208,1054,6492,1298,2303,576,11.2,261,26.4,10.8,Metro
Nov-2024,FY25,Bengaluru,Karnataka,Flipkart,4273,4736186,1109,7174,1312,1510,230,5.4,197,29.7,9.8,Metro
Nov-2024,FY25,Bengaluru,Karnataka,Ugaoo Website,3172,3124436,984,5124,849,1455,275,8.7,171,25.3,14.2,Metro
Nov-2024,FY25,Bengaluru,Karnataka,Blinkit,1772,2265280,1279,2992,636,641,182,10.3,105,20.3,14.8,Metro
Nov-2024,FY25,Bengaluru,Karnataka,Zepto,2147,2953995,1377,3561,438,1035,139,6.5,124,31.5,16.4,Metro
Nov-2024,FY25,Bengaluru,Karnataka,Retail Store,3477,3734540,1074,5855,1426,1174,239,6.9,144,43.9,19.3,Metro
Nov-2024,FY25,Bengaluru,Karnataka,Corporate Gifting,1823,1915618,1051,2228,696,927,227,12.5,66,35.3,19.4,Metro
Nov-2024,FY25,Bengaluru,Karnataka,Meesho,810,1092859,1347,939,235,374,45,5.6,20,39.5,19.1,Metro
Nov-2024,FY25,Mumbai,Maharashtra,Amazon,4906,4191143,854,8443,1537,2659,569,11.6,189,38.1,16.1,Metro
Nov-2024,FY25,Mumbai,Maharashtra,Flipkart,2989,3223860,1079,3314,950,1010,266,8.9,73,31.0,15.6,Metro
Nov-2024,FY25,Mumbai,Maharashtra,Ugaoo Website,1547,1777036,1148,2105,479,509,80,5.2,55,31.9,16.4,Metro
Nov-2024,FY25,Mumbai,Maharashtra,Blinkit,1368,1758150,1287,1650,279,504,162,11.9,54,36.0,5.2,Metro
Nov-2024,FY25,Mumbai,Maharashtra,Zepto,1448,1377719,953,2603,561,475,118,8.2,39,32.6,9.3,Metro
Nov-2024,FY25,Mumbai,Maharashtra,Retail Store,3102,3511664,1133,4313,881,1112,158,5.1,183,41.2,13.2,Metro
Nov-2024,FY25,Mumbai,Maharashtra,Corporate Gifting,1365,1289163,943,2423,536,430,118,8.7,40,42.0,11.6,Metro
Nov-2024,FY25,Mumbai,Maharashtra,Meesho,526,652012,1242,921,98,256,39,7.5,21,20.1,6.3,Metro
Nov-2024,FY25,Delhi,Delhi,Amazon,1936,1897194,979,3271,626,622,114,5.9,114,43.2,10.9,Metro
Nov-2024,FY25,Delhi,Delhi,Flipkart,2971,3213738,1082,4498,1208,1053,213,7.2,71,22.1,11.3,Metro
Nov-2024,FY25,Delhi,Delhi,Ugaoo Website,1811,2540147,1403,2108,452,738,126,7.0,90,21.2,19.1,Metro
Nov-2024,FY25,Delhi,Delhi,Blinkit,743,815468,1096,1117,188,288,71,9.6,43,32.2,19.0,Metro
Nov-2024,FY25,Delhi,Delhi,Zepto,1211,1308995,1084,1743,406,501,151,12.5,52,19.1,5.8,Metro
Nov-2024,FY25,Delhi,Delhi,Retail Store,2393,3465194,1446,3627,940,989,275,11.5,69,25.2,17.9,Metro
Nov-2024,FY25,Delhi,Delhi,Corporate Gifting,1123,1513912,1346,1450,241,594,88,7.9,61,34.6,12.6,Metro
Nov-2024,FY25,Delhi,Delhi,Meesho,419,616846,1461,481,141,203,49,11.7,14,38.9,8.2,Metro
Nov-2024,FY25,Pune,Maharashtra,Amazon,2034,2914006,1433,3212,487,793,203,10.0,91,20.5,19.5,Metro
Nov-2024,FY25,Pune,Maharashtra,Flipkart,1676,2020572,1203,2207,617,624,85,5.1,89,32.8,7.3,Metro
Nov-2024,FY25,Pune,Maharashtra,Ugaoo Website,1236,1977051,1598,1584,376,675,71,5.8,64,44.5,10.1,Metro
Nov-2024,FY25,Pune,Maharashtra,Blinkit,873,1019679,1169,1443,256,313,61,7.1,34,44.6,5.4,Metro
Nov-2024,FY25,Pune,Maharashtra,Zepto,746,782073,1047,1253,303,310,76,10.2,24,42.1,13.4,Metro
Nov-2024,FY25,Pune,Maharashtra,Retail Store,2206,2470624,1118,3032,438,899,262,11.9,77,19.8,17.3,Metro
Nov-2024,FY25,Pune,Maharashtra,Corporate Gifting,928,1436912,1551,1410,338,422,61,6.6,52,44.7,14.2,Metro
Nov-2024,FY25,Pune,Maharashtra,Meesho,323,303580,953,432,109,121,30,9.4,16,28.0,12.1,Metro
Nov-2024,FY25,Hyderabad,Telangana,Amazon,1492,1798473,1208,2667,270,742,153,10.3,59,33.6,12.4,Metro
Nov-2024,FY25,Hyderabad,Telangana,Flipkart,1116,1484001,1332,1353,328,409,111,10.0,62,26.0,13.6,Metro
Nov-2024,FY25,Hyderabad,Telangana,Ugaoo Website,895,1116865,1251,1592,189,323,108,12.1,47,39.0,15.5,Metro
Nov-2024,FY25,Hyderabad,Telangana,Blinkit,378,482873,1283,539,84,158,34,9.0,9,40.5,18.2,Metro
Nov-2024,FY25,Hyderabad,Telangana,Zepto,379,533998,1400,559,154,194,40,10.8,12,39.1,11.2,Metro
Nov-2024,FY25,Hyderabad,Telangana,Retail Store,1487,1375499,922,2430,325,555,172,11.6,38,28.6,11.3,Metro
Nov-2024,FY25,Hyderabad,Telangana,Corporate Gifting,724,748815,1031,1256,298,248,89,12.3,17,21.6,11.6,Metro
Nov-2024,FY25,Hyderabad,Telangana,Meesho,167,178354,1056,185,42,76,9,5.9,3,34.1,8.5,Metro
Nov-2024,FY25,Chennai,Tamil Nadu,Amazon,950,1492502,1567,1389,333,509,91,9.6,46,35.8,7.4,Non-Metro
Nov-2024,FY25,Chennai,Tamil Nadu,Flipkart,922,1247946,1354,1431,175,448,106,11.6,51,25.4,19.3,Non-Metro
Nov-2024,FY25,Chennai,Tamil Nadu,Ugaoo Website,1030,1053386,1018,1149,295,477,131,12.8,55,38.3,7.1,Non-Metro
Nov-2024,FY25,Chennai,Tamil Nadu,Blinkit,508,722749,1425,879,161,251,52,10.3,12,33.6,9.5,Non-Metro
Nov-2024,FY25,Chennai,Tamil Nadu,Zepto,318,479188,1518,407,130,150,19,6.0,15,41.5,12.7,Non-Metro
Nov-2024,FY25,Chennai,Tamil Nadu,Retail Store,783,680249,874,1245,143,303,95,12.2,30,31.0,6.0,Non-Metro
Nov-2024,FY25,Chennai,Tamil Nadu,Corporate Gifting,577,532706,921,715,183,309,62,10.9,12,35.4,7.0,Non-Metro
Nov-2024,FY25,Chennai,Tamil Nadu,Meesho,145,200057,1383,201,43,61,8,5.7,6,44.2,15.4,Non-Metro
Nov-2024,FY25,Kolkata,West Bengal,Amazon,1374,1846282,1345,1522,387,483,111,8.1,36,18.0,11.4,Non-Metro
Nov-2024,FY25,Kolkata,West Bengal,Flipkart,761,698661,921,1155,284,336,71,9.4,21,40.6,10.3,Non-Metro
Nov-2024,FY25,Kolkata,West Bengal,Ugaoo Website,449,411303,925,713,87,203,48,10.7,12,41.9,13.6,Non-Metro
Nov-2024,FY25,Kolkata,West Bengal,Blinkit,368,574891,1565,643,69,199,44,12.1,11,28.5,17.5,Non-Metro
Nov-2024,FY25,Kolkata,West Bengal,Zepto,242,242681,988,395,58,110,24,10.2,11,27.9,18.2,Non-Metro
Nov-2024,FY25,Kolkata,West Bengal,Retail Store,592,519637,883,901,189,214,48,8.2,12,33.8,14.6,Non-Metro
Nov-2024,FY25,Kolkata,West Bengal,Corporate Gifting,349,453237,1303,393,135,143,39,11.4,14,35.8,18.4,Non-Metro
Nov-2024,FY25,Kolkata,West Bengal,Meesho,125,147348,1140,207,39,68,13,11.0,6,34.5,19.1,Non-Metro
Nov-2024,FY25,Ahmedabad,Gujarat,Amazon,901,876765,974,1462,343,455,67,7.5,30,27.5,15.0,Non-Metro
Nov-2024,FY25,Ahmedabad,Gujarat,Flipkart,612,878130,1433,895,121,201,53,8.7,22,30.4,7.6,Non-Metro
Nov-2024,FY25,Ahmedabad,Gujarat,Ugaoo Website,386,579616,1501,689,82,122,41,10.7,11,20.7,15.7,Non-Metro
Nov-2024,FY25,Ahmedabad,Gujarat,Blinkit,134,197583,1495,185,35,55,10,7.6,6,27.2,6.2,Non-Metro
Nov-2024,FY25,Ahmedabad,Gujarat,Zepto,204,222315,1089,241,43,71,15,7.8,11,27.8,12.0,Non-Metro
Nov-2024,FY25,Ahmedabad,Gujarat,Retail Store,542,504633,934,867,132,168,48,8.9,17,30.7,9.8,Non-Metro
Nov-2024,FY25,Ahmedabad,Gujarat,Corporate Gifting,294,315906,1091,465,58,154,15,5.4,14,39.2,7.2,Non-Metro
Nov-2024,FY25,Ahmedabad,Gujarat,Meesho,70,67494,988,107,21,26,6,8.8,3,31.7,17.8,Non-Metro
Nov-2024,FY25,Jaipur,Rajasthan,Amazon,304,363473,1212,474,93,131,17,5.7,12,43.6,10.0,Non-Metro
Nov-2024,FY25,Jaipur,Rajasthan,Flipkart,490,560439,1149,780,93,213,56,11.6,21,36.9,16.6,Non-Metro
Nov-2024,FY25,Jaipur,Rajasthan,Ugaoo Website,286,405172,1400,444,71,113,31,10.9,10,25.2,16.9,Non-Metro
Nov-2024,FY25,Jaipur,Rajasthan,Blinkit,144,172494,1194,232,47,67,12,8.8,3,19.6,16.4,Non-Metro
Nov-2024,FY25,Jaipur,Rajasthan,Zepto,136,185356,1371,160,52,62,8,6.4,2,18.7,13.7,Non-Metro
Nov-2024,FY25,Jaipur,Rajasthan,Retail Store,375,378394,1002,604,95,170,45,12.0,18,20.0,5.2,Non-Metro
Nov-2024,FY25,Jaipur,Rajasthan,Corporate Gifting,262,243799,916,290,85,112,26,10.0,9,27.7,7.7,Non-Metro
Nov-2024,FY25,Jaipur,Rajasthan,Meesho,54,47801,949,59,14,27,4,8.5,1,28.3,8.6,Non-Metro
Nov-2024,FY25,Gurgaon,Haryana,Amazon,314,424644,1368,376,113,147,38,12.3,14,34.8,11.3,Non-Metro
Nov-2024,FY25,Gurgaon,Haryana,Flipkart,246,288827,1156,403,76,76,26,10.9,5,36.0,6.7,Non-Metro
Nov-2024,FY25,Gurgaon,Haryana,Ugaoo Website,167,199714,1201,213,64,59,16,10.1,4,32.0,15.4,Non-Metro
Nov-2024,FY25,Gurgaon,Haryana,Blinkit,206,308081,1474,335,50,74,25,12.2,4,25.5,13.2,Non-Metro
Nov-2024,FY25,Gurgaon,Haryana,Zepto,176,273721,1531,305,41,67,19,10.9,10,41.0,15.7,Non-Metro
Nov-2024,FY25,Gurgaon,Haryana,Retail Store,318,390857,1232,399,100,133,35,11.3,16,36.5,15.5,Non-Metro
Nov-2024,FY25,Gurgaon,Haryana,Corporate Gifting,244,365099,1501,276,102,121,18,7.7,7,29.3,13.5,Non-Metro
Nov-2024,FY25,Gurgaon,Haryana,Meesho,48,69638,1350,63,19,21,3,6.7,1,40.4,6.9,Non-Metro
Nov-2024,FY25,Noida,Uttar Pradesh,Amazon,246,251196,1013,429,68,131,29,12.1,13,28.3,10.8,Non-Metro
Nov-2024,FY25,Noida,Uttar Pradesh,Flipkart,188,223858,1197,311,33,83,13,7.3,5,32.6,11.4,Non-Metro
Nov-2024,FY25,Noida,Uttar Pradesh,Ugaoo Website,138,172255,1226,187,37,69,7,5.4,5,25.0,14.8,Non-Metro
Nov-2024,FY25,Noida,Uttar Pradesh,Blinkit,79,101618,1305,119,17,38,8,10.9,1,40.6,9.2,Non-Metro
Nov-2024,FY25,Noida,Uttar Pradesh,Zepto,47,34958,850,69,13,17,3,7.4,2,39.8,18.5,Non-Metro
Nov-2024,FY25,Noida,Uttar Pradesh,Retail Store,182,206355,1130,209,54,72,18,9.9,5,19.7,14.0,Non-Metro
Nov-2024,FY25,Noida,Uttar Pradesh,Corporate Gifting,76,115940,1582,120,21,31,5,6.7,3,43.5,19.7,Non-Metro
Nov-2024,FY25,Noida,Uttar Pradesh,Meesho,34,45203,1286,44,11,18,4,12.5,0,20.2,7.3,Non-Metro
Nov-2024,FY25,Nashik,Maharashtra,Amazon,250,383213,1523,401,82,106,13,5.3,11,31.4,12.7,Non-Metro
Nov-2024,FY25,Nashik,Maharashtra,Flipkart,177,200468,1157,218,58,75,9,5.1,5,25.5,15.3,Non-Metro
Nov-2024,FY25,Nashik,Maharashtra,Ugaoo Website,197,191767,988,313,48,71,22,11.6,11,39.9,5.1,Non-Metro
Nov-2024,FY25,Nashik,Maharashtra,Blinkit,62,74751,1286,73,19,21,3,6.4,2,24.1,15.0,Non-Metro
Nov-2024,FY25,Nashik,Maharashtra,Zepto,67,84641,1273,109,17,34,3,5.5,2,42.9,18.2,Non-Metro
Nov-2024,FY25,Nashik,Maharashtra,Retail Store,127,132616,1046,206,24,61,12,10.1,6,30.4,13.1,Non-Metro
Nov-2024,FY25,Nashik,Maharashtra,Corporate Gifting,115,141197,1263,193,45,62,8,7.1,2,25.5,13.5,Non-Metro
Nov-2024,FY25,Nashik,Maharashtra,Meesho,17,13488,1075,18,6,8,1,9.8,0,44.7,16.7,Non-Metro
Nov-2024,FY25,Bhopal,Madhya Pradesh,Amazon,157,148861,971,204,39,86,17,11.0,7,33.6,14.9,Non-Metro
Nov-2024,FY25,Bhopal,Madhya Pradesh,Flipkart,190,173432,930,301,75,86,18,9.8,5,27.0,17.4,Non-Metro
Nov-2024,FY25,Bhopal,Madhya Pradesh,Ugaoo Website,96,86174,882,167,17,42,12,12.6,2,36.3,11.5,Non-Metro
Nov-2024,FY25,Bhopal,Madhya Pradesh,Blinkit,80,103648,1253,98,30,30,5,6.7,4,33.8,7.7,Non-Metro
Nov-2024,FY25,Bhopal,Madhya Pradesh,Zepto,88,83624,920,154,25,48,10,12.0,5,29.3,19.4,Non-Metro
Nov-2024,FY25,Bhopal,Madhya Pradesh,Retail Store,183,230566,1265,211,56,87,20,11.1,4,22.4,11.2,Non-Metro
Nov-2024,FY25,Bhopal,Madhya Pradesh,Corporate Gifting,66,65353,972,118,15,25,4,7.4,3,36.2,14.0,Non-Metro
Nov-2024,FY25,Bhopal,Madhya Pradesh,Meesho,26,30486,1323,30,7,8,3,12.3,1,21.8,16.6,Non-Metro
Nov-2024,FY25,Indore,Madhya Pradesh,Amazon,147,230854,1559,183,59,71,13,9.1,7,23.0,14.2,Non-Metro
Nov-2024,FY25,Indore,Madhya Pradesh,Flipkart,119,151463,1304,197,30,61,6,5.6,2,30.9,17.4,Non-Metro
Nov-2024,FY25,Indore,Madhya Pradesh,Ugaoo Website,153,154693,1006,268,28,70,15,10.1,7,34.9,5.2,Non-Metro
Nov-2024,FY25,Indore,Madhya Pradesh,Blinkit,82,97053,1142,143,22,35,8,10.3,4,27.1,13.6,Non-Metro
Nov-2024,FY25,Indore,Madhya Pradesh,Zepto,65,71627,1135,112,24,31,4,6.3,1,24.7,8.1,Non-Metro
Nov-2024,FY25,Indore,Madhya Pradesh,Retail Store,177,216564,1217,264,35,86,16,9.2,4,41.1,16.1,Non-Metro
Nov-2024,FY25,Indore,Madhya Pradesh,Corporate Gifting,47,65870,1330,64,19,17,5,11.6,1,28.2,16.4,Non-Metro
Nov-2024,FY25,Indore,Madhya Pradesh,Meesho,31,46177,1348,54,11,14,2,7.8,1,30.7,9.6,Non-Metro
Dec-2024,FY25,Bengaluru,Karnataka,Amazon,4849,4993986,1029,8504,1875,2233,455,9.4,157,19.3,6.9,Metro
Dec-2024,FY25,Bengaluru,Karnataka,Flipkart,3625,4241750,1169,4426,1357,1838,467,12.9,80,33.6,5.0,Metro
Dec-2024,FY25,Bengaluru,Karnataka,Ugaoo Website,3843,4986900,1297,6720,1215,1798,261,6.8,83,30.3,18.8,Metro
Dec-2024,FY25,Bengaluru,Karnataka,Blinkit,1934,2587244,1337,3338,739,711,224,11.6,106,39.2,18.1,Metro
Dec-2024,FY25,Bengaluru,Karnataka,Zepto,1440,2005490,1396,1712,294,461,154,10.7,64,18.4,8.7,Metro
Dec-2024,FY25,Bengaluru,Karnataka,Retail Store,4157,5565445,1339,5145,1619,1389,353,8.5,102,24.0,7.6,Metro
Dec-2024,FY25,Bengaluru,Karnataka,Corporate Gifting,1511,1702623,1127,2093,534,654,142,9.4,47,36.0,9.3,Metro
Dec-2024,FY25,Bengaluru,Karnataka,Meesho,582,722268,1249,853,167,313,59,10.3,11,31.6,11.0,Metro
Dec-2024,FY25,Mumbai,Maharashtra,Amazon,4018,6276471,1563,4971,1486,2004,225,5.6,221,25.6,17.8,Metro
Dec-2024,FY25,Mumbai,Maharashtra,Flipkart,3878,4532897,1170,6884,1016,1807,364,9.4,130,29.1,8.5,Metro
Dec-2024,FY25,Mumbai,Maharashtra,Ugaoo Website,2712,2743826,1013,3062,490,995,162,6.0,93,38.1,19.5,Metro
Dec-2024,FY25,Mumbai,Maharashtra,Blinkit,1520,1448457,956,2448,620,829,123,8.1,57,41.9,9.3,Metro
Dec-2024,FY25,Mumbai,Maharashtra,Zepto,1002,1186435,1180,1656,235,483,86,8.6,40,41.5,7.6,Metro
Dec-2024,FY25,Mumbai,Maharashtra,Retail Store,2432,2098720,864,3094,639,741,201,8.3,57,27.1,9.0,Metro
Dec-2024,FY25,Mumbai,Maharashtra,Corporate Gifting,1764,1891581,1074,2306,414,802,132,7.5,91,42.1,19.6,Metro
Dec-2024,FY25,Mumbai,Maharashtra,Meesho,625,742409,1188,967,180,191,61,9.8,14,27.5,13.5,Metro
Dec-2024,FY25,Delhi,Delhi,Amazon,3073,4759822,1548,3417,714,1085,264,8.6,117,44.2,15.5,Metro
Dec-2024,FY25,Delhi,Delhi,Flipkart,2180,2651867,1216,3869,712,743,257,11.8,66,30.6,19.7,Metro
Dec-2024,FY25,Delhi,Delhi,Ugaoo Website,2067,2888298,1395,3187,614,818,225,10.9,98,44.2,9.0,Metro
Dec-2024,FY25,Delhi,Delhi,Blinkit,704,1072207,1520,1032,237,294,78,11.2,19,37.7,11.4,Metro
Dec-2024,FY25,Delhi,Delhi,Zepto,848,1005773,1185,1521,226,300,96,11.4,43,28.8,19.4,Metro
Dec-2024,FY25,Delhi,Delhi,Retail Store,3618,4934325,1365,6132,1053,1860,249,6.9,115,25.0,9.4,Metro
Dec-2024,FY25,Delhi,Delhi,Corporate Gifting,1023,1184082,1157,1707,422,354,121,11.9,33,45.0,15.5,Metro
Dec-2024,FY25,Delhi,Delhi,Meesho,405,433981,1063,475,168,196,38,9.4,21,26.2,7.5,Metro
Dec-2024,FY25,Pune,Maharashtra,Amazon,2266,3260539,1438,3338,935,890,135,6.0,108,26.8,17.8,Metro
Dec-2024,FY25,Pune,Maharashtra,Flipkart,2228,2321104,1042,3271,485,921,278,12.5,55,18.2,16.6,Metro
Dec-2024,FY25,Pune,Maharashtra,Ugaoo Website,1463,1755955,1201,1737,358,651,137,9.4,52,26.7,19.2,Metro
Dec-2024,FY25,Pune,Maharashtra,Blinkit,705,879554,1245,1180,161,240,58,8.3,15,36.5,5.3,Metro
Dec-2024,FY25,Pune,Maharashtra,Zepto,445,415403,923,544,186,236,49,11.2,19,37.9,5.2,Metro
Dec-2024,FY25,Pune,Maharashtra,Retail Store,2115,2825590,1338,2431,794,843,262,12.4,60,40.0,10.6,Metro
Dec-2024,FY25,Pune,Maharashtra,Corporate Gifting,840,720393,852,1135,324,404,89,10.7,47,32.4,15.9,Metro
Dec-2024,FY25,Pune,Maharashtra,Meesho,346,531476,1535,512,95,154,32,9.5,11,42.4,6.8,Metro
Dec-2024,FY25,Hyderabad,Telangana,Amazon,1363,2056650,1510,2199,387,563,76,5.6,28,31.5,7.0,Metro
Dec-2024,FY25,Hyderabad,Telangana,Flipkart,1333,2044204,1533,2229,495,436,70,5.3,79,44.1,5.5,Metro
Dec-2024,FY25,Hyderabad,Telangana,Ugaoo Website,1086,1143799,1054,1622,220,521,129,11.9,42,37.6,15.1,Metro
Dec-2024,FY25,Hyderabad,Telangana,Blinkit,730,771740,1061,1108,268,285,83,11.5,31,20.0,9.9,Metro
Dec-2024,FY25,Hyderabad,Telangana,Zepto,590,824599,1390,839,223,294,46,7.8,23,39.2,8.7,Metro
Dec-2024,FY25,Hyderabad,Telangana,Retail Store,1674,1808401,1079,1936,619,815,122,7.3,57,24.8,9.5,Metro
Dec-2024,FY25,Hyderabad,Telangana,Corporate Gifting,753,831216,1102,874,288,368,56,7.5,21,20.7,10.6,Metro
Dec-2024,FY25,Hyderabad,Telangana,Meesho,216,251373,1155,250,90,102,25,11.8,11,39.6,16.7,Metro
Dec-2024,FY25,Chennai,Tamil Nadu,Amazon,1383,1386346,1002,2115,503,579,153,11.1,65,39.8,10.6,Non-Metro
Dec-2024,FY25,Chennai,Tamil Nadu,Flipkart,1208,1354519,1125,2021,344,453,144,12.0,64,41.2,14.8,Non-Metro
Dec-2024,FY25,Chennai,Tamil Nadu,Ugaoo Website,908,1383217,1519,1115,345,326,53,5.9,19,19.2,16.4,Non-Metro
Dec-2024,FY25,Chennai,Tamil Nadu,Blinkit,391,440766,1139,495,139,198,44,11.5,18,36.5,19.8,Non-Metro
Dec-2024,FY25,Chennai,Tamil Nadu,Zepto,283,416508,1458,312,115,146,35,12.6,13,25.7,17.0,Non-Metro
Dec-2024,FY25,Chennai,Tamil Nadu,Retail Store,1286,1279949,994,1607,313,609,70,5.5,54,25.6,13.5,Non-Metro
Dec-2024,FY25,Chennai,Tamil Nadu,Corporate Gifting,513,652866,1271,613,181,274,32,6.4,25,41.5,11.1,Non-Metro
Dec-2024,FY25,Chennai,Tamil Nadu,Meesho,186,279196,1491,269,54,57,11,6.0,9,29.0,9.4,Non-Metro
Dec-2024,FY25,Kolkata,West Bengal,Amazon,799,706165,889,1055,250,367,39,5.0,35,21.2,19.4,Non-Metro
Dec-2024,FY25,Kolkata,West Bengal,Flipkart,534,698325,1303,712,185,187,55,10.3,23,40.8,17.9,Non-Metro
Dec-2024,FY25,Kolkata,West Bengal,Ugaoo Website,544,701497,1292,678,125,195,33,6.1,21,39.8,16.6,Non-Metro
Dec-2024,FY25,Kolkata,West Bengal,Blinkit,300,342779,1148,406,70,150,31,10.5,11,26.0,15.0,Non-Metro
Dec-2024,FY25,Kolkata,West Bengal,Zepto,254,365690,1422,351,87,88,19,7.5,11,20.8,8.0,Non-Metro
Dec-2024,FY25,Kolkata,West Bengal,Retail Store,495,439764,889,753,181,157,45,9.2,15,34.9,16.1,Non-Metro
Dec-2024,FY25,Kolkata,West Bengal,Corporate Gifting,373,468738,1247,416,101,171,24,6.7,16,38.0,18.4,Non-Metro
Dec-2024,FY25,Kolkata,West Bengal,Meesho,179,182578,1026,237,47,81,20,11.5,6,29.6,7.5,Non-Metro
Dec-2024,FY25,Ahmedabad,Gujarat,Amazon,387,615246,1592,606,160,150,48,12.6,20,36.7,7.6,Non-Metro
Dec-2024,FY25,Ahmedabad,Gujarat,Flipkart,525,474540,901,647,96,169,28,5.4,24,36.8,13.0,Non-Metro
Dec-2024,FY25,Ahmedabad,Gujarat,Ugaoo Website,468,739092,1580,555,110,212,37,8.0,9,36.4,19.9,Non-Metro
Dec-2024,FY25,Ahmedabad,Gujarat,Blinkit,274,361886,1336,377,108,126,28,10.4,12,24.8,14.3,Non-Metro
Dec-2024,FY25,Ahmedabad,Gujarat,Zepto,162,191222,1186,187,46,56,8,5.2,4,29.0,10.3,Non-Metro
Dec-2024,FY25,Ahmedabad,Gujarat,Retail Store,523,594110,1141,709,208,242,26,5.1,26,33.0,15.2,Non-Metro
Dec-2024,FY25,Ahmedabad,Gujarat,Corporate Gifting,201,316974,1572,302,39,86,13,6.5,8,41.3,11.1,Non-Metro
Dec-2024,FY25,Ahmedabad,Gujarat,Meesho,90,107693,1186,111,34,40,11,12.7,4,33.2,11.6,Non-Metro
Dec-2024,FY25,Jaipur,Rajasthan,Amazon,400,395234,987,677,149,214,38,9.7,13,40.3,16.8,Non-Metro
Dec-2024,FY25,Jaipur,Rajasthan,Flipkart,318,403824,1262,502,133,105,34,10.9,15,45.0,10.2,Non-Metro
Dec-2024,FY25,Jaipur,Rajasthan,Ugaoo Website,225,217938,989,269,72,99,18,8.0,6,23.5,19.2,Non-Metro
Dec-2024,FY25,Jaipur,Rajasthan,Blinkit,161,148402,912,177,46,56,14,9.2,5,28.0,14.8,Non-Metro
Dec-2024,FY25,Jaipur,Rajasthan,Zepto,130,207388,1559,151,30,70,9,7.3,3,31.9,16.0,Non-Metro
Dec-2024,FY25,Jaipur,Rajasthan,Retail Store,267,253186,965,476,54,98,32,12.0,12,40.4,10.0,Non-Metro
Dec-2024,FY25,Jaipur,Rajasthan,Corporate Gifting,122,181892,1519,158,28,38,14,11.7,6,20.3,18.8,Non-Metro
Dec-2024,FY25,Jaipur,Rajasthan,Meesho,56,50204,875,93,18,17,5,9.7,3,23.6,18.6,Non-Metro
Dec-2024,FY25,Gurgaon,Haryana,Amazon,375,479664,1278,602,105,123,29,7.8,15,27.7,5.7,Non-Metro
Dec-2024,FY25,Gurgaon,Haryana,Flipkart,363,495279,1361,552,139,195,18,5.2,15,42.7,18.0,Non-Metro
Dec-2024,FY25,Gurgaon,Haryana,Ugaoo Website,278,242661,860,368,57,149,31,11.2,16,42.2,11.7,Non-Metro
Dec-2024,FY25,Gurgaon,Haryana,Blinkit,143,148007,1011,244,56,73,11,7.8,5,21.3,19.3,Non-Metro
Dec-2024,FY25,Gurgaon,Haryana,Zepto,134,196933,1451,233,53,57,7,5.6,6,21.1,12.0,Non-Metro
Dec-2024,FY25,Gurgaon,Haryana,Retail Store,176,232827,1312,214,52,71,16,9.5,10,44.5,16.7,Non-Metro
Dec-2024,FY25,Gurgaon,Haryana,Corporate Gifting,144,122468,879,230,55,67,7,5.2,5,33.1,14.7,Non-Metro
Dec-2024,FY25,Gurgaon,Haryana,Meesho,38,47399,1325,50,9,15,2,6.8,1,23.0,15.5,Non-Metro
Dec-2024,FY25,Noida,Uttar Pradesh,Amazon,184,191179,1040,205,52,94,19,10.6,9,27.2,14.3,Non-Metro
Dec-2024,FY25,Noida,Uttar Pradesh,Flipkart,156,169159,1062,275,42,62,20,12.9,8,36.3,19.5,Non-Metro
Dec-2024,FY25,Noida,Uttar Pradesh,Ugaoo Website,142,150524,1055,195,29,65,9,6.5,4,41.3,9.4,Non-Metro
Dec-2024,FY25,Noida,Uttar Pradesh,Blinkit,27,26435,1034,33,8,12,1,7.2,0,20.4,16.0,Non-Metro
Dec-2024,FY25,Noida,Uttar Pradesh,Zepto,63,99880,1558,99,20,23,7,11.6,3,38.5,5.9,Non-Metro
Dec-2024,FY25,Noida,Uttar Pradesh,Retail Store,227,263993,1160,272,45,89,15,7.0,12,29.6,19.2,Non-Metro
Dec-2024,FY25,Noida,Uttar Pradesh,Corporate Gifting,58,56140,1042,65,19,25,7,12.9,2,35.0,19.5,Non-Metro
Dec-2024,FY25,Noida,Uttar Pradesh,Meesho,24,27277,1291,39,5,10,1,6.3,1,41.7,19.4,Non-Metro
Dec-2024,FY25,Nashik,Maharashtra,Amazon,113,168807,1471,203,29,47,7,6.5,3,31.6,16.0,Non-Metro
Dec-2024,FY25,Nashik,Maharashtra,Flipkart,136,161160,1182,226,51,74,14,10.8,4,32.1,19.1,Non-Metro
Dec-2024,FY25,Nashik,Maharashtra,Ugaoo Website,145,184551,1260,254,52,44,17,11.8,8,29.4,5.2,Non-Metro
Dec-2024,FY25,Nashik,Maharashtra,Blinkit,63,95394,1571,85,16,30,7,12.6,2,23.1,9.3,Non-Metro
Dec-2024,FY25,Nashik,Maharashtra,Zepto,42,57420,1433,74,8,13,2,6.4,1,41.4,13.1,Non-Metro
Dec-2024,FY25,Nashik,Maharashtra,Retail Store,140,135734,988,188,31,67,16,12.1,7,28.2,5.8,Non-Metro
Dec-2024,FY25,Nashik,Maharashtra,Corporate Gifting,63,80963,1259,112,21,30,3,5.9,3,27.9,9.2,Non-Metro
Dec-2024,FY25,Nashik,Maharashtra,Meesho,24,21455,1008,37,6,8,2,11.5,0,36.1,9.5,Non-Metro
Dec-2024,FY25,Bhopal,Madhya Pradesh,Amazon,136,212875,1572,195,53,41,11,8.8,3,34.3,7.2,Non-Metro
Dec-2024,FY25,Bhopal,Madhya Pradesh,Flipkart,178,261393,1453,257,46,58,14,7.9,4,30.2,14.5,Non-Metro
Dec-2024,FY25,Bhopal,Madhya Pradesh,Ugaoo Website,162,258624,1584,194,60,49,19,11.8,5,36.9,6.7,Non-Metro
Dec-2024,FY25,Bhopal,Madhya Pradesh,Blinkit,66,92759,1461,94,19,19,3,6.0,2,34.6,5.7,Non-Metro
Dec-2024,FY25,Bhopal,Madhya Pradesh,Zepto,62,69557,1089,99,13,27,6,11.1,3,27.1,9.6,Non-Metro
Dec-2024,FY25,Bhopal,Madhya Pradesh,Retail Store,122,122201,1016,198,43,46,15,12.4,2,26.1,19.2,Non-Metro
Dec-2024,FY25,Bhopal,Madhya Pradesh,Corporate Gifting,69,82813,1220,91,21,37,8,12.9,3,40.9,16.4,Non-Metro
Dec-2024,FY25,Bhopal,Madhya Pradesh,Meesho,28,37719,1459,34,5,10,2,9.5,1,28.6,11.8,Non-Metro
Dec-2024,FY25,Indore,Madhya Pradesh,Amazon,198,193244,994,276,55,96,20,10.6,5,31.9,5.8,Non-Metro
Dec-2024,FY25,Indore,Madhya Pradesh,Flipkart,108,107237,1011,185,33,51,11,10.5,3,23.9,14.1,Non-Metro
Dec-2024,FY25,Indore,Madhya Pradesh,Ugaoo Website,144,157790,1121,253,39,59,9,6.9,3,19.4,19.0,Non-Metro
Dec-2024,FY25,Indore,Madhya Pradesh,Blinkit,83,85836,1050,146,32,39,4,5.8,2,22.9,7.2,Non-Metro
Dec-2024,FY25,Indore,Madhya Pradesh,Zepto,62,104042,1598,106,17,21,3,5.4,1,34.0,16.5,Non-Metro
Dec-2024,FY25,Indore,Madhya Pradesh,Retail Store,165,145736,909,269,31,68,18,11.5,6,38.0,11.9,Non-Metro
Dec-2024,FY25,Indore,Madhya Pradesh,Corporate Gifting,89,143384,1584,154,30,31,6,6.9,2,20.4,8.1,Non-Metro
Dec-2024,FY25,Indore,Madhya Pradesh,Meesho,28,42421,1436,43,8,10,3,11.5,1,34.9,7.5,Non-Metro
Jan-2025,FY25,Bengaluru,Karnataka,Amazon,3509,3846982,1095,3903,1323,1689,315,9.0,166,21.8,6.0,Metro
Jan-2025,FY25,Bengaluru,Karnataka,Flipkart,2681,2739730,1023,3320,884,1392,292,10.9,157,19.5,14.9,Metro
Jan-2025,FY25,Bengaluru,Karnataka,Ugaoo Website,2006,2557592,1276,3504,521,660,128,6.4,64,41.0,8.7,Metro
Jan-2025,FY25,Bengaluru,Karnataka,Blinkit,1203,1186271,987,1573,442,380,84,7.0,33,36.2,11.0,Metro
Jan-2025,FY25,Bengaluru,Karnataka,Zepto,1510,1391067,918,2289,632,658,95,6.3,44,25.8,9.2,Metro
Jan-2025,FY25,Bengaluru,Karnataka,Retail Store,3258,2798056,859,5255,813,1561,368,11.3,140,24.9,15.2,Metro
Jan-2025,FY25,Bengaluru,Karnataka,Corporate Gifting,1601,2122289,1323,2791,314,670,152,9.5,50,32.1,5.6,Metro
Jan-2025,FY25,Bengaluru,Karnataka,Meesho,556,675793,1214,677,222,192,53,9.7,19,31.6,12.6,Metro
Jan-2025,FY25,Mumbai,Maharashtra,Amazon,3831,5577088,1456,5506,1561,2009,402,10.5,177,40.2,7.2,Metro
Jan-2025,FY25,Mumbai,Maharashtra,Flipkart,2686,2813156,1046,4761,852,1320,233,8.7,97,25.8,19.3,Metro
Jan-2025,FY25,Mumbai,Maharashtra,Ugaoo Website,2532,3742774,1480,4051,678,1125,151,6.0,115,25.7,13.1,Metro
Jan-2025,FY25,Mumbai,Maharashtra,Blinkit,1401,2046481,1463,2168,545,458,99,7.1,66,44.5,15.5,Metro
Jan-2025,FY25,Mumbai,Maharashtra,Zepto,977,1526330,1564,1212,298,519,80,8.2,33,42.0,15.1,Metro
Jan-2025,FY25,Mumbai,Maharashtra,Retail Store,2705,3995795,1476,3932,657,886,308,11.4,85,29.7,12.3,Metro
Jan-2025,FY25,Mumbai,Maharashtra,Corporate Gifting,1284,1143172,889,1501,427,631,136,10.6,44,35.2,13.1,Metro
Jan-2025,FY25,Mumbai,Maharashtra,Meesho,475,652188,1374,578,154,220,33,7.0,16,34.2,9.1,Metro
Jan-2025,FY25,Delhi,Delhi,Amazon,2301,3239575,1409,3214,572,809,248,10.8,99,40.6,14.6,Metro
Jan-2025,FY25,Delhi,Delhi,Flipkart,1311,2021906,1545,1684,331,461,169,12.9,35,38.5,7.3,Metro
Jan-2025,FY25,Delhi,Delhi,Ugaoo Website,1735,2734192,1575,2569,666,684,170,9.8,89,24.3,19.5,Metro
Jan-2025,FY25,Delhi,Delhi,Blinkit,885,1404502,1592,1330,265,371,93,10.6,25,44.6,14.1,Metro
Jan-2025,FY25,Delhi,Delhi,Zepto,773,816920,1052,1266,262,283,83,10.8,16,19.7,5.6,Metro
Jan-2025,FY25,Delhi,Delhi,Retail Store,1761,2645252,1501,2519,651,616,170,9.7,97,20.7,15.2,Metro
Jan-2025,FY25,Delhi,Delhi,Corporate Gifting,1095,1325678,1210,1761,342,386,118,10.8,40,27.3,17.4,Metro
Jan-2025,FY25,Delhi,Delhi,Meesho,326,316317,984,445,127,142,25,7.9,16,22.1,8.2,Metro
Jan-2025,FY25,Pune,Maharashtra,Amazon,1731,2097547,1211,2021,498,614,173,10.0,100,36.0,6.2,Metro
Jan-2025,FY25,Pune,Maharashtra,Flipkart,2009,1736555,866,3337,698,1037,208,10.4,61,20.6,6.1,Metro
Jan-2025,FY25,Pune,Maharashtra,Ugaoo Website,1281,1174327,915,2247,523,461,78,6.1,57,25.2,15.7,Metro
Jan-2025,FY25,Pune,Maharashtra,Blinkit,685,880400,1284,1006,200,323,52,7.6,17,26.8,18.9,Metro
Jan-2025,FY25,Pune,Maharashtra,Zepto,581,863527,1489,937,159,191,35,6.1,25,30.4,16.7,Metro
Jan-2025,FY25,Pune,Maharashtra,Retail Store,1358,1210791,893,1955,393,737,131,9.7,46,43.8,13.9,Metro
Jan-2025,FY25,Pune,Maharashtra,Corporate Gifting,798,1157482,1454,1215,196,372,71,8.9,33,42.6,11.1,Metro
Jan-2025,FY25,Pune,Maharashtra,Meesho,215,268407,1249,246,73,87,16,7.9,8,18.9,13.2,Metro
Jan-2025,FY25,Hyderabad,Telangana,Amazon,1722,1980754,1150,2235,520,846,108,6.3,41,40.0,12.0,Metro
Jan-2025,FY25,Hyderabad,Telangana,Flipkart,847,1262603,1489,1202,286,358,100,11.9,39,27.8,11.1,Metro
Jan-2025,FY25,Hyderabad,Telangana,Ugaoo Website,834,962724,1149,1136,223,414,43,5.2,41,33.9,7.1,Metro
Jan-2025,FY25,Hyderabad,Telangana,Blinkit,448,395937,873,611,106,173,26,5.9,11,28.8,5.8,Metro
Jan-2025,FY25,Hyderabad,Telangana,Zepto,487,725373,1491,768,111,193,29,6.1,24,25.2,12.8,Metro
Jan-2025,FY25,Hyderabad,Telangana,Retail Store,1382,1604615,1160,1524,482,414,156,11.3,63,42.6,19.4,Metro
Jan-2025,FY25,Hyderabad,Telangana,Corporate Gifting,626,627134,1008,762,225,291,75,12.1,32,41.7,13.0,Metro
Jan-2025,FY25,Hyderabad,Telangana,Meesho,172,176280,1042,294,69,85,16,9.4,4,28.4,13.0,Metro
Jan-2025,FY25,Chennai,Tamil Nadu,Amazon,957,1466630,1537,1301,400,336,92,9.7,44,29.2,5.7,Non-Metro
Jan-2025,FY25,Chennai,Tamil Nadu,Flipkart,771,741819,966,1130,266,402,87,11.4,22,31.0,16.2,Non-Metro
Jan-2025,FY25,Chennai,Tamil Nadu,Ugaoo Website,605,921411,1522,741,196,200,42,7.1,28,32.6,19.7,Non-Metro
Jan-2025,FY25,Chennai,Tamil Nadu,Blinkit,444,445021,1007,577,134,202,34,7.7,21,32.0,18.3,Non-Metro
Jan-2025,FY25,Chennai,Tamil Nadu,Zepto,238,240122,990,358,59,114,16,6.8,13,32.2,10.7,Non-Metro
Jan-2025,FY25,Chennai,Tamil Nadu,Retail Store,754,1021740,1354,1177,268,278,64,8.6,16,35.5,11.6,Non-Metro
Jan-2025,FY25,Chennai,Tamil Nadu,Corporate Gifting,421,552335,1323,512,158,149,31,7.4,20,20.4,17.0,Non-Metro
Jan-2025,FY25,Chennai,Tamil Nadu,Meesho,158,191138,1179,257,52,83,17,10.9,7,36.5,11.6,Non-Metro
Jan-2025,FY25,Kolkata,West Bengal,Amazon,726,866693,1199,1277,135,369,76,10.6,27,41.6,18.9,Non-Metro
Jan-2025,FY25,Kolkata,West Bengal,Flipkart,702,658683,935,947,270,358,59,8.5,32,33.2,12.0,Non-Metro
Jan-2025,FY25,Kolkata,West Bengal,Ugaoo Website,321,336783,1047,398,93,116,18,5.9,13,22.6,17.6,Non-Metro
Jan-2025,FY25,Kolkata,West Bengal,Blinkit,260,385477,1477,418,69,108,24,9.6,13,30.9,19.6,Non-Metro
Jan-2025,FY25,Kolkata,West Bengal,Zepto,190,241751,1291,308,65,68,22,11.6,5,29.1,13.2,Non-Metro
Jan-2025,FY25,Kolkata,West Bengal,Retail Store,509,772420,1511,862,103,191,37,7.4,18,20.6,19.3,Non-Metro
Jan-2025,FY25,Kolkata,West Bengal,Corporate Gifting,287,359143,1262,373,71,88,20,7.2,7,36.6,15.3,Non-Metro
Jan-2025,FY25,Kolkata,West Bengal,Meesho,110,171703,1555,178,23,59,12,11.5,3,39.7,9.5,Non-Metro
Jan-2025,FY25,Ahmedabad,Gujarat,Amazon,577,763100,1323,675,215,301,55,9.7,19,28.9,6.2,Non-Metro
Jan-2025,FY25,Ahmedabad,Gujarat,Flipkart,257,299720,1165,391,51,98,32,12.8,10,24.7,18.6,Non-Metro
Jan-2025,FY25,Ahmedabad,Gujarat,Ugaoo Website,387,504858,1315,668,109,138,20,5.3,20,42.8,9.0,Non-Metro
Jan-2025,FY25,Ahmedabad,Gujarat,Blinkit,187,272735,1443,228,45,101,16,8.8,9,27.5,5.4,Non-Metro
Jan-2025,FY25,Ahmedabad,Gujarat,Zepto,148,136201,911,206,48,63,13,9.1,8,42.5,18.8,Non-Metro
Jan-2025,FY25,Ahmedabad,Gujarat,Retail Store,242,353610,1464,349,56,74,24,10.3,7,33.9,11.6,Non-Metro
Jan-2025,FY25,Ahmedabad,Gujarat,Corporate Gifting,192,183438,930,252,40,78,21,11.2,5,34.4,19.8,Non-Metro
Jan-2025,FY25,Ahmedabad,Gujarat,Meesho,66,71679,1063,90,24,21,4,6.1,3,31.9,14.1,Non-Metro
Jan-2025,FY25,Jaipur,Rajasthan,Amazon,330,504700,1542,376,103,164,41,12.5,19,24.3,5.0,Non-Metro
Jan-2025,FY25,Jaipur,Rajasthan,Flipkart,215,294221,1350,254,73,78,25,12.0,7,35.1,6.3,Non-Metro
Jan-2025,FY25,Jaipur,Rajasthan,Ugaoo Website,314,330367,1039,471,130,100,29,9.4,7,34.9,8.3,Non-Metro
Jan-2025,FY25,Jaipur,Rajasthan,Blinkit,89,124370,1431,160,29,37,9,10.6,3,22.6,7.7,Non-Metro
Jan-2025,FY25,Jaipur,Rajasthan,Zepto,143,154495,1058,170,52,64,8,5.6,7,26.9,6.6,Non-Metro
Jan-2025,FY25,Jaipur,Rajasthan,Retail Store,330,368380,1118,553,89,102,35,10.7,7,20.5,12.9,Non-Metro
Jan-2025,FY25,Jaipur,Rajasthan,Corporate Gifting,133,127142,988,177,44,47,13,9.9,6,32.1,6.8,Non-Metro
Jan-2025,FY25,Jaipur,Rajasthan,Meesho,51,68649,1298,88,18,19,3,6.4,1,31.3,13.4,Non-Metro
Jan-2025,FY25,Gurgaon,Haryana,Amazon,447,440366,992,625,124,230,50,11.3,11,21.7,8.0,Non-Metro
Jan-2025,FY25,Gurgaon,Haryana,Flipkart,249,359522,1446,359,48,100,27,10.9,5,37.9,16.3,Non-Metro
Jan-2025,FY25,Gurgaon,Haryana,Ugaoo Website,249,338365,1362,442,78,101,29,12.0,7,41.5,19.7,Non-Metro
Jan-2025,FY25,Gurgaon,Haryana,Blinkit,88,109396,1196,152,20,27,4,5.3,4,27.3,7.3,Non-Metro
Jan-2025,FY25,Gurgaon,Haryana,Zepto,104,132914,1244,148,37,32,6,6.1,4,20.3,15.2,Non-Metro
Jan-2025,FY25,Gurgaon,Haryana,Retail Store,233,206822,896,281,92,99,20,8.6,8,22.7,12.6,Non-Metro
Jan-2025,FY25,Gurgaon,Haryana,Corporate Gifting,121,167662,1353,190,25,55,9,8.1,7,27.8,19.0,Non-Metro
Jan-2025,FY25,Gurgaon,Haryana,Meesho,37,33884,867,60,10,16,4,12.1,1,25.5,10.7,Non-Metro
Jan-2025,FY25,Noida,Uttar Pradesh,Amazon,191,193384,1003,303,56,86,9,5.2,7,31.3,14.0,Non-Metro
Jan-2025,FY25,Noida,Uttar Pradesh,Flipkart,101,90445,856,119,38,48,6,6.8,2,42.4,18.6,Non-Metro
Jan-2025,FY25,Noida,Uttar Pradesh,Ugaoo Website,116,135499,1190,187,37,60,10,9.1,3,41.0,8.9,Non-Metro
Jan-2025,FY25,Noida,Uttar Pradesh,Blinkit,55,58829,1017,62,19,24,4,7.4,2,42.3,13.9,Non-Metro
Jan-2025,FY25,Noida,Uttar Pradesh,Zepto,33,41123,1223,49,10,17,3,9.1,1,23.6,19.7,Non-Metro
Jan-2025,FY25,Noida,Uttar Pradesh,Retail Store,130,197368,1536,226,41,62,16,12.9,4,33.1,19.3,Non-Metro
Jan-2025,FY25,Noida,Uttar Pradesh,Corporate Gifting,69,112001,1563,101,24,36,4,7.2,3,34.3,8.4,Non-Metro
Jan-2025,FY25,Noida,Uttar Pradesh,Meesho,28,39752,1498,44,5,12,2,7.7,0,23.6,15.4,Non-Metro
Jan-2025,FY25,Nashik,Maharashtra,Amazon,176,180662,999,198,71,80,16,9.3,7,20.8,13.9,Non-Metro
Jan-2025,FY25,Nashik,Maharashtra,Flipkart,129,114734,916,231,24,39,11,8.8,6,36.9,16.4,Non-Metro
Jan-2025,FY25,Nashik,Maharashtra,Ugaoo Website,85,115110,1307,152,30,31,7,9.2,3,32.6,18.1,Non-Metro
Jan-2025,FY25,Nashik,Maharashtra,Blinkit,57,68868,1255,78,11,17,5,10.5,1,44.1,17.4,Non-Metro
Jan-2025,FY25,Nashik,Maharashtra,Zepto,56,53076,873,81,21,20,5,10.7,2,24.2,9.8,Non-Metro
Jan-2025,FY25,Nashik,Maharashtra,Retail Store,157,206997,1298,211,52,72,9,6.1,3,30.1,9.5,Non-Metro
Jan-2025,FY25,Nashik,Maharashtra,Corporate Gifting,40,52584,1192,53,10,14,3,9.5,1,44.5,19.9,Non-Metro
Jan-2025,FY25,Nashik,Maharashtra,Meesho,20,25707,1386,35,4,6,1,8.5,0,44.9,18.0,Non-Metro
Jan-2025,FY25,Bhopal,Madhya Pradesh,Amazon,190,192048,1023,312,43,64,16,8.5,5,40.6,10.2,Non-Metro
Jan-2025,FY25,Bhopal,Madhya Pradesh,Flipkart,127,108032,859,171,52,45,13,10.6,4,37.2,19.5,Non-Metro
Jan-2025,FY25,Bhopal,Madhya Pradesh,Ugaoo Website,134,202167,1495,201,48,47,8,6.2,6,40.0,14.0,Non-Metro
Jan-2025,FY25,Bhopal,Madhya Pradesh,Blinkit,74,63214,885,98,25,40,8,11.3,3,30.9,12.4,Non-Metro
Jan-2025,FY25,Bhopal,Madhya Pradesh,Zepto,46,53316,1199,67,8,21,5,10.9,1,38.2,6.8,Non-Metro
Jan-2025,FY25,Bhopal,Madhya Pradesh,Retail Store,159,211758,1356,217,45,49,13,8.4,5,36.8,12.9,Non-Metro
Jan-2025,FY25,Bhopal,Madhya Pradesh,Corporate Gifting,59,60727,1020,98,13,30,5,9.2,3,41.9,11.6,Non-Metro
Jan-2025,FY25,Bhopal,Madhya Pradesh,Meesho,22,22206,984,28,6,9,1,7.7,0,18.3,11.5,Non-Metro
Jan-2025,FY25,Indore,Madhya Pradesh,Amazon,121,161979,1328,181,34,56,13,10.9,2,37.4,16.6,Non-Metro
Jan-2025,FY25,Indore,Madhya Pradesh,Flipkart,116,108715,930,199,33,47,11,9.9,6,44.8,6.4,Non-Metro
Jan-2025,FY25,Indore,Madhya Pradesh,Ugaoo Website,127,112268,922,222,51,63,14,11.3,5,23.9,11.8,Non-Metro
Jan-2025,FY25,Indore,Madhya Pradesh,Blinkit,73,92128,1248,113,24,25,6,8.7,2,30.7,13.8,Non-Metro
Jan-2025,FY25,Indore,Madhya Pradesh,Zepto,35,45128,1367,56,11,12,2,6.6,1,43.9,13.7,Non-Metro
Jan-2025,FY25,Indore,Madhya Pradesh,Retail Store,160,182501,1166,212,62,68,18,11.5,9,42.4,5.9,Non-Metro
Jan-2025,FY25,Indore,Madhya Pradesh,Corporate Gifting,72,61786,870,86,16,34,6,8.7,2,27.7,8.2,Non-Metro
Jan-2025,FY25,Indore,Madhya Pradesh,Meesho,22,35127,1375,26,4,6,1,8.7,1,24.7,10.3,Non-Metro
Feb-2025,FY25,Bengaluru,Karnataka,Amazon,5133,7889721,1537,7788,1261,2760,538,10.5,232,21.2,6.1,Metro
Feb-2025,FY25,Bengaluru,Karnataka,Flipkart,3113,4248290,1364,4191,712,1264,255,8.2,130,37.5,10.5,Metro
Feb-2025,FY25,Bengaluru,Karnataka,Ugaoo Website,2835,3227001,1139,3706,927,1229,204,7.2,140,32.6,11.5,Metro
Feb-2025,FY25,Bengaluru,Karnataka,Blinkit,1158,1504302,1295,1754,247,632,92,8.0,41,32.5,13.1,Metro
Feb-2025,FY25,Bengaluru,Karnataka,Zepto,1201,1888797,1576,1437,281,391,141,11.8,55,43.8,12.9,Metro
Feb-2025,FY25,Bengaluru,Karnataka,Retail Store,2892,3769682,1305,3579,878,993,355,12.3,90,28.8,14.8,Metro
Feb-2025,FY25,Bengaluru,Karnataka,Corporate Gifting,1330,1229092,921,2339,548,672,99,7.5,74,26.0,7.8,Metro
Feb-2025,FY25,Bengaluru,Karnataka,Meesho,584,693757,1196,772,112,238,59,10.2,22,26.4,19.5,Metro
Feb-2025,FY25,Mumbai,Maharashtra,Amazon,2694,3639211,1351,3357,555,867,202,7.5,154,27.5,18.6,Metro
Feb-2025,FY25,Mumbai,Maharashtra,Flipkart,1900,2495395,1313,2541,404,859,176,9.3,64,33.9,11.1,Metro
Feb-2025,FY25,Mumbai,Maharashtra,Ugaoo Website,1935,2649561,1369,3033,459,1023,178,9.2,46,26.0,16.4,Metro
Feb-2025,FY25,Mumbai,Maharashtra,Blinkit,843,1073246,1268,1062,316,309,63,7.5,17,30.6,17.1,Metro
Feb-2025,FY25,Mumbai,Maharashtra,Zepto,1439,2062165,1431,2573,426,455,97,6.8,48,28.3,18.2,Metro
Feb-2025,FY25,Mumbai,Maharashtra,Retail Store,2435,3266404,1342,2684,988,1008,287,11.8,56,20.2,6.7,Metro
Feb-2025,FY25,Mumbai,Maharashtra,Corporate Gifting,983,1197822,1218,1453,224,399,107,10.9,20,18.3,5.0,Metro
Feb-2025,FY25,Mumbai,Maharashtra,Meesho,453,513510,1139,691,171,138,38,8.5,24,28.7,11.4,Metro
Feb-2025,FY25,Delhi,Delhi,Amazon,2182,2869584,1316,2739,744,1185,266,12.2,71,43.8,16.4,Metro
Feb-2025,FY25,Delhi,Delhi,Flipkart,1433,1464918,1019,2372,563,564,121,8.5,38,19.7,18.9,Metro
Feb-2025,FY25,Delhi,Delhi,Ugaoo Website,1118,1280548,1142,1603,211,582,69,6.2,48,40.2,18.2,Metro
Feb-2025,FY25,Delhi,Delhi,Blinkit,609,577155,947,688,244,209,32,5.4,32,41.1,19.3,Metro
Feb-2025,FY25,Delhi,Delhi,Zepto,630,675148,1072,1040,251,302,81,12.9,32,31.4,17.5,Metro
Feb-2025,FY25,Delhi,Delhi,Retail Store,849,775050,916,1467,269,394,58,6.9,36,29.6,8.5,Metro
Feb-2025,FY25,Delhi,Delhi,Corporate Gifting,710,723006,1015,1194,263,243,73,10.3,19,32.6,10.9,Metro
Feb-2025,FY25,Delhi,Delhi,Meesho,376,350341,929,473,80,164,45,12.2,15,28.0,19.9,Metro
Feb-2025,FY25,Pune,Maharashtra,Amazon,1319,1494344,1134,1775,511,665,138,10.5,71,26.4,15.9,Metro
Feb-2025,FY25,Pune,Maharashtra,Flipkart,1216,1826718,1504,1875,458,595,147,12.1,54,19.4,20.0,Metro
Feb-2025,FY25,Pune,Maharashtra,Ugaoo Website,1837,2656744,1447,2848,672,937,178,9.7,104,19.8,6.5,Metro
Feb-2025,FY25,Pune,Maharashtra,Blinkit,701,969961,1390,1042,253,285,82,11.7,30,18.2,9.9,Metro
Feb-2025,FY25,Pune,Maharashtra,Zepto,442,428314,966,566,139,221,39,9.0,20,43.9,5.7,Metro
Feb-2025,FY25,Pune,Maharashtra,Retail Store,1472,2256367,1536,2570,552,649,176,12.0,85,38.5,11.9,Metro
Feb-2025,FY25,Pune,Maharashtra,Corporate Gifting,465,631492,1355,625,102,242,46,10.0,17,28.5,18.3,Metro
Feb-2025,FY25,Pune,Maharashtra,Meesho,221,232003,1048,315,73,92,13,6.2,4,38.3,19.0,Metro
Feb-2025,FY25,Hyderabad,Telangana,Amazon,1394,2202938,1577,1570,577,634,101,7.3,29,31.3,13.5,Metro
Feb-2025,FY25,Hyderabad,Telangana,Flipkart,1062,1651662,1556,1762,370,516,109,10.3,32,30.7,5.3,Metro
Feb-2025,FY25,Hyderabad,Telangana,Ugaoo Website,866,1047803,1207,1185,264,393,82,9.5,28,29.6,14.2,Metro
Feb-2025,FY25,Hyderabad,Telangana,Blinkit,347,420221,1204,612,138,155,29,8.6,19,37.1,17.0,Metro
Feb-2025,FY25,Hyderabad,Telangana,Zepto,318,471188,1483,382,73,132,37,11.8,8,43.8,9.4,Metro
Feb-2025,FY25,Hyderabad,Telangana,Retail Store,1144,1750869,1531,1264,441,543,65,5.7,32,19.6,18.9,Metro
Feb-2025,FY25,Hyderabad,Telangana,Corporate Gifting,467,536996,1147,557,98,216,58,12.6,9,42.0,19.8,Metro
Feb-2025,FY25,Hyderabad,Telangana,Meesho,132,192884,1454,176,31,59,7,6.0,6,42.6,17.4,Metro
Feb-2025,FY25,Chennai,Tamil Nadu,Amazon,739,918655,1246,1079,268,375,51,7.0,31,23.3,6.8,Non-Metro
Feb-2025,FY25,Chennai,Tamil Nadu,Flipkart,823,745976,905,1407,185,435,53,6.5,22,41.0,10.2,Non-Metro
Feb-2025,FY25,Chennai,Tamil Nadu,Ugaoo Website,517,554197,1068,921,111,282,62,12.0,23,32.5,13.6,Non-Metro
Feb-2025,FY25,Chennai,Tamil Nadu,Blinkit,416,628424,1504,563,131,183,21,5.1,18,36.4,7.1,Non-Metro
Feb-2025,FY25,Chennai,Tamil Nadu,Zepto,246,301995,1217,310,98,81,26,10.6,5,40.0,6.5,Non-Metro
Feb-2025,FY25,Chennai,Tamil Nadu,Retail Store,697,698526,996,829,276,383,59,8.5,28,42.9,12.0,Non-Metro
Feb-2025,FY25,Chennai,Tamil Nadu,Corporate Gifting,356,397814,1125,537,134,108,20,5.7,9,26.0,9.1,Non-Metro
Feb-2025,FY25,Chennai,Tamil Nadu,Meesho,152,210828,1359,269,53,70,19,12.7,6,23.7,17.4,Non-Metro
Feb-2025,FY25,Kolkata,West Bengal,Amazon,745,1048968,1403,1241,158,324,38,5.2,33,37.1,10.0,Non-Metro
Feb-2025,FY25,Kolkata,West Bengal,Flipkart,475,685603,1447,622,95,147,34,7.2,16,40.1,16.9,Non-Metro
Feb-2025,FY25,Kolkata,West Bengal,Ugaoo Website,610,759991,1253,1058,143,217,34,5.6,30,34.9,6.9,Non-Metro
Feb-2025,FY25,Kolkata,West Bengal,Blinkit,231,238735,1026,258,96,112,23,10.3,9,18.5,6.7,Non-Metro
Feb-2025,FY25,Kolkata,West Bengal,Zepto,231,268710,1153,313,69,102,15,6.5,7,43.9,13.4,Non-Metro
Feb-2025,FY25,Kolkata,West Bengal,Retail Store,402,513380,1281,654,100,151,31,7.9,21,28.8,10.3,Non-Metro
Feb-2025,FY25,Kolkata,West Bengal,Corporate Gifting,219,253746,1156,321,65,88,27,12.4,11,44.9,6.3,Non-Metro
Feb-2025,FY25,Kolkata,West Bengal,Meesho,62,72529,1222,104,19,30,5,8.5,2,40.8,16.6,Non-Metro
Feb-2025,FY25,Ahmedabad,Gujarat,Amazon,401,575670,1436,620,82,147,44,11.1,14,32.1,9.0,Non-Metro
Feb-2025,FY25,Ahmedabad,Gujarat,Flipkart,388,588449,1522,564,149,160,21,5.6,16,20.4,10.9,Non-Metro
Feb-2025,FY25,Ahmedabad,Gujarat,Ugaoo Website,348,430479,1238,504,77,170,31,9.1,11,26.2,11.0,Non-Metro
Feb-2025,FY25,Ahmedabad,Gujarat,Blinkit,176,193592,1075,229,63,87,11,6.6,4,21.2,8.9,Non-Metro
Feb-2025,FY25,Ahmedabad,Gujarat,Zepto,138,201704,1457,227,55,65,17,12.4,7,37.1,12.6,Non-Metro
Feb-2025,FY25,Ahmedabad,Gujarat,Retail Store,408,591208,1442,527,127,141,28,7.0,14,23.0,13.0,Non-Metro
Feb-2025,FY25,Ahmedabad,Gujarat,Corporate Gifting,177,162320,892,220,68,55,12,7.1,7,33.6,11.7,Non-Metro
Feb-2025,FY25,Ahmedabad,Gujarat,Meesho,48,48030,1020,67,12,23,6,12.6,2,34.7,7.9,Non-Metro
Feb-2025,FY25,Jaipur,Rajasthan,Amazon,379,560218,1487,495,104,170,30,8.0,22,23.5,19.5,Non-Metro
Feb-2025,FY25,Jaipur,Rajasthan,Flipkart,220,301052,1385,322,54,94,23,10.9,12,41.7,5.3,Non-Metro
Feb-2025,FY25,Jaipur,Rajasthan,Ugaoo Website,199,296334,1501,291,81,104,11,5.7,5,38.8,5.5,Non-Metro
Feb-2025,FY25,Jaipur,Rajasthan,Blinkit,101,82736,859,124,35,43,6,6.4,3,42.2,5.9,Non-Metro
Feb-2025,FY25,Jaipur,Rajasthan,Zepto,118,163465,1348,153,35,58,8,7.1,3,38.7,5.5,Non-Metro
Feb-2025,FY25,Jaipur,Rajasthan,Retail Store,182,262314,1448,240,35,90,17,9.7,7,37.4,8.4,Non-Metro
Feb-2025,FY25,Jaipur,Rajasthan,Corporate Gifting,107,154353,1400,156,33,38,5,5.0,2,39.7,8.8,Non-Metro
Feb-2025,FY25,Jaipur,Rajasthan,Meesho,36,42982,1112,47,7,17,3,11.0,1,32.9,10.0,Non-Metro
Feb-2025,FY25,Gurgaon,Haryana,Amazon,203,240052,1186,355,82,80,14,7.3,10,41.5,18.6,Non-Metro
Feb-2025,FY25,Gurgaon,Haryana,Flipkart,241,282643,1166,414,80,79,17,7.4,14,35.1,8.0,Non-Metro
Feb-2025,FY25,Gurgaon,Haryana,Ugaoo Website,170,265855,1552,272,62,58,9,5.7,4,38.6,8.6,Non-Metro
Feb-2025,FY25,Gurgaon,Haryana,Blinkit,58,49921,936,93,17,18,6,11.3,2,24.2,17.8,Non-Metro
Feb-2025,FY25,Gurgaon,Haryana,Zepto,83,107907,1248,123,16,41,4,5.2,4,20.1,10.6,Non-Metro
Feb-2025,FY25,Gurgaon,Haryana,Retail Store,229,244107,1065,399,78,71,28,12.5,11,44.5,11.3,Non-Metro
Feb-2025,FY25,Gurgaon,Haryana,Corporate Gifting,95,141123,1464,159,29,31,9,10.5,5,25.0,14.8,Non-Metro
Feb-2025,FY25,Gurgaon,Haryana,Meesho,32,52758,1595,44,12,11,3,10.3,0,41.3,17.0,Non-Metro
Feb-2025,FY25,Noida,Uttar Pradesh,Amazon,114,178577,1551,186,20,62,14,12.3,4,19.5,18.8,Non-Metro
Feb-2025,FY25,Noida,Uttar Pradesh,Flipkart,99,109019,1090,172,23,37,5,5.1,3,30.2,15.3,Non-Metro
Feb-2025,FY25,Noida,Uttar Pradesh,Ugaoo Website,103,88289,899,160,42,42,10,10.0,4,32.2,8.3,Non-Metro
Feb-2025,FY25,Noida,Uttar Pradesh,Blinkit,51,59423,1124,57,18,27,4,9.6,1,31.8,8.3,Non-Metro
Feb-2025,FY25,Noida,Uttar Pradesh,Zepto,50,44351,900,60,11,19,6,12.1,2,36.8,17.6,Non-Metro
Feb-2025,FY25,Noida,Uttar Pradesh,Retail Store,84,106860,1292,133,16,43,7,8.4,3,33.0,5.8,Non-Metro
Feb-2025,FY25,Noida,Uttar Pradesh,Corporate Gifting,51,56625,1200,76,16,24,2,5.8,1,23.0,15.5,Non-Metro
Feb-2025,FY25,Noida,Uttar Pradesh,Meesho,22,25218,951,26,7,9,2,12.3,0,21.5,5.3,Non-Metro
Feb-2025,FY25,Nashik,Maharashtra,Amazon,113,171857,1555,147,32,42,13,12.1,4,38.8,5.8,Non-Metro
Feb-2025,FY25,Nashik,Maharashtra,Flipkart,111,111776,997,175,41,48,5,5.2,5,23.5,10.3,Non-Metro
Feb-2025,FY25,Nashik,Maharashtra,Ugaoo Website,77,69059,960,136,28,36,4,6.4,3,37.0,12.1,Non-Metro
Feb-2025,FY25,Nashik,Maharashtra,Blinkit,44,49612,1117,54,14,22,2,5.4,2,27.1,10.7,Non-Metro
Feb-2025,FY25,Nashik,Maharashtra,Zepto,45,52321,1070,75,14,18,5,12.8,2,20.7,6.8,Non-Metro
Feb-2025,FY25,Nashik,Maharashtra,Retail Store,117,178993,1545,174,34,58,10,9.3,3,37.1,14.4,Non-Metro
Feb-2025,FY25,Nashik,Maharashtra,Corporate Gifting,54,49175,968,95,10,18,5,10.9,2,27.2,8.5,Non-Metro
Feb-2025,FY25,Nashik,Maharashtra,Meesho,22,25401,1188,36,4,10,2,10.5,0,40.0,8.1,Non-Metro
Feb-2025,FY25,Bhopal,Madhya Pradesh,Amazon,152,173275,1162,261,49,65,13,8.7,6,43.1,17.1,Non-Metro
Feb-2025,FY25,Bhopal,Madhya Pradesh,Flipkart,127,174834,1366,153,39,52,14,11.1,7,20.1,9.0,Non-Metro
Feb-2025,FY25,Bhopal,Madhya Pradesh,Ugaoo Website,44,55851,1379,77,17,20,4,10.6,2,36.4,13.1,Non-Metro
Feb-2025,FY25,Bhopal,Madhya Pradesh,Blinkit,42,41550,1075,56,14,20,4,11.6,2,34.6,6.0,Non-Metro
Feb-2025,FY25,Bhopal,Madhya Pradesh,Zepto,36,35477,974,58,14,13,2,7.2,1,26.4,7.4,Non-Metro
Feb-2025,FY25,Bhopal,Madhya Pradesh,Retail Store,113,125481,1144,196,42,40,8,7.8,2,34.4,14.7,Non-Metro
Feb-2025,FY25,Bhopal,Madhya Pradesh,Corporate Gifting,46,60311,1412,64,8,18,4,10.8,2,44.2,15.5,Non-Metro
Feb-2025,FY25,Bhopal,Madhya Pradesh,Meesho,12,17970,1574,16,4,4,1,12.4,0,37.7,12.6,Non-Metro
Feb-2025,FY25,Indore,Madhya Pradesh,Amazon,120,158793,1361,167,25,48,11,9.4,4,20.4,8.2,Non-Metro
Feb-2025,FY25,Indore,Madhya Pradesh,Flipkart,81,105998,1261,99,19,30,8,10.1,3,26.2,9.6,Non-Metro
Feb-2025,FY25,Indore,Madhya Pradesh,Ugaoo Website,100,88803,932,166,33,46,10,10.7,3,44.0,17.1,Non-Metro
Feb-2025,FY25,Indore,Madhya Pradesh,Blinkit,38,52495,1375,54,13,19,2,5.6,1,20.4,6.4,Non-Metro
Feb-2025,FY25,Indore,Madhya Pradesh,Zepto,45,54745,1287,69,9,14,3,8.4,2,43.5,14.7,Non-Metro
Feb-2025,FY25,Indore,Madhya Pradesh,Retail Store,77,78046,1002,126,14,27,9,11.9,3,30.8,10.6,Non-Metro
Feb-2025,FY25,Indore,Madhya Pradesh,Corporate Gifting,63,58473,947,98,15,34,3,5.7,2,18.9,6.6,Non-Metro
Feb-2025,FY25,Indore,Madhya Pradesh,Meesho,21,20511,862,37,4,7,2,10.0,0,20.2,19.5,Non-Metro
Mar-2025,FY25,Bengaluru,Karnataka,Amazon,2736,3348044,1223,3741,803,1132,311,11.4,88,44.0,13.4,Metro
Mar-2025,FY25,Bengaluru,Karnataka,Flipkart,2236,3430236,1536,3735,494,878,156,7.0,49,24.4,16.7,Metro
Mar-2025,FY25,Bengaluru,Karnataka,Ugaoo Website,1819,2372061,1304,2293,651,708,161,8.9,40,20.3,12.7,Metro
Mar-2025,FY25,Bengaluru,Karnataka,Blinkit,1093,1339013,1229,1955,423,403,96,8.8,60,25.1,10.8,Metro
Mar-2025,FY25,Bengaluru,Karnataka,Zepto,888,1213577,1364,1192,196,324,107,12.1,30,19.6,14.2,Metro
Mar-2025,FY25,Bengaluru,Karnataka,Retail Store,2972,4392022,1477,3463,1012,1099,208,7.0,108,41.2,12.9,Metro
Mar-2025,FY25,Bengaluru,Karnataka,Corporate Gifting,1420,1556881,1097,2415,374,634,183,12.9,74,22.5,14.3,Metro
Mar-2025,FY25,Bengaluru,Karnataka,Meesho,337,391692,1149,549,104,106,23,7.0,17,33.4,13.2,Metro
Mar-2025,FY25,Mumbai,Maharashtra,Amazon,2033,2830228,1392,3579,828,908,243,12.0,40,34.9,9.4,Metro
Mar-2025,FY25,Mumbai,Maharashtra,Flipkart,1542,1888931,1226,2333,280,772,94,6.1,82,43.0,18.6,Metro
Mar-2025,FY25,Mumbai,Maharashtra,Ugaoo Website,1810,1727967,954,2650,460,890,137,7.6,90,29.3,17.9,Metro
Mar-2025,FY25,Mumbai,Maharashtra,Blinkit,822,1298860,1578,1209,283,347,87,10.6,42,26.9,14.0,Metro
Mar-2025,FY25,Mumbai,Maharashtra,Zepto,1026,1564850,1528,1686,375,557,67,6.6,61,30.2,17.8,Metro
Mar-2025,FY25,Mumbai,Maharashtra,Retail Store,1844,1781453,966,3291,449,929,219,11.9,102,37.1,6.1,Metro
Mar-2025,FY25,Mumbai,Maharashtra,Corporate Gifting,1076,1056997,984,1457,298,428,67,6.3,38,42.7,16.0,Metro
Mar-2025,FY25,Mumbai,Maharashtra,Meesho,317,398885,1266,485,96,114,23,7.5,16,25.9,11.8,Metro
Mar-2025,FY25,Delhi,Delhi,Amazon,1724,2210621,1283,2304,577,518,177,10.3,65,44.6,12.2,Metro
Mar-2025,FY25,Delhi,Delhi,Flipkart,1567,2362983,1507,2511,520,817,95,6.1,45,21.7,15.3,Metro
Mar-2025,FY25,Delhi,Delhi,Ugaoo Website,843,1102376,1302,1189,344,400,96,11.5,32,41.9,19.0,Metro
Mar-2025,FY25,Delhi,Delhi,Blinkit,575,705132,1233,784,226,311,35,6.1,28,18.6,9.0,Metro
Mar-2025,FY25,Delhi,Delhi,Zepto,450,671409,1486,701,141,145,55,12.3,25,21.3,11.5,Metro
Mar-2025,FY25,Delhi,Delhi,Retail Store,1216,1592822,1308,1440,492,523,80,6.6,57,34.8,14.5,Metro
Mar-2025,FY25,Delhi,Delhi,Corporate Gifting,689,617575,898,878,190,297,77,11.2,33,38.4,16.6,Metro
Mar-2025,FY25,Delhi,Delhi,Meesho,289,287273,1005,345,80,146,17,6.1,10,34.3,12.7,Metro
Mar-2025,FY25,Pune,Maharashtra,Amazon,1516,2317667,1531,1951,472,589,178,11.8,72,29.1,10.6,Metro
Mar-2025,FY25,Pune,Maharashtra,Flipkart,970,1139283,1179,1091,222,512,78,8.1,51,41.3,18.5,Metro
Mar-2025,FY25,Pune,Maharashtra,Ugaoo Website,865,897852,1039,1496,181,423,76,8.9,46,27.7,10.0,Metro
Mar-2025,FY25,Pune,Maharashtra,Blinkit,468,469049,1011,796,164,175,53,11.4,21,34.7,14.3,Metro
Mar-2025,FY25,Pune,Maharashtra,Zepto,318,270622,865,433,73,104,33,10.4,9,29.8,13.7,Metro
Mar-2025,FY25,Pune,Maharashtra,Retail Store,858,1272556,1488,1413,310,469,57,6.7,24,29.2,9.1,Metro
Mar-2025,FY25,Pune,Maharashtra,Corporate Gifting,559,671064,1208,619,117,268,32,5.9,15,40.7,10.0,Metro
Mar-2025,FY25,Pune,Maharashtra,Meesho,197,232943,1187,265,63,62,10,5.3,6,45.0,14.9,Metro
Mar-2025,FY25,Hyderabad,Telangana,Amazon,1192,1193782,1001,1371,367,402,97,8.2,40,41.2,17.1,Metro
Mar-2025,FY25,Hyderabad,Telangana,Flipkart,549,841059,1535,760,156,294,31,5.7,29,32.1,9.8,Metro
Mar-2025,FY25,Hyderabad,Telangana,Ugaoo Website,724,805723,1106,1092,211,225,54,7.5,17,42.7,11.8,Metro
Mar-2025,FY25,Hyderabad,Telangana,Blinkit,303,257534,861,528,109,116,22,7.4,16,31.4,9.3,Metro
Mar-2025,FY25,Hyderabad,Telangana,Zepto,258,238040,929,389,50,140,30,11.7,13,26.2,12.0,Metro
Mar-2025,FY25,Hyderabad,Telangana,Retail Store,1006,1532169,1525,1671,203,397,89,8.9,35,40.6,19.9,Metro
Mar-2025,FY25,Hyderabad,Telangana,Corporate Gifting,367,318101,859,640,144,122,34,9.3,15,35.4,17.7,Metro
Mar-2025,FY25,Hyderabad,Telangana,Meesho,158,244116,1555,196,56,78,16,10.5,4,35.6,6.3,Metro
Mar-2025,FY25,Chennai,Tamil Nadu,Amazon,740,773137,1050,1025,233,269,39,5.3,41,43.2,12.0,Non-Metro
Mar-2025,FY25,Chennai,Tamil Nadu,Flipkart,693,606580,870,1171,212,356,67,9.7,14,34.9,9.3,Non-Metro
Mar-2025,FY25,Chennai,Tamil Nadu,Ugaoo Website,333,384752,1143,437,96,120,30,9.1,18,43.7,16.4,Non-Metro
Mar-2025,FY25,Chennai,Tamil Nadu,Blinkit,262,342181,1324,462,77,114,24,9.3,8,35.7,8.4,Non-Metro
Mar-2025,FY25,Chennai,Tamil Nadu,Zepto,280,380363,1366,492,87,118,26,9.3,7,31.5,18.1,Non-Metro
Mar-2025,FY25,Chennai,Tamil Nadu,Retail Store,514,770307,1498,635,139,236,43,8.5,20,44.3,5.0,Non-Metro
Mar-2025,FY25,Chennai,Tamil Nadu,Corporate Gifting,343,298499,872,574,99,153,33,9.8,10,20.9,8.2,Non-Metro
Mar-2025,FY25,Chennai,Tamil Nadu,Meesho,148,209244,1446,216,57,74,12,8.6,3,23.1,15.1,Non-Metro
Mar-2025,FY25,Kolkata,West Bengal,Amazon,693,846021,1219,1117,242,378,53,7.7,35,32.3,14.9,Non-Metro
Mar-2025,FY25,Kolkata,West Bengal,Flipkart,455,616640,1365,779,131,142,42,9.4,19,27.8,9.4,Non-Metro
Mar-2025,FY25,Kolkata,West Bengal,Ugaoo Website,280,322806,1160,311,96,114,28,10.2,13,33.4,14.4,Non-Metro
Mar-2025,FY25,Kolkata,West Bengal,Blinkit,239,328533,1384,332,55,94,26,11.2,12,36.3,9.9,Non-Metro
Mar-2025,FY25,Kolkata,West Bengal,Zepto,188,184240,999,305,69,102,15,8.3,6,21.4,11.9,Non-Metro
Mar-2025,FY25,Kolkata,West Bengal,Retail Store,374,410514,1089,645,98,190,44,11.9,21,25.7,5.7,Non-Metro
Mar-2025,FY25,Kolkata,West Bengal,Corporate Gifting,213,241230,1143,309,64,113,18,8.7,8,37.9,12.5,Non-Metro
Mar-2025,FY25,Kolkata,West Bengal,Meesho,53,82991,1549,71,20,24,4,8.5,1,36.2,17.3,Non-Metro
Mar-2025,FY25,Ahmedabad,Gujarat,Amazon,334,390961,1164,395,110,123,37,11.3,13,22.3,15.4,Non-Metro
Mar-2025,FY25,Ahmedabad,Gujarat,Flipkart,315,470700,1484,473,129,125,21,6.7,6,35.5,18.5,Non-Metro
Mar-2025,FY25,Ahmedabad,Gujarat,Ugaoo Website,143,164896,1166,166,56,64,9,6.3,3,37.9,7.1,Non-Metro
Mar-2025,FY25,Ahmedabad,Gujarat,Blinkit,144,191229,1304,247,49,53,8,6.0,7,18.0,7.7,Non-Metro
Mar-2025,FY25,Ahmedabad,Gujarat,Zepto,150,227616,1494,238,39,72,16,11.2,3,37.7,11.9,Non-Metro
Mar-2025,FY25,Ahmedabad,Gujarat,Retail Store,305,333114,1092,392,72,102,32,10.6,8,26.2,9.3,Non-Metro
Mar-2025,FY25,Ahmedabad,Gujarat,Corporate Gifting,152,204153,1334,177,45,72,19,12.9,8,44.9,10.0,Non-Metro
Mar-2025,FY25,Ahmedabad,Gujarat,Meesho,48,58172,1302,79,12,16,4,9.1,1,28.6,7.3,Non-Metro
Mar-2025,FY25,Jaipur,Rajasthan,Amazon,289,376832,1294,472,85,143,36,12.6,12,28.5,11.1,Non-Metro
Mar-2025,FY25,Jaipur,Rajasthan,Flipkart,273,261153,948,411,51,94,24,8.9,7,37.2,6.6,Non-Metro
Mar-2025,FY25,Jaipur,Rajasthan,Ugaoo Website,169,254634,1535,284,62,60,21,13.0,6,21.3,19.0,Non-Metro
Mar-2025,FY25,Jaipur,Rajasthan,Blinkit,86,136613,1550,110,24,38,8,9.9,3,41.4,10.9,Non-Metro
Mar-2025,FY25,Jaipur,Rajasthan,Zepto,97,146067,1537,122,22,51,7,8.0,2,23.1,6.3,Non-Metro
Mar-2025,FY25,Jaipur,Rajasthan,Retail Store,230,313075,1371,294,46,91,26,11.6,4,23.0,15.6,Non-Metro
Mar-2025,FY25,Jaipur,Rajasthan,Corporate Gifting,106,158770,1451,153,35,33,9,8.5,5,28.5,9.0,Non-Metro
Mar-2025,FY25,Jaipur,Rajasthan,Meesho,31,33421,1142,34,12,12,2,7.6,1,42.3,14.3,Non-Metro
Mar-2025,FY25,Gurgaon,Haryana,Amazon,235,282407,1182,351,61,117,29,12.5,7,26.9,6.8,Non-Metro
Mar-2025,FY25,Gurgaon,Haryana,Flipkart,183,174105,962,229,72,64,17,9.7,9,27.6,5.2,Non-Metro
Mar-2025,FY25,Gurgaon,Haryana,Ugaoo Website,135,192757,1409,242,47,65,12,9.1,6,39.5,16.2,Non-Metro
Mar-2025,FY25,Gurgaon,Haryana,Blinkit,94,123574,1271,111,36,28,7,7.6,1,19.5,14.2,Non-Metro
Mar-2025,FY25,Gurgaon,Haryana,Zepto,90,112965,1206,141,25,42,10,12.0,4,44.9,8.2,Non-Metro
Mar-2025,FY25,Gurgaon,Haryana,Retail Store,264,225557,870,355,97,127,34,13.0,14,40.4,14.7,Non-Metro
Mar-2025,FY25,Gurgaon,Haryana,Corporate Gifting,102,166588,1586,141,30,55,8,8.2,2,20.4,8.0,Non-Metro
Mar-2025,FY25,Gurgaon,Haryana,Meesho,29,30475,1083,46,5,15,1,5.1,1,42.0,16.8,Non-Metro
Mar-2025,FY25,Noida,Uttar Pradesh,Amazon,105,161071,1530,160,32,51,7,7.6,2,35.9,17.9,Non-Metro
Mar-2025,FY25,Noida,Uttar Pradesh,Flipkart,88,92725,1038,151,25,46,7,8.0,2,19.1,12.1,Non-Metro
Mar-2025,FY25,Noida,Uttar Pradesh,Ugaoo Website,100,122602,1201,111,22,45,12,12.7,3,18.7,11.1,Non-Metro
Mar-2025,FY25,Noida,Uttar Pradesh,Blinkit,35,38768,1201,60,12,11,4,11.6,0,31.9,19.1,Non-Metro
Mar-2025,FY25,Noida,Uttar Pradesh,Zepto,41,51520,1345,57,11,17,2,5.1,1,32.3,17.5,Non-Metro
Mar-2025,FY25,Noida,Uttar Pradesh,Retail Store,100,96964,964,125,28,43,8,8.7,4,28.6,15.1,Non-Metro
Mar-2025,FY25,Noida,Uttar Pradesh,Corporate Gifting,52,60786,1166,83,14,20,2,5.6,1,29.7,18.2,Non-Metro
Mar-2025,FY25,Noida,Uttar Pradesh,Meesho,15,19143,1122,21,3,4,0,6.1,0,39.5,8.0,Non-Metro
Mar-2025,FY25,Nashik,Maharashtra,Amazon,132,121873,938,206,55,46,6,5.2,4,26.3,5.0,Non-Metro
Mar-2025,FY25,Nashik,Maharashtra,Flipkart,123,141476,1177,168,37,44,8,6.6,6,31.2,19.9,Non-Metro
Mar-2025,FY25,Nashik,Maharashtra,Ugaoo Website,79,113074,1389,134,20,30,8,11.0,3,19.4,17.3,Non-Metro
Mar-2025,FY25,Nashik,Maharashtra,Blinkit,39,52156,1453,51,9,15,2,7.2,1,36.0,10.2,Non-Metro
Mar-2025,FY25,Nashik,Maharashtra,Zepto,31,34374,1049,35,11,10,3,12.7,0,32.1,14.2,Non-Metro
Mar-2025,FY25,Nashik,Maharashtra,Retail Store,146,163840,1135,206,59,78,7,5.0,5,44.1,10.4,Non-Metro
Mar-2025,FY25,Nashik,Maharashtra,Corporate Gifting,47,66432,1370,64,15,21,5,11.6,1,43.2,6.5,Non-Metro
Mar-2025,FY25,Nashik,Maharashtra,Meesho,20,32110,1535,25,5,7,1,6.2,0,29.2,9.9,Non-Metro
Mar-2025,FY25,Bhopal,Madhya Pradesh,Amazon,139,187513,1336,187,54,61,13,9.5,6,29.9,18.9,Non-Metro
Mar-2025,FY25,Bhopal,Madhya Pradesh,Flipkart,115,107190,889,138,44,57,7,6.3,2,32.6,8.7,Non-Metro
Mar-2025,FY25,Bhopal,Madhya Pradesh,Ugaoo Website,79,108169,1405,111,19,35,5,7.2,2,43.2,17.9,Non-Metro
Mar-2025,FY25,Bhopal,Madhya Pradesh,Blinkit,38,45198,1277,43,9,11,3,9.9,2,25.9,16.9,Non-Metro
Mar-2025,FY25,Bhopal,Madhya Pradesh,Zepto,28,29269,889,37,8,13,3,11.6,0,45.0,12.3,Non-Metro
Mar-2025,FY25,Bhopal,Madhya Pradesh,Retail Store,98,146108,1525,109,29,48,5,5.8,2,38.1,19.3,Non-Metro
Mar-2025,FY25,Bhopal,Madhya Pradesh,Corporate Gifting,40,31284,857,63,14,16,2,5.7,1,21.8,19.7,Non-Metro
Mar-2025,FY25,Bhopal,Madhya Pradesh,Meesho,16,23740,1535,20,4,8,1,8.7,0,24.5,17.8,Non-Metro
Mar-2025,FY25,Indore,Madhya Pradesh,Amazon,138,156556,1162,205,34,49,10,7.8,4,37.4,19.3,Non-Metro
Mar-2025,FY25,Indore,Madhya Pradesh,Flipkart,102,101659,988,174,29,35,9,9.5,5,23.2,12.0,Non-Metro
Mar-2025,FY25,Indore,Madhya Pradesh,Ugaoo Website,89,137351,1559,150,19,48,9,10.6,3,27.2,9.4,Non-Metro
Mar-2025,FY25,Indore,Madhya Pradesh,Blinkit,40,33121,950,63,10,19,4,10.1,0,24.4,5.1,Non-Metro
Mar-2025,FY25,Indore,Madhya Pradesh,Zepto,43,44831,1045,61,11,18,2,6.5,1,36.1,13.5,Non-Metro
Mar-2025,FY25,Indore,Madhya Pradesh,Retail Store,74,79605,1053,84,27,23,4,5.6,3,36.0,7.5,Non-Metro
Mar-2025,FY25,Indore,Madhya Pradesh,Corporate Gifting,41,37834,957,64,15,13,4,11.6,1,32.1,17.2,Non-Metro
Mar-2025,FY25,Indore,Madhya Pradesh,Meesho,18,24262,1537,26,4,5,1,7.5,1,31.2,11.7,Non-Metro
